seed,topology,delta0,fitted_rate,design_rate,ratio_fitted_over_design,r2,n_points
42,fixed,0.85,8.9927,7.2,1.249,1.0,151
42,switching,0.85,2.7296,0.7623,3.5807,0.99966,151
43,fixed,0.85,8.8995,7.2,1.236,1.0,151
43,switching,0.85,2.6101,0.7623,3.4239,0.99961,151
44,fixed,0.85,8.5705,7.2,1.1903,1.0,151
44,switching,0.85,2.7122,0.7623,3.5579,0.99959,151
45,fixed,0.85,8.6355,7.2,1.1994,1.0,151
45,switching,0.85,2.5127,0.7623,3.2962,0.9997,151
123,fixed,0.85,8.4229,7.2,1.1699,1.0,151
123,switching,0.85,2.4084,0.7623,3.1593,0.99971,151
124,fixed,0.85,9.6564,7.2,1.3412,1.0,151
124,switching,0.85,2.8605,0.7623,3.7524,0.99964,151
125,fixed,0.85,8.8048,7.2,1.2229,1.0,151
125,switching,0.85,2.6996,0.7623,3.5414,0.99972,151
126,fixed,0.85,9.3953,7.2,1.3049,1.0,151
126,switching,0.85,2.1814,0.7623,2.8615,0.9996,151
256,fixed,0.85,8.7755,7.2,1.2188,1.0,151
256,switching,0.85,3.0024,0.7623,3.9385,0.99971,151
257,fixed,0.85,8.6509,7.2,1.2015,1.0,151
257,switching,0.85,2.6423,0.7623,3.4662,0.9996,151
258,fixed,0.85,9.5575,7.2,1.3274,1.0,151
258,switching,0.85,2.4958,0.7623,3.274,0.99967,151
259,fixed,0.85,8.6382,7.2,1.1997,1.0,151
259,switching,0.85,2.5123,0.7623,3.2956,0.9996,151
512,fixed,0.85,9.2592,7.2,1.286,1.0,151
512,switching,0.85,3.0765,0.7623,4.0358,0.9997,151
513,fixed,0.85,8.993,7.2,1.249,1.0,151
513,switching,0.85,2.5964,0.7623,3.4059,0.99969,151
514,fixed,0.85,8.856,7.2,1.23,1.0,151
514,switching,0.85,2.8861,0.7623,3.786,0.99966,151
515,fixed,0.85,8.8841,7.2,1.2339,1.0,151
515,switching,0.85,2.1694,0.7623,2.8459,0.99965,151
1024,fixed,0.85,8.4729,7.2,1.1768,1.0,151
1024,switching,0.85,2.3768,0.7623,3.1179,0.9996,151
1025,fixed,0.85,8.8122,7.2,1.2239,1.0,151
1025,switching,0.85,2.7712,0.7623,3.6352,0.99972,151
1026,fixed,0.85,9.3374,7.2,1.2969,1.0,151
1026,switching,0.85,2.3474,0.7623,3.0794,0.99967,151
1027,fixed,0.85,8.9055,7.2,1.2369,1.0,151
1027,switching,0.85,2.5017,0.7623,3.2818,0.9997,151
