seed,r0,max_ratio,final_residual,ratio_lt_1em3,iterations
42,12.5,0.0003666,2.71e-27,1,8
43,12.5,0.0003851,2.667e-27,1,8
44,12.5,0.0003741,2.5419999999999998e-27,1,8
45,12.5,0.0003728,3.805e-27,1,8
123,12.5,0.0003654,2.734e-27,1,8
124,12.5,0.0003748,2.794e-27,1,8
125,12.5,0.0003764,2.895e-27,1,8
126,12.5,0.0003762,2.7009999999999998e-27,1,8
256,12.5,0.0003775,2.878e-27,1,8
257,12.5,0.000386,3.1309999999999998e-27,1,8
258,12.5,0.0003808,2.781e-27,1,8
259,12.5,0.0003666,2.7000000000000002e-27,1,8
512,12.5,0.0003678,2.256e-27,1,8
513,12.5,0.0003585,2.336e-27,1,8
514,12.5,0.0003735,2.6600000000000003e-27,1,8
515,12.5,0.0003858,3.002e-27,1,8
1024,12.5,0.0003826,3.554e-27,1,8
1025,12.5,0.0003782,2.702e-27,1,8
1026,12.5,0.0003737,3.0789999999999998e-27,1,8
1027,12.5,0.000385,3.132e-27,1,8
