seed,sigma,marginal,first_exit,chernoff_bound,n_paths
42,0.5,0.008046,0.260535,0.0773,5000
43,0.5,0.005001,0.247883,0.0773,5000
44,0.5,0.0087,0.277418,0.0773,5000
45,0.5,0.0076,0.254108,0.0773,5000
123,0.5,0.006822,0.264578,0.0773,5000
124,0.5,0.007505,0.26846,0.0773,5000
125,0.5,0.007067,0.260136,0.0773,5000
126,0.5,0.006011,0.262252,0.0773,5000
256,0.5,0.006017,0.250109,0.0773,5000
257,0.5,0.007257,0.251589,0.0773,5000
258,0.5,0.007643,0.284912,0.0773,5000
259,0.5,0.007145,0.282864,0.0773,5000
512,0.5,0.007873,0.278637,0.0773,5000
513,0.5,0.008423,0.276406,0.0773,5000
514,0.5,0.008014,0.267029,0.0773,5000
515,0.5,0.009517,0.278439,0.0773,5000
1024,0.5,0.008034,0.267309,0.0773,5000
1025,0.5,0.009258,0.252395,0.0773,5000
1026,0.5,0.005459,0.270625,0.0773,5000
1027,0.5,0.008609,0.284314,0.0773,5000
