seed,lambda_bar_2,K_gain,ergodic_bound_K_lambda_bar,observed_rate,ratio_observed_over_bound
42,0.977982,0.8,0.782386,2.66079,3.40086
43,0.944065,0.8,0.755252,2.56718,3.3991
44,0.962152,0.8,0.769722,2.62616,3.41183
45,0.954317,0.8,0.763454,2.61965,3.43132
123,0.920025,0.8,0.73602,2.50892,3.40876
124,0.933616,0.8,0.746893,2.54389,3.40596
125,0.94309,0.8,0.754472,2.57161,3.40849
126,0.948153,0.8,0.758522,2.55737,3.37152
256,0.932292,0.8,0.745834,2.56636,3.44093
257,0.912049,0.8,0.729639,2.50542,3.43378
258,0.923843,0.8,0.739074,2.52207,3.41247
259,0.985524,0.8,0.788419,2.69143,3.41371
512,0.964114,0.8,0.771291,2.64759,3.43267
513,0.993647,0.8,0.794918,2.75494,3.46569
514,0.946949,0.8,0.757559,2.56883,3.39093
515,0.966371,0.8,0.773097,2.58818,3.34781
1024,0.943748,0.8,0.754998,2.59132,3.43222
1025,0.987922,0.8,0.790338,2.68453,3.39668
1026,0.927738,0.8,0.74219,2.54911,3.43458
1027,0.992403,0.8,0.793922,2.76339,3.48068
