ti_pct,method,mean_s,std_s,ci95_low,ci95_high,published_mean,published_std
12,greedy,2503.195,157.3,2429.6,2576.8,2503.2,157.3
12,cofly,919.7699,84.7,880.1,959.4,919.8,84.7
18,greedy,2583.2001,162.255,2507.3,2659.1,2583.2,162.3
18,cofly,938.225,73.8226,903.7,972.8,938.2,73.8
25,greedy,2676.4998,168.1549,2597.8,2755.2,2676.5,168.2
25,cofly,971.8999,76.4936,936.1,1007.7,971.9,76.5
35,greedy,2809.9001,176.5549,2727.3,2892.5,2809.9,176.6
35,cofly,1035.275,98.3945,989.2,1081.3,1035.3,98.4
50,greedy,3009.9001,189.155,2921.4,3098.4,3009.9,189.2
50,cofly,1090.3735,89.8551,1048.3,1132.4,1090.4,89.9
