n_uav,method,mean_s,std_s,ci95_low,ci95_high,published_mean,published_std,published_ci_low,published_ci_high
2,greedy,2539.0,149.955,2468.8,2609.2,2539.0,150.0,,
2,hungarian,2184.5999,119.9549,2128.5,2240.7,2184.6,120.0,,
2,marl,2162.4,117.955,2107.2,2217.6,2162.4,118.0,,
2,cofly,2160.425,59.0795,2132.8,2188.1,2160.4,59.1,2132.8,2188.1
4,greedy,2536.5,147.9549,2467.3,2605.7,2536.5,148.0,,
4,hungarian,1289.8,94.955,1245.4,1334.2,1289.8,95.0,,
4,marl,1266.3,91.955,1223.3,1309.3,1266.3,92.0,,
4,cofly,1220.4385,29.7495,1206.5,1234.4,1220.4,29.7,1206.5,1234.4
6,greedy,2503.195,157.3,2429.6,2576.8,2503.2,157.3,,
6,hungarian,974.0051,77.8,937.6,1010.4,974.0,77.8,,
6,marl,964.941,80.2999,927.4,1002.5,964.9,80.3,,
6,cofly,919.7699,84.7,880.1,959.4,919.8,84.7,880.1,959.4
8,greedy,2497.4,149.9549,2427.2,2567.6,2497.4,150.0,,
8,hungarian,693.4999,59.9549,665.4,721.6,693.5,60.0,,
8,marl,690.0,57.9551,662.9,717.1,690.0,58.0,,
8,cofly,755.0999,45.0839,734.0,776.2,755.1,45.1,734.0,776.2
10,greedy,2497.6999,151.9549,2426.6,2568.8,2497.7,152.0,,
10,hungarian,675.5,54.955,649.8,701.2,675.5,55.0,,
10,marl,717.2001,59.9551,689.1,745.3,717.2,60.0,,
10,cofly,611.4999,56.3495,585.1,637.9,611.5,56.3,585.1,637.9
