method,energy_total_wh,energy_spread_wh,rotor_time_s,facade_time_s,published_total,published_spread,published_rotor,published_facade
greedy,32.4,20.0,2471.2474,31.9476,32.4,20.0,2471.2,31.9
centralised,33.4,5.2999,1076.7954,13.8956,33.4,5.3,1076.8,13.9
hungarian,39.3,2.6,961.6026,12.4024,39.3,2.6,961.6,12.4
marl,39.1,2.5,952.6204,12.3206,39.1,2.5,952.6,12.3
cbs,39.2,2.5999,960.9129,12.413,39.2,2.6,960.9,12.4
ecbs,33.8,3.3999,913.5824,11.7826,33.8,3.4,913.6,11.8
pbs,33.1001,13.2,1633.185,21.0851,33.1,13.2,1633.2,21.1
ot_auction,35.8,9.8,1388.7313,17.9316,35.8,9.8,1388.7,17.9
cofly,37.5,1.9999,908.035,11.735,37.5,2.0,908.0,11.7
