pkt_loss_pct,loss_mode,method,completion_pct,published
0,burst,greedy,99.8,99.8
0,burst,cofly,99.2001,99.2
0,independent,greedy,99.8,99.8
0,independent,cofly,99.2,99.2
10,burst,greedy,99.3,99.3
10,burst,cofly,99.0,99.0
10,independent,greedy,99.7,99.7
10,independent,cofly,98.5,98.5
20,burst,greedy,96.8,96.8
20,burst,cofly,94.5001,94.5
20,independent,greedy,96.7,96.7
20,independent,cofly,93.2,93.2
30,burst,greedy,89.8,89.8
30,burst,cofly,88.9999,89.0
30,independent,greedy,89.5,89.5
30,independent,cofly,87.8,87.8
40,burst,greedy,75.9999,76.0
40,burst,cofly,74.7,74.7
40,independent,greedy,74.7001,74.7
40,independent,cofly,70.3,70.3
50,burst,greedy,57.1999,57.2
50,burst,cofly,54.2,54.2
50,independent,greedy,55.5,55.5
50,independent,cofly,49.7,49.7
