run_id,method,condition,seed,base_seed,cluster,derived_index,n_uav,n_task,wind_ms,ti,pkt_loss,mixed,makespan,collisions,completion,realloc,energy_total,energy_spread,rotor_time,facade_time,n_turbines,loss_mode,variant,p_eff_pct,experiment,scene_id,eta_obs,eta_bound,simulator,testbed,config_hash,wall_s,solve_time_s,fallback
1101,cbs,main,42,42,0,0,6,30,8.0,0.12,0.3,1,966.018,0,86.016,0,38.511,2.621,953.417,12.601,,,,,,,,,,,8b2e4f19f309,1.1818,0.014,0
1102,cbs,main,43,42,0,1,6,30,8.0,0.12,0.3,1,863.728,0,88.8,0,37.84,2.737,851.954,11.774,,,,,,,,,,,f585ae887c7b,1.4036,0.0074,0
1103,cbs,main,44,42,0,2,6,30,8.0,0.12,0.3,1,955.717,0,89.875,0,39.793,2.788,942.597,13.12,,,,,,,,,,,6e6ba132f8c4,1.2715,0.0067,0
1104,cbs,main,45,42,0,3,6,30,8.0,0.12,0.3,1,1007.049,0,92.034,0,39.124,2.969,995.045,12.004,,,,,,,,,,,976c455d26d9,1.2706,0.0091,0
1105,cbs,main,123,123,1,0,6,30,8.0,0.12,0.3,1,986.348,0,86.019,0,39.635,1.698,973.507,12.841,,,,,,,,,,,2a71d792422f,1.3818,0.0067,0
1106,cbs,main,124,123,1,1,6,30,8.0,0.12,0.3,1,974.203,0,88.379,0,38.905,2.108,961.153,13.05,,,,,,,,,,,3f51fbb7ff8b,1.3311,0.0058,0
1107,cbs,main,125,123,1,2,6,30,8.0,0.12,0.3,1,1080.241,0,88.493,0,40.87,2.235,1067.911,12.33,,,,,,,,,,,0da69f1094e1,1.3908,0.0096,0
1108,cbs,main,126,123,1,3,6,30,8.0,0.12,0.3,1,924.574,0,91.286,0,37.778,3.32,912.631,11.943,,,,,,,,,,,5bf7d1728332,1.3267,0.0077,0
1109,cbs,main,256,256,2,0,6,30,8.0,0.12,0.3,1,919.514,0,91.766,0,37.79,1.782,907.382,12.132,,,,,,,,,,,8745be3fb5d1,1.4514,0.0063,0
1110,cbs,main,257,256,2,1,6,30,8.0,0.12,0.3,1,1113.353,0,89.0,0,38.427,3.244,1101.334,12.019,,,,,,,,,,,2588ebdfc96f,1.3885,0.011,0
1111,cbs,main,258,256,2,2,6,30,8.0,0.12,0.3,1,971.581,0,89.39,0,39.334,2.944,958.629,12.952,,,,,,,,,,,17084583ce47,1.2899,0.0052,0
1112,cbs,main,259,256,2,3,6,30,8.0,0.12,0.3,1,879.242,0,87.826,0,38.66,2.858,867.003,12.239,,,,,,,,,,,c075f71a2ce3,1.2157,0.014,0
1113,cbs,main,512,512,3,0,6,30,8.0,0.12,0.3,1,982.513,0,90.469,0,40.116,2.499,970.376,12.137,,,,,,,,,,,822b4a606769,1.2975,0.0114,0
1114,cbs,main,513,512,3,1,6,30,8.0,0.12,0.3,1,759.957,0,88.239,0,41.708,2.018,747.796,12.161,,,,,,,,,,,40799ebc7f36,1.3635,0.0063,0
1115,cbs,main,514,512,3,2,6,30,8.0,0.12,0.3,1,1077.601,0,87.094,0,40.131,2.68,1065.065,12.536,,,,,,,,,,,4a3777e60189,1.1621,0.014,0
1116,cbs,main,515,512,3,3,6,30,8.0,0.12,0.3,1,1018.782,0,89.573,0,36.951,2.53,1005.51,13.272,,,,,,,,,,,5966a8c1a5c8,1.44,0.0091,0
1117,cbs,main,1024,1024,4,0,6,30,8.0,0.12,0.3,1,958.33,0,86.786,0,38.892,3.199,946.372,11.958,,,,,,,,,,,4c05f7c704ca,1.3273,0.0064,0
1118,cbs,main,1025,1024,4,1,6,30,8.0,0.12,0.3,1,1008.439,0,87.083,0,40.693,3.016,996.071,12.368,,,,,,,,,,,7cc360b97768,1.1884,0.007,0
1119,cbs,main,1026,1024,4,2,6,30,8.0,0.12,0.3,1,987.126,0,89.718,0,38.641,2.412,974.735,12.391,,,,,,,,,,,671013f33a48,1.4983,0.0093,0
1120,cbs,main,1027,1024,4,3,6,30,8.0,0.12,0.3,1,1032.203,0,92.155,0,40.202,2.34,1019.77,12.433,,,,,,,,,,,809e1e3c703b,1.3481,0.008,0
1121,centralised,main,42,42,0,0,6,30,8.0,0.12,0.3,1,1301.191,0,90.668,1,35.015,5.378,1286.799,14.392,,,,,,,,,,,e505e8052afd,0.1948,0.0031,0
1122,centralised,main,43,42,0,1,6,30,8.0,0.12,0.3,1,1330.225,1,88.899,0,34.664,6.364,1316.383,13.842,,,,,,,,,,,46d9e28395c0,0.1802,0.0057,0
1123,centralised,main,44,42,0,2,6,30,8.0,0.12,0.3,1,1076.257,0,96.159,0,32.253,5.425,1061.982,14.275,,,,,,,,,,,47be421c26c9,0.1914,0.0044,0
1124,centralised,main,45,42,0,3,6,30,8.0,0.12,0.3,1,917.933,0,88.297,0,35.026,4.155,903.548,14.385,,,,,,,,,,,5020eb85db18,0.1809,0.0059,0
1125,centralised,main,123,123,1,0,6,30,8.0,0.12,0.3,1,1072.034,0,89.658,0,34.542,5.262,1057.956,14.078,,,,,,,,,,,fbcbb74ec7cf,0.1694,0.0084,0
1126,centralised,main,124,123,1,1,6,30,8.0,0.12,0.3,1,933.04,0,91.142,0,32.713,5.405,918.504,14.536,,,,,,,,,,,88ec6d8c8e8b,0.1787,0.0062,0
1127,centralised,main,125,123,1,2,6,30,8.0,0.12,0.3,1,1006.13,0,91.742,0,29.904,5.698,992.855,13.275,,,,,,,,,,,2bcc59409b38,0.1744,0.0066,0
1128,centralised,main,126,123,1,3,6,30,8.0,0.12,0.3,1,1136.707,0,91.863,0,33.683,7.373,1123.014,13.693,,,,,,,,,,,4826f73ef994,0.1879,0.0061,0
1129,centralised,main,256,256,2,0,6,30,8.0,0.12,0.3,1,1245.899,0,96.966,1,34.761,5.327,1231.457,14.442,,,,,,,,,,,6f47876417ca,0.1911,0.0051,0
1130,centralised,main,257,256,2,1,6,30,8.0,0.12,0.3,1,991.404,0,92.509,0,33.693,4.877,977.792,13.612,,,,,,,,,,,6cb24e7e1a79,0.1744,0.0039,0
1131,centralised,main,258,256,2,2,6,30,8.0,0.12,0.3,1,1077.127,0,95.693,0,32.599,4.998,1062.543,14.584,,,,,,,,,,,c2126f64ae29,0.1687,0.0036,0
1132,centralised,main,259,256,2,3,6,30,8.0,0.12,0.3,1,1018.119,0,91.991,0,34.516,5.505,1004.132,13.987,,,,,,,,,,,ed485a3f37ec,0.1797,0.0066,0
1133,centralised,main,512,512,3,0,6,30,8.0,0.12,0.3,1,1345.112,1,89.157,0,34.199,4.163,1330.956,14.156,,,,,,,,,,,2695e3f5c2f7,0.1816,0.0056,0
1134,centralised,main,513,512,3,1,6,30,8.0,0.12,0.3,1,909.087,0,92.485,0,31.126,5.046,895.836,13.251,,,,,,,,,,,a0cdb53b2c96,0.1671,0.0053,0
1135,centralised,main,514,512,3,2,6,30,8.0,0.12,0.3,1,1308.92,1,95.622,0,34.334,5.634,1295.146,13.774,,,,,,,,,,,edf4caf36294,0.2057,0.0132,0
1136,centralised,main,515,512,3,3,6,30,8.0,0.12,0.3,1,940.144,0,89.171,0,32.075,2.739,926.662,13.482,,,,,,,,,,,b88e6afef354,0.209,0.0067,0
1137,centralised,main,1024,1024,4,0,6,30,8.0,0.12,0.3,1,868.857,0,91.426,0,32.805,5.8,855.557,13.3,,,,,,,,,,,b9590ee87991,0.1824,0.0064,0
1138,centralised,main,1025,1024,4,1,6,30,8.0,0.12,0.3,1,945.58,0,88.762,0,34.767,5.971,931.586,13.994,,,,,,,,,,,f4a8577fd63c,0.1994,0.004,0
1139,centralised,main,1026,1024,4,2,6,30,8.0,0.12,0.3,1,1293.867,0,90.976,1,34.234,6.239,1279.867,14.0,,,,,,,,,,,ad75da8c347f,0.1938,0.0084,0
1140,centralised,main,1027,1024,4,3,6,30,8.0,0.12,0.3,1,1096.187,0,92.814,0,31.092,4.639,1083.333,12.854,,,,,,,,,,,bf1553cc60b8,0.1941,0.0072,0
1141,cofly,main,42,42,0,0,6,30,8.0,0.12,0.3,1,873.852,0,91.167,0,37.365,2.059,861.675,12.177,,,,,,,,,,,2ca3c847f415,0.6586,0.0264,0
1142,cofly,main,43,42,0,1,6,30,8.0,0.12,0.3,1,881.908,0,89.972,0,39.67,1.439,869.876,12.032,,,,,,,,,,,a4c0777cbfda,0.6469,0.023,0
1143,cofly,main,44,42,0,2,6,30,8.0,0.12,0.3,1,995.17,1,86.897,1,36.578,1.964,983.62,11.55,,,,,,,,,,,9ecaf4a000ee,0.6224,0.0256,0
1144,cofly,main,45,42,0,3,6,30,8.0,0.12,0.3,1,1025.183,1,89.786,0,38.556,2.658,1012.821,12.362,,,,,,,,,,,c0a96b653f6b,0.6732,0.0594,0
1145,cofly,main,123,123,1,0,6,30,8.0,0.12,0.3,1,863.503,0,86.649,0,38.697,2.849,851.383,12.12,,,,,,,,,,,7aba2789f38a,0.6662,0.0228,0
1146,cofly,main,124,123,1,1,6,30,8.0,0.12,0.3,1,911.095,0,91.327,1,39.413,2.115,899.275,11.819,,,,,,,,,,,5df350486288,0.5475,0.0279,0
1147,cofly,main,125,123,1,2,6,30,8.0,0.12,0.3,1,810.829,0,90.825,0,35.769,2.168,799.008,11.821,,,,,,,,,,,1a42a93866ff,0.67,0.0251,0
1148,cofly,main,126,123,1,3,6,30,8.0,0.12,0.3,1,971.61,0,83.369,1,38.07,1.641,959.902,11.708,,,,,,,,,,,ad70de137b9f,0.6209,0.0233,0
1149,cofly,main,256,256,2,0,6,30,8.0,0.12,0.3,1,976.241,0,93.809,1,35.195,1.953,965.047,11.194,,,,,,,,,,,40905d4fc1a8,0.6853,0.023,0
1150,cofly,main,257,256,2,1,6,30,8.0,0.12,0.3,1,1023.625,1,88.659,1,35.901,1.685,1011.78,11.844,,,,,,,,,,,add7e6f3b7ca,0.6636,0.016,0
1151,cofly,main,258,256,2,2,6,30,8.0,0.12,0.3,1,934.709,0,86.6,1,37.344,1.844,922.647,12.062,,,,,,,,,,,80fae9b49cdc,0.6537,0.0265,0
1152,cofly,main,259,256,2,3,6,30,8.0,0.12,0.3,1,1044.22,1,90.525,0,36.361,1.961,1032.137,12.083,,,,,,,,,,,8980ca334f94,0.6586,0.0306,0
1153,cofly,main,512,512,3,0,6,30,8.0,0.12,0.3,1,790.023,0,88.734,0,39.671,1.813,778.392,11.631,,,,,,,,,,,2371576f8bc1,0.6227,0.0237,0
1154,cofly,main,513,512,3,1,6,30,8.0,0.12,0.3,1,861.425,0,87.275,0,38.003,1.989,849.241,12.184,,,,,,,,,,,913f8a2fbd94,0.6517,0.0216,0
1155,cofly,main,514,512,3,2,6,30,8.0,0.12,0.3,1,909.958,0,90.285,0,38.14,2.048,898.267,11.691,,,,,,,,,,,6d75be989cd5,0.6769,0.0239,0
1156,cofly,main,515,512,3,3,6,30,8.0,0.12,0.3,1,884.677,0,88.464,0,38.601,1.77,872.787,11.89,,,,,,,,,,,53705954ca36,0.5594,0.0177,0
1157,cofly,main,1024,1024,4,0,6,30,8.0,0.12,0.3,1,875.186,0,86.716,0,36.814,2.06,863.816,11.369,,,,,,,,,,,b3ca17dbcab8,0.5874,0.0205,0
1158,cofly,main,1025,1024,4,1,6,30,8.0,0.12,0.3,1,894.365,0,89.047,0,34.221,1.432,883.162,11.203,,,,,,,,,,,e30dddc4da2e,0.636,0.0216,0
1159,cofly,main,1026,1024,4,2,6,30,8.0,0.12,0.3,1,785.778,0,90.458,0,38.285,2.026,774.826,10.952,,,,,,,,,,,a0a55e81fe27,0.5833,0.0189,0
1160,cofly,main,1027,1024,4,3,6,30,8.0,0.12,0.3,1,1082.044,1,89.434,0,37.345,2.524,1071.037,11.007,,,,,,,,,,,9d3ad56ac214,0.6925,0.0257,0
1161,ecbs,main,42,42,0,0,6,30,8.0,0.12,0.3,1,873.804,0,90.64,0,36.602,3.853,862.016,11.788,,,,,,,,,,,b9865caad852,0.9771,0.0038,0
1162,ecbs,main,43,42,0,1,6,30,8.0,0.12,0.3,1,871.522,0,91.339,0,36.101,4.22,859.205,12.317,,,,,,,,,,,14e34dd0ad47,0.8782,0.0047,0
1163,ecbs,main,44,42,0,2,6,30,8.0,0.12,0.3,1,1035.851,0,88.391,0,33.529,2.955,1024.604,11.247,,,,,,,,,,,cbb3c6a0bcad,1.1485,0.0066,0
1164,ecbs,main,45,42,0,3,6,30,8.0,0.12,0.3,1,997.518,0,93.249,0,34.857,3.083,985.156,12.362,,,,,,,,,,,f57680626d3d,0.8946,0.0041,0
1165,ecbs,main,123,123,1,0,6,30,8.0,0.12,0.3,1,842.849,0,93.647,0,34.268,3.468,831.719,11.13,,,,,,,,,,,0331a00018eb,1.0228,0.0038,0
1166,ecbs,main,124,123,1,1,6,30,8.0,0.12,0.3,1,854.667,0,90.085,0,33.673,4.673,842.713,11.953,,,,,,,,,,,96dd43a189c7,1.0286,0.0031,0
1167,ecbs,main,125,123,1,2,6,30,8.0,0.12,0.3,1,784.342,0,96.173,0,34.709,3.781,772.554,11.788,,,,,,,,,,,40e04c192fd6,0.8792,0.0055,0
1168,ecbs,main,126,123,1,3,6,30,8.0,0.12,0.3,1,966.411,0,93.811,0,34.781,3.086,954.642,11.769,,,,,,,,,,,7d7398c1d134,0.8619,0.0066,0
1169,ecbs,main,256,256,2,0,6,30,8.0,0.12,0.3,1,1024.75,0,95.967,0,33.3,3.927,1012.806,11.944,,,,,,,,,,,89fdd8af1e36,0.8088,0.0049,0
1170,ecbs,main,257,256,2,1,6,30,8.0,0.12,0.3,1,1104.742,0,90.479,0,31.775,3.582,1092.733,12.009,,,,,,,,,,,1f0ce6322111,1.0292,0.0065,0
1171,ecbs,main,258,256,2,2,6,30,8.0,0.12,0.3,1,949.721,0,93.965,0,35.348,3.629,937.521,12.201,,,,,,,,,,,c801ebb67f67,1.0028,0.014,0
1172,ecbs,main,259,256,2,3,6,30,8.0,0.12,0.3,1,1006.164,0,91.354,0,35.456,2.653,994.377,11.787,,,,,,,,,,,f06dbf75bb59,0.9057,0.0134,0
1173,ecbs,main,512,512,3,0,6,30,8.0,0.12,0.3,1,741.696,0,94.421,0,33.781,3.079,730.178,11.518,,,,,,,,,,,729486c2d0c5,1.0698,0.0042,0
1174,ecbs,main,513,512,3,1,6,30,8.0,0.12,0.3,1,866.52,0,92.129,0,33.852,4.009,855.159,11.361,,,,,,,,,,,902c024a43a1,0.9255,0.0064,0
1175,ecbs,main,514,512,3,2,6,30,8.0,0.12,0.3,1,971.35,0,89.732,0,30.331,2.798,960.158,11.192,,,,,,,,,,,bbd89e6a98c6,1.0043,0.0031,0
1176,ecbs,main,515,512,3,3,6,30,8.0,0.12,0.3,1,866.87,0,92.691,0,34.114,3.689,854.658,12.212,,,,,,,,,,,4420477d1ddd,0.9778,0.0033,0
1177,ecbs,main,1024,1024,4,0,6,30,8.0,0.12,0.3,1,900.592,0,94.796,0,31.093,2.131,889.087,11.506,,,,,,,,,,,a9e002f46629,0.8324,0.0107,0
1178,ecbs,main,1025,1024,4,1,6,30,8.0,0.12,0.3,1,908.436,0,91.737,0,32.645,2.875,897.149,11.287,,,,,,,,,,,df981399c7d0,1.0193,0.0047,0
1179,ecbs,main,1026,1024,4,2,6,30,8.0,0.12,0.3,1,740.381,0,93.738,0,33.312,2.866,727.882,12.499,,,,,,,,,,,8e30c4f6b2a8,0.7595,0.0056,0
1180,ecbs,main,1027,1024,4,3,6,30,8.0,0.12,0.3,1,1199.113,0,91.658,0,32.473,3.642,1187.331,11.782,,,,,,,,,,,4b2629e00f03,0.8929,0.0051,0
1181,greedy,main,42,42,0,0,6,30,8.0,0.12,0.3,1,2522.613,0,91.133,0,31.993,21.198,2490.957,31.656,,,,,,,,,,,111fd44a66a5,0.0881,0.0024,0
1182,greedy,main,43,42,0,1,6,30,8.0,0.12,0.3,1,2426.78,0,90.562,0,32.465,19.354,2394.985,31.796,,,,,,,,,,,7fde50271fc1,0.0857,0.0044,0
1183,greedy,main,44,42,0,2,6,30,8.0,0.12,0.3,1,2412.358,0,87.889,0,33.152,10.601,2381.086,31.272,,,,,,,,,,,f8981081b081,0.0798,0.0021,0
1184,greedy,main,45,42,0,3,6,30,8.0,0.12,0.3,1,2239.385,0,89.201,0,29.281,22.461,2208.769,30.616,,,,,,,,,,,306622230dce,0.0791,0.0024,0
1185,greedy,main,123,123,1,0,6,30,8.0,0.12,0.3,1,2566.311,0,91.207,0,33.597,21.645,2533.756,32.555,,,,,,,,,,,4acee28b0f51,0.0707,0.0024,0
1186,greedy,main,124,123,1,1,6,30,8.0,0.12,0.3,1,2631.735,0,91.921,0,32.703,20.581,2598.827,32.907,,,,,,,,,,,176742ef67c8,0.0836,0.003,0
1187,greedy,main,125,123,1,2,6,30,8.0,0.12,0.3,1,2662.301,0,86.125,0,31.082,19.004,2630.239,32.062,,,,,,,,,,,c66e2e9e5a78,0.0802,0.0032,0
1188,greedy,main,126,123,1,3,6,30,8.0,0.12,0.3,1,2408.312,0,93.883,0,34.296,14.623,2376.576,31.736,,,,,,,,,,,ac3234aa930d,0.0799,0.0021,0
1189,greedy,main,256,256,2,0,6,30,8.0,0.12,0.3,1,2390.898,0,88.987,0,32.312,26.399,2359.413,31.485,,,,,,,,,,,a85eefb45e26,0.0809,0.0031,0
1190,greedy,main,257,256,2,1,6,30,8.0,0.12,0.3,1,2388.434,0,89.972,0,30.715,19.153,2355.554,32.88,,,,,,,,,,,8b0a21a62f43,0.0732,0.0014,0
1191,greedy,main,258,256,2,2,6,30,8.0,0.12,0.3,1,2550.943,0,89.049,0,33.938,21.24,2520.297,30.645,,,,,,,,,,,9fc62cf5f347,0.0808,0.0023,0
1192,greedy,main,259,256,2,3,6,30,8.0,0.12,0.3,1,2313.425,0,90.008,0,34.661,20.933,2279.624,33.801,,,,,,,,,,,2adfc649815e,0.0768,0.0018,0
1193,greedy,main,512,512,3,0,6,30,8.0,0.12,0.3,1,2859.17,1,85.417,0,36.018,13.343,2827.12,32.05,,,,,,,,,,,17b5d21fb89a,0.0781,0.0017,0
1194,greedy,main,513,512,3,1,6,30,8.0,0.12,0.3,1,2658.029,0,89.983,1,31.171,24.44,2624.887,33.142,,,,,,,,,,,2f48ef7ba9b5,0.0799,0.0012,0
1195,greedy,main,514,512,3,2,6,30,8.0,0.12,0.3,1,2457.092,0,85.295,0,29.658,20.957,2425.803,31.289,,,,,,,,,,,30b1d576ead7,0.0785,0.0021,0
1196,greedy,main,515,512,3,3,6,30,8.0,0.12,0.3,1,2581.833,0,91.457,0,33.1,20.011,2552.352,29.481,,,,,,,,,,,9d73c46fb8fc,0.067,0.0029,0
1197,greedy,main,1024,1024,4,0,6,30,8.0,0.12,0.3,1,2566.226,0,90.42,0,32.925,22.322,2532.557,33.669,,,,,,,,,,,0f9d27425c32,0.0744,0.0016,0
1198,greedy,main,1025,1024,4,1,6,30,8.0,0.12,0.3,1,2531.325,0,88.549,0,32.323,21.618,2500.288,31.037,,,,,,,,,,,5e3726057b1f,0.0828,0.0015,0
1199,greedy,main,1026,1024,4,2,6,30,8.0,0.12,0.3,1,2669.029,0,90.653,0,32.299,20.149,2635.69,33.339,,,,,,,,,,,9446a99ed26c,0.0829,0.0017,0
1200,greedy,main,1027,1024,4,3,6,30,8.0,0.12,0.3,1,2227.702,0,94.29,0,30.311,19.968,2196.167,31.535,,,,,,,,,,,dbe1814598f6,0.0839,0.0018,0
1201,hungarian,main,42,42,0,0,6,30,8.0,0.12,0.3,1,1087.964,1,92.977,0,41.924,2.713,1075.614,12.35,,,,,,,,,,,60766c1001a4,0.218,0.0026,0
1202,hungarian,main,43,42,0,1,6,30,8.0,0.12,0.3,1,921.371,0,87.808,0,38.602,2.603,909.385,11.986,,,,,,,,,,,849798163f4d,0.2513,0.0051,0
1203,hungarian,main,44,42,0,2,6,30,8.0,0.12,0.3,1,987.792,0,87.128,0,38.902,2.763,975.614,12.178,,,,,,,,,,,90ef1e12a32c,0.2379,0.0036,0
1204,hungarian,main,45,42,0,3,6,30,8.0,0.12,0.3,1,932.726,0,87.143,0,37.064,1.84,920.414,12.312,,,,,,,,,,,c4daa4d0440f,0.2173,0.0034,0
1205,hungarian,main,123,123,1,0,6,30,8.0,0.12,0.3,1,944.809,0,86.367,0,39.473,2.583,932.504,12.305,,,,,,,,,,,3666de649c77,0.2508,0.0032,0
1206,hungarian,main,124,123,1,1,6,30,8.0,0.12,0.3,1,1073.508,1,86.41,0,38.329,2.806,1061.879,11.629,,,,,,,,,,,f6c5d306f3f3,0.2536,0.0038,0
1207,hungarian,main,125,123,1,2,6,30,8.0,0.12,0.3,1,1005.86,0,87.248,1,41.326,2.56,993.916,11.944,,,,,,,,,,,0d13885fc660,0.2658,0.0039,0
1208,hungarian,main,126,123,1,3,6,30,8.0,0.12,0.3,1,877.132,0,89.443,0,37.828,2.287,864.531,12.601,,,,,,,,,,,59d8908aa430,0.2246,0.0031,0
1209,hungarian,main,256,256,2,0,6,30,8.0,0.12,0.3,1,1073.096,1,86.682,0,40.987,2.5,1060.204,12.892,,,,,,,,,,,918cb7c77407,0.2262,0.0027,0
1210,hungarian,main,257,256,2,1,6,30,8.0,0.12,0.3,1,1003.597,0,87.785,0,38.681,2.551,990.37,13.227,,,,,,,,,,,0afcabc06846,0.2345,0.0031,0
1211,hungarian,main,258,256,2,2,6,30,8.0,0.12,0.3,1,829.84,0,87.558,0,39.427,2.18,817.037,12.803,,,,,,,,,,,f51edefa8d4c,0.2465,0.0033,0
1212,hungarian,main,259,256,2,3,6,30,8.0,0.12,0.3,1,984.631,0,90.115,0,37.216,3.052,971.235,13.396,,,,,,,,,,,1cb23669b2b3,0.2402,0.0057,0
1213,hungarian,main,512,512,3,0,6,30,8.0,0.12,0.3,1,937.521,0,93.002,0,40.274,1.637,925.533,11.989,,,,,,,,,,,e1f586167555,0.2325,0.0029,0
1214,hungarian,main,513,512,3,1,6,30,8.0,0.12,0.3,1,884.466,0,84.637,0,40.383,2.551,872.484,11.982,,,,,,,,,,,7e3a1af44587,0.2176,0.0028,0
1215,hungarian,main,514,512,3,2,6,30,8.0,0.12,0.3,1,879.587,0,90.266,0,40.351,2.363,867.073,12.514,,,,,,,,,,,fc3f78027ec3,0.2305,0.0038,0
1216,hungarian,main,515,512,3,3,6,30,8.0,0.12,0.3,1,1065.796,1,88.608,1,39.003,3.231,1053.599,12.197,,,,,,,,,,,2a44738e7bd5,0.2788,0.0038,0
1217,hungarian,main,1024,1024,4,0,6,30,8.0,0.12,0.3,1,1060.767,0,89.823,1,39.056,3.673,1048.401,12.366,,,,,,,,,,,2629f88c87e1,0.2738,0.0035,0
1218,hungarian,main,1025,1024,4,1,6,30,8.0,0.12,0.3,1,1054.205,0,86.032,1,39.907,2.878,1041.781,12.424,,,,,,,,,,,dbf5ebd5240a,0.2125,0.0042,0
1219,hungarian,main,1026,1024,4,2,6,30,8.0,0.12,0.3,1,911.953,0,88.625,0,38.879,3.059,899.523,12.43,,,,,,,,,,,173a17258719,0.2247,0.0036,0
1220,hungarian,main,1027,1024,4,3,6,30,8.0,0.12,0.3,1,963.48,0,86.342,0,38.388,2.169,950.955,12.524,,,,,,,,,,,ffa81ba7f157,0.2675,0.003,0
1221,marl,main,42,42,0,0,6,30,8.0,0.12,0.3,1,1097.742,1,92.301,0,41.133,2.696,1085.657,12.085,,,,,,,,,,,0f1328bfb12d,0.2997,0.0079,0
1222,marl,main,43,42,0,1,6,30,8.0,0.12,0.3,1,873.754,0,92.849,0,39.25,2.339,861.559,12.195,,,,,,,,,,,4c3fff58ddda,0.2868,0.0101,0
1223,marl,main,44,42,0,2,6,30,8.0,0.12,0.3,1,985.201,1,91.366,1,38.329,2.864,971.887,13.314,,,,,,,,,,,9ea74f56648a,0.2466,0.0098,0
1224,marl,main,45,42,0,3,6,30,8.0,0.12,0.3,1,1081.527,1,88.734,0,37.611,2.388,1069.568,11.959,,,,,,,,,,,7dbb07e437b6,0.2369,0.0065,0
1225,marl,main,123,123,1,0,6,30,8.0,0.12,0.3,1,1012.579,1,88.46,1,37.907,2.555,1000.724,11.855,,,,,,,,,,,ffbf2118d26b,0.2824,0.0135,0
1226,marl,main,124,123,1,1,6,30,8.0,0.12,0.3,1,963.718,0,91.197,0,38.752,2.565,951.322,12.396,,,,,,,,,,,c815c6dad399,0.3226,0.0107,0
1227,marl,main,125,123,1,2,6,30,8.0,0.12,0.3,1,982.16,0,88.487,1,38.133,1.46,970.055,12.105,,,,,,,,,,,92b5275b3864,0.2585,0.0074,0
1228,marl,main,126,123,1,3,6,30,8.0,0.12,0.3,1,921.206,0,90.623,0,40.227,2.194,908.525,12.681,,,,,,,,,,,b3cf4dd4b2c6,0.2868,0.0054,0
1229,marl,main,256,256,2,0,6,30,8.0,0.12,0.3,1,971.65,0,82.793,1,37.558,2.782,959.063,12.587,,,,,,,,,,,ca2615c7d168,0.2623,0.0067,0
1230,marl,main,257,256,2,1,6,30,8.0,0.12,0.3,1,927.202,0,87.102,0,41.901,2.226,914.507,12.695,,,,,,,,,,,c7d1722de28f,0.2953,0.0119,0
1231,marl,main,258,256,2,2,6,30,8.0,0.12,0.3,1,953.76,0,87.555,0,38.45,1.88,941.602,12.158,,,,,,,,,,,43ee77ff9ef4,0.3063,0.0051,0
1232,marl,main,259,256,2,3,6,30,8.0,0.12,0.3,1,1016.145,1,86.191,1,39.902,2.846,1003.246,12.899,,,,,,,,,,,9254d8b022a2,0.2966,0.0112,0
1233,marl,main,512,512,3,0,6,30,8.0,0.12,0.3,1,1147.302,1,87.981,0,37.408,2.724,1135.537,11.765,,,,,,,,,,,94778404de1c,0.3027,0.0084,0
1234,marl,main,513,512,3,1,6,30,8.0,0.12,0.3,1,951.656,0,88.942,0,40.958,2.494,939.227,12.429,,,,,,,,,,,e6cd6d79159b,0.2743,0.0129,0
1235,marl,main,514,512,3,2,6,30,8.0,0.12,0.3,1,938.077,0,88.229,0,38.336,3.323,925.956,12.121,,,,,,,,,,,d57192c68e02,0.2769,0.008,0
1236,marl,main,515,512,3,3,6,30,8.0,0.12,0.3,1,891.024,0,85.868,0,38.642,2.602,879.115,11.909,,,,,,,,,,,d6e0677b96c6,0.2686,0.0072,0
1237,marl,main,1024,1024,4,0,6,30,8.0,0.12,0.3,1,833.807,0,85.068,0,41.753,2.993,822.251,11.556,,,,,,,,,,,ae10092f8f30,0.2872,0.0114,0
1238,marl,main,1025,1024,4,1,6,30,8.0,0.12,0.3,1,944.59,0,86.322,0,39.014,2.463,932.219,12.371,,,,,,,,,,,7bd0d5561162,0.2512,0.0095,0
1239,marl,main,1026,1024,4,2,6,30,8.0,0.12,0.3,1,836.049,0,88.612,0,38.32,1.696,823.476,12.573,,,,,,,,,,,0f11e051b063,0.2949,0.0079,0
1240,marl,main,1027,1024,4,3,6,30,8.0,0.12,0.3,1,969.671,0,87.323,1,38.417,2.91,956.913,12.758,,,,,,,,,,,7e04698a0fd2,0.3006,0.0132,0
1241,ot_auction,main,42,42,0,0,6,30,8.0,0.12,0.3,1,1479.021,0,86.503,0,31.499,10.037,1461.513,17.508,,,,,,,,,,,a67a28d40e84,0.5994,0.01,0
1242,ot_auction,main,43,42,0,1,6,30,8.0,0.12,0.3,1,1338.338,0,84.039,0,37.196,9.239,1320.579,17.759,,,,,,,,,,,69194c30c388,0.5953,0.0198,0
1243,ot_auction,main,44,42,0,2,6,30,8.0,0.12,0.3,1,1281.504,0,90.724,0,38.969,8.858,1264.404,17.1,,,,,,,,,,,74f021de5ccc,0.5316,0.0097,0
1244,ot_auction,main,45,42,0,3,6,30,8.0,0.12,0.3,1,1267.044,0,83.068,0,33.054,8.283,1248.205,18.839,,,,,,,,,,,2285b8a8d02a,0.5466,0.0126,0
1245,ot_auction,main,123,123,1,0,6,30,8.0,0.12,0.3,1,1893.396,1,90.044,0,38.03,7.517,1876.189,17.207,,,,,,,,,,,b86c4913ea66,0.4847,0.0104,0
1246,ot_auction,main,124,123,1,1,6,30,8.0,0.12,0.3,1,1202.613,0,86.796,0,34.415,7.83,1185.58,17.033,,,,,,,,,,,4ef770d4231c,0.4933,0.0111,0
1247,ot_auction,main,125,123,1,2,6,30,8.0,0.12,0.3,1,1585.701,0,85.684,0,33.973,10.479,1566.661,19.04,,,,,,,,,,,ba421c8ff548,0.5451,0.0107,0
1248,ot_auction,main,126,123,1,3,6,30,8.0,0.12,0.3,1,1259.204,0,84.255,0,34.281,10.175,1240.831,18.373,,,,,,,,,,,103ce04e51c1,0.5832,0.0059,0
1249,ot_auction,main,256,256,2,0,6,30,8.0,0.12,0.3,1,1247.169,0,91.862,0,33.885,12.491,1228.279,18.89,,,,,,,,,,,07a91adefa19,0.5759,0.0094,0
1250,ot_auction,main,257,256,2,1,6,30,8.0,0.12,0.3,1,1096.985,0,87.868,0,36.197,6.688,1078.955,18.03,,,,,,,,,,,a0b1d9820917,0.547,0.0103,0
1251,ot_auction,main,258,256,2,2,6,30,8.0,0.12,0.3,1,1429.811,0,89.825,0,34.026,9.08,1411.843,17.968,,,,,,,,,,,5892a83c2264,0.6369,0.0076,0
1252,ot_auction,main,259,256,2,3,6,30,8.0,0.12,0.3,1,1044.13,0,88.928,0,35.006,13.892,1026.941,17.189,,,,,,,,,,,f64cad17ca52,0.6669,0.0057,0
1253,ot_auction,main,512,512,3,0,6,30,8.0,0.12,0.3,1,1848.524,0,83.74,0,37.655,12.156,1831.115,17.409,,,,,,,,,,,39e57c0804fe,0.5032,0.0062,0
1254,ot_auction,main,513,512,3,1,6,30,8.0,0.12,0.3,1,1753.549,0,87.107,0,36.909,8.762,1735.723,17.825,,,,,,,,,,,74c9d6f9bc33,0.5738,0.0065,0
1255,ot_auction,main,514,512,3,2,6,30,8.0,0.12,0.3,1,1290.05,0,92.566,0,36.692,11.327,1272.063,17.987,,,,,,,,,,,185cf1d87e60,0.5356,0.0086,0
1256,ot_auction,main,515,512,3,3,6,30,8.0,0.12,0.3,1,1630.485,0,86.816,1,34.738,8.816,1612.907,17.578,,,,,,,,,,,9fc82bcdd7c2,0.5632,0.009,0
1257,ot_auction,main,1024,1024,4,0,6,30,8.0,0.12,0.3,1,1264.842,0,85.895,0,37.24,9.992,1247.243,17.599,,,,,,,,,,,b8c161106f16,0.6531,0.0072,0
1258,ot_auction,main,1025,1024,4,1,6,30,8.0,0.12,0.3,1,1428.314,0,87.92,0,35.003,11.089,1410.247,18.067,,,,,,,,,,,fa2467f2b608,0.543,0.0092,0
1259,ot_auction,main,1026,1024,4,2,6,30,8.0,0.12,0.3,1,1592.948,0,90.867,0,38.136,9.592,1574.487,18.461,,,,,,,,,,,bc282aba123d,0.5206,0.0126,0
1260,ot_auction,main,1027,1024,4,3,6,30,8.0,0.12,0.3,1,1199.631,0,85.492,0,39.095,9.698,1180.861,18.77,,,,,,,,,,,12ddc203b944,0.641,0.0104,0
1261,pbs,main,42,42,0,0,6,30,8.0,0.12,0.3,1,1998.406,0,88.34,0,32.022,12.687,1978.217,20.189,,,,,,,,,,,c1eea7fd738b,0.7701,0.0049,0
1262,pbs,main,43,42,0,1,6,30,8.0,0.12,0.3,1,1569.234,0,83.354,0,34.15,13.068,1547.078,22.156,,,,,,,,,,,9c26f88d4536,0.7444,0.0056,0
1263,pbs,main,44,42,0,2,6,30,8.0,0.12,0.3,1,1371.838,0,84.642,0,30.185,12.897,1350.889,20.948,,,,,,,,,,,8263a56f6902,0.8281,0.0027,0
1264,pbs,main,45,42,0,3,6,30,8.0,0.12,0.3,1,1427.346,0,85.439,0,34.095,6.525,1406.801,20.545,,,,,,,,,,,8294ea091f83,0.8187,0.0029,0
1265,pbs,main,123,123,1,0,6,30,8.0,0.12,0.3,1,1736.661,0,87.496,0,35.682,12.326,1715.273,21.388,,,,,,,,,,,b6b5551cbeda,0.7271,0.0024,0
1266,pbs,main,124,123,1,1,6,30,8.0,0.12,0.3,1,1749.466,0,82.76,0,33.607,15.358,1728.602,20.864,,,,,,,,,,,aae075d45ce6,0.7985,0.0069,0
1267,pbs,main,125,123,1,2,6,30,8.0,0.12,0.3,1,1850.904,0,89.296,0,33.511,14.364,1830.02,20.884,,,,,,,,,,,e906228693c7,0.7845,0.0029,0
1268,pbs,main,126,123,1,3,6,30,8.0,0.12,0.3,1,1569.569,0,82.458,0,33.881,18.195,1548.081,21.488,,,,,,,,,,,27a013151d6b,0.8325,0.0035,0
1269,pbs,main,256,256,2,0,6,30,8.0,0.12,0.3,1,1645.676,0,82.78,0,34.27,11.713,1624.591,21.085,,,,,,,,,,,2483b0470436,0.7557,0.0039,0
1270,pbs,main,257,256,2,1,6,30,8.0,0.12,0.3,1,1503.471,0,86.744,0,33.297,15.019,1482.784,20.687,,,,,,,,,,,69288ede55e9,0.851,0.0028,0
1271,pbs,main,258,256,2,2,6,30,8.0,0.12,0.3,1,1572.849,0,87.529,0,31.882,13.59,1550.999,21.85,,,,,,,,,,,29beeb5d6e73,0.9556,0.0082,0
1272,pbs,main,259,256,2,3,6,30,8.0,0.12,0.3,1,1503.99,0,86.89,0,35.131,15.961,1482.728,21.262,,,,,,,,,,,7724b102daa5,0.8649,0.003,0
1273,pbs,main,512,512,3,0,6,30,8.0,0.12,0.3,1,1869.696,0,89.415,0,34.54,11.412,1848.194,21.502,,,,,,,,,,,f7af49ffb748,0.8763,0.0033,0
1274,pbs,main,513,512,3,1,6,30,8.0,0.12,0.3,1,1715.054,0,81.999,0,32.41,14.934,1693.97,21.084,,,,,,,,,,,68ddc794b8b8,0.7365,0.0033,0
1275,pbs,main,514,512,3,2,6,30,8.0,0.12,0.3,1,1616.37,0,80.543,0,28.228,13.728,1594.354,22.016,,,,,,,,,,,d99607c8f27f,0.8712,0.0024,0
1276,pbs,main,515,512,3,3,6,30,8.0,0.12,0.3,1,1778.722,0,80.843,0,35.104,12.654,1757.984,20.738,,,,,,,,,,,1b02e6858dc5,0.9369,0.009,0
1277,pbs,main,1024,1024,4,0,6,30,8.0,0.12,0.3,1,1747.808,0,88.695,0,31.696,12.242,1729.032,18.776,,,,,,,,,,,4b2f60fb1a45,0.9454,0.0027,0
1278,pbs,main,1025,1024,4,1,6,30,8.0,0.12,0.3,1,1753.395,0,87.307,0,31.038,14.27,1731.997,21.398,,,,,,,,,,,c6f81a7677b0,0.8957,0.0028,0
1279,pbs,main,1026,1024,4,2,6,30,8.0,0.12,0.3,1,1795.663,0,88.686,0,32.053,12.728,1774.522,21.141,,,,,,,,,,,81eeff34b3ad,0.7713,0.004,0
1280,pbs,main,1027,1024,4,3,6,30,8.0,0.12,0.3,1,1309.284,0,88.782,0,35.22,10.328,1287.583,21.7,,,,,,,,,,,43777d769745,0.8725,0.003,0
