baseline,n,base_cmax,cofly_cmax,delta_s,sd_baseline_population,cohen_d,n_seeds_cofly_faster,perm_subset_count,p_raw,published_p_raw,p_holm,published_p_holm,statistic,value
greedy,20.0,2503.1951,919.77,1583.425,153.3172,10.3278,20.0,1.0,1.9073486328125e-06,1.91e-06,1.52587890625e-05,1.53e-05,,
pbs,20.0,1654.2701,919.77,734.5001,172.5182,4.2575,20.0,1.0,1.9073486328125e-06,1.91e-06,1.52587890625e-05,1.53e-05,,
ot_auction,20.0,1406.663,919.77,486.8929,235.3852,2.0685,19.0,2.0,3.814697265625e-06,3.81e-06,2.288818359375e-05,2.29e-05,,
centralised,20.0,1090.691,919.77,170.921,155.7538,1.0974,16.0,307.0,0.0005855560302734375,0.000586,0.0029277801513671875,0.00293,,
hungarian,20.0,974.005,919.77,54.235,75.8301,0.7152,12.0,25375.0,0.04839897155761719,0.0484,0.19359588623046875,0.194,,
cbs,20.0,973.326,919.77,53.5559,78.2667,0.6843,12.0,25375.0,0.04839897155761719,0.0484,0.19359588623046875,0.194,,
marl,20.0,964.941,919.77,45.1709,78.2667,0.5771,12.0,43306.0,0.08259963989257812,0.0826,0.19359588623046875,0.194,,
ecbs,20.0,925.365,919.77,5.5949,113.6477,0.0492,9.0,312381.0,0.5958194732666016,0.596,0.5958194732666016,0.596,,
,,,,,,,,,,,,,,
,,,,,,,,,,,,,Friedman chi2,116.12
,,,,,,,,,,,,,Friedman p (recomputed),2.0939631494436062e-21
,,,,,,,,,,,,,Friedman p (published),5.71e-23
,,,,,,,,,,,,,Nemenyi CD (published),2.69
,,,,,,,,,,,,,mean-rank diff CoFly vs centralised (recomputed),1.85
,,,,,,,,,,,,,mean-rank diff CoFly vs centralised (published),2.43
