method,n_seeds,cmax_mean_s,cmax_std_s,ci95_low_s,ci95_high_s,collisions_mean,reallocations_mean,completion_mean_pct,energy_total_wh,energy_spread_wh,rotor_time_s,facade_time_s,published_cmax,published_std,published_ci_low,published_ci_high,published_coll,published_realloc,published_compl,published_energy,published_spread,published_rotor,published_facade,certificates
greedy,20,2503.195,157.3001,2429.6,2576.8,0.05,0.05,89.8,32.4,20.0,2471.2474,31.9476,2503.2,157.3,2429.6,2576.8,0.05,0.05,89.8,32.4,20.0,2471.2,31.9,none
centralised,20,1090.691,159.8001,1015.9,1165.5,0.15,0.15,91.8,33.4,5.2999,1076.7954,13.8956,1090.7,159.8,1015.9,1165.5,0.15,0.15,91.8,33.4,5.3,1076.8,13.9,none
hungarian,20,974.005,77.8001,937.6,1010.4,0.2,0.2,88.2,39.3,2.6,961.6026,12.4024,974.0,77.8,937.6,1010.4,0.2,0.2,88.2,39.3,2.6,961.6,12.4,none
marl,20,964.941,80.2999,927.4,1002.5,0.3,0.3,88.3002,39.1,2.5,952.6204,12.3206,964.9,80.3,927.4,1002.5,0.3,0.3,88.3,39.1,2.5,952.6,12.3,none
cbs,20,973.326,80.2999,935.7,1010.9,0.0,0.0,89.0,39.2,2.5999,960.9129,12.413,973.3,80.3,935.7,1010.9,0.0,0.0,89.0,39.2,2.6,960.9,12.4,grid MAPF
ecbs,20,925.365,116.6001,870.8,979.9,0.0,0.0,92.5001,33.8,3.3999,913.5824,11.7826,925.4,116.6,870.8,979.9,0.0,0.0,92.5,33.8,3.4,913.6,11.8,grid MAPF
pbs,20,1654.2701,176.9999,1571.4,1737.1,0.0,0.0,85.6999,33.1001,13.2,1633.185,21.0851,1654.3,177.0,1571.4,1737.1,0.0,0.0,85.7,33.1,13.2,1633.2,21.1,grid MAPF
ot_auction,20,1406.663,241.5001,1293.6,1519.7,0.05,0.05,87.5,35.8,9.8,1388.7313,17.9316,1406.7,241.5,1293.6,1519.7,0.05,0.05,87.5,35.8,9.8,1388.7,17.9,OT dual
cofly,20,919.77,84.7,880.1,959.4,0.25,0.3,88.9999,37.5,1.9999,908.035,11.735,919.8,84.7,880.1,959.4,0.25,0.3,89.0,37.5,2.0,908.0,11.7,zone+SE(3)+HARQ+SCP
