seed_index,seed,base_seed,cluster,derived_index,note
0,42,42,0,0,base seed (independent)
1,43,42,0,1,derived from base seed (pseudo-replicate)
2,44,42,0,2,derived from base seed (pseudo-replicate)
3,45,42,0,3,derived from base seed (pseudo-replicate)
4,123,123,1,0,base seed (independent)
5,124,123,1,1,derived from base seed (pseudo-replicate)
6,125,123,1,2,derived from base seed (pseudo-replicate)
7,126,123,1,3,derived from base seed (pseudo-replicate)
8,256,256,2,0,base seed (independent)
9,257,256,2,1,derived from base seed (pseudo-replicate)
10,258,256,2,2,derived from base seed (pseudo-replicate)
11,259,256,2,3,derived from base seed (pseudo-replicate)
12,512,512,3,0,base seed (independent)
13,513,512,3,1,derived from base seed (pseudo-replicate)
14,514,512,3,2,derived from base seed (pseudo-replicate)
15,515,512,3,3,derived from base seed (pseudo-replicate)
16,1024,1024,4,0,base seed (independent)
17,1025,1024,4,1,derived from base seed (pseudo-replicate)
18,1026,1024,4,2,derived from base seed (pseudo-replicate)
19,1027,1024,4,3,derived from base seed (pseudo-replicate)
