seed,segment,chord_hit,geodesic_hit,min_dist_to_wake_m
42,0,0,0,12.2
42,1,0,0,12.2
42,2,0,0,12.2
42,3,0,0,12.2
42,4,0,0,12.2
42,5,0,0,12.2
42,6,0,0,12.2
42,7,0,0,12.2
42,8,0,0,12.2
42,9,0,0,12.2
42,10,0,0,12.2
42,11,0,0,12.2
42,12,0,0,12.2
42,13,1,0,0.1
42,14,1,0,0.1
42,15,0,0,12.2
42,16,0,0,12.2
42,17,1,0,0.1
42,18,0,0,12.2
42,19,0,0,12.2
42,20,0,0,12.2
42,21,0,0,12.2
42,22,0,0,12.2
42,23,0,0,12.2
42,24,0,0,12.2
42,25,0,0,12.2
42,26,0,0,12.2
42,27,1,0,0.1
42,28,0,0,12.2
42,29,0,0,12.2
42,30,1,0,0.1
42,31,1,0,0.1
42,32,0,0,12.2
42,33,1,0,0.1
42,34,0,0,12.2
42,35,0,0,12.2
42,36,0,0,12.2
42,37,0,0,12.2
42,38,1,0,0.1
42,39,0,0,12.2
43,0,0,0,12.2
43,1,0,0,12.2
43,2,1,0,0.1
43,3,0,0,12.2
43,4,0,0,12.2
43,5,0,0,12.2
43,6,0,0,12.2
43,7,1,0,0.1
43,8,1,0,0.1
43,9,1,0,0.1
43,10,1,0,0.1
43,11,1,0,0.1
43,12,0,0,12.2
43,13,0,0,12.2
43,14,0,0,12.2
43,15,0,0,12.2
43,16,0,0,12.2
43,17,1,0,0.1
43,18,0,0,12.2
43,19,0,0,12.2
43,20,0,0,12.2
43,21,1,0,0.1
43,22,0,0,12.2
43,23,0,0,12.2
43,24,1,0,0.1
43,25,0,0,12.2
43,26,1,0,0.1
43,27,0,0,12.2
43,28,0,0,12.2
43,29,1,0,0.1
43,30,0,0,12.2
43,31,1,0,0.1
43,32,0,0,12.2
43,33,1,0,0.1
43,34,0,0,12.2
43,35,1,0,0.1
43,36,1,0,0.1
43,37,0,0,12.2
43,38,0,0,12.2
43,39,0,0,12.2
44,0,0,0,12.2
44,1,0,0,12.2
44,2,0,0,12.2
44,3,1,0,0.1
44,4,0,0,12.2
44,5,1,0,0.1
44,6,0,0,12.2
44,7,1,0,0.1
44,8,1,0,0.1
44,9,0,0,12.2
44,10,1,0,0.1
44,11,0,0,12.2
44,12,0,0,12.2
44,13,1,0,0.1
44,14,0,0,12.2
44,15,1,0,0.1
44,16,0,0,12.2
44,17,0,0,12.2
44,18,0,0,12.2
44,19,0,0,12.2
44,20,0,0,12.2
44,21,1,0,0.1
44,22,0,0,12.2
44,23,0,0,12.2
44,24,0,0,12.2
44,25,0,0,12.2
44,26,1,0,0.1
44,27,0,0,12.2
44,28,1,0,0.1
44,29,0,0,12.2
44,30,1,0,0.1
44,31,1,0,0.1
44,32,0,0,12.2
44,33,0,0,12.2
44,34,1,0,0.1
44,35,0,0,12.2
44,36,1,0,0.1
44,37,0,0,12.2
44,38,1,0,0.1
44,39,0,0,12.2
45,0,0,0,12.2
45,1,0,0,12.2
45,2,0,0,12.2
45,3,0,0,12.2
45,4,1,0,0.1
45,5,0,0,12.2
45,6,0,0,12.2
45,7,1,0,0.1
45,8,0,0,12.2
45,9,0,0,12.2
45,10,0,0,12.2
45,11,0,0,12.2
45,12,0,0,12.2
45,13,1,0,0.1
45,14,0,0,12.2
45,15,0,0,12.2
45,16,1,0,0.1
45,17,1,0,0.1
45,18,0,0,12.2
45,19,0,0,12.2
45,20,1,0,0.1
45,21,0,0,12.2
45,22,0,0,12.2
45,23,0,0,12.2
45,24,0,0,12.2
45,25,0,0,12.2
45,26,1,0,0.1
45,27,1,0,0.1
45,28,1,0,0.1
45,29,1,0,0.1
45,30,0,0,12.2
45,31,0,0,12.2
45,32,0,0,12.2
45,33,0,0,12.2
45,34,0,0,12.2
45,35,0,0,12.2
45,36,1,0,0.1
45,37,0,0,12.2
45,38,0,0,12.2
45,39,1,0,0.1
123,0,1,0,0.1
123,1,1,0,0.1
123,2,0,0,12.2
123,3,0,0,12.2
123,4,0,0,12.2
123,5,0,0,12.2
123,6,0,0,12.2
123,7,0,0,12.2
123,8,1,0,0.1
123,9,0,0,12.2
123,10,1,0,0.1
123,11,0,0,12.2
123,12,1,0,0.1
123,13,1,0,0.1
123,14,0,0,12.2
123,15,1,0,0.1
123,16,1,0,0.1
123,17,0,0,12.2
123,18,0,0,12.2
123,19,0,0,12.2
123,20,1,0,0.1
123,21,0,0,12.2
123,22,1,0,0.1
123,23,1,0,0.1
123,24,1,0,0.1
123,25,1,0,0.1
123,26,0,0,12.2
123,27,1,0,0.1
123,28,1,0,0.1
123,29,0,0,12.2
123,30,0,0,12.2
123,31,0,0,12.2
123,32,0,0,12.2
123,33,0,0,12.2
123,34,1,0,0.1
123,35,0,0,12.2
123,36,0,0,12.2
123,37,0,0,12.2
123,38,0,0,12.2
123,39,0,0,12.2
124,0,1,0,0.1
124,1,0,0,12.2
124,2,1,0,0.1
124,3,0,0,12.2
124,4,0,0,12.2
124,5,1,0,0.1
124,6,1,0,0.1
124,7,1,0,0.1
124,8,0,0,12.2
124,9,0,0,12.2
124,10,0,0,12.2
124,11,0,0,12.2
124,12,0,0,12.2
124,13,0,0,12.2
124,14,0,0,12.2
124,15,0,0,12.2
124,16,1,0,0.1
124,17,0,0,12.2
124,18,0,0,12.2
124,19,0,0,12.2
124,20,1,0,0.1
124,21,0,0,12.2
124,22,1,0,0.1
124,23,1,0,0.1
124,24,0,0,12.2
124,25,1,0,0.1
124,26,0,0,12.2
124,27,0,0,12.2
124,28,0,0,12.2
124,29,0,0,12.2
124,30,0,0,12.2
124,31,0,0,12.2
124,32,0,0,12.2
124,33,0,0,12.2
124,34,0,0,12.2
124,35,1,0,0.1
124,36,1,0,0.1
124,37,0,0,12.2
124,38,0,0,12.2
124,39,0,0,12.2
125,0,1,0,0.1
125,1,1,0,0.1
125,2,0,0,12.2
125,3,0,0,12.2
125,4,0,0,12.2
125,5,0,0,12.2
125,6,0,0,12.2
125,7,1,0,0.1
125,8,0,0,12.2
125,9,0,0,12.2
125,10,1,0,0.1
125,11,1,0,0.1
125,12,0,0,12.2
125,13,1,0,0.1
125,14,0,0,12.2
125,15,0,0,12.2
125,16,1,0,0.1
125,17,0,0,12.2
125,18,0,0,12.2
125,19,1,0,0.1
125,20,0,0,12.2
125,21,0,0,12.2
125,22,1,0,0.1
125,23,0,0,12.2
125,24,1,0,0.1
125,25,0,0,12.2
125,26,0,0,12.2
125,27,0,0,12.2
125,28,0,0,12.2
125,29,0,0,12.2
125,30,1,0,0.1
125,31,0,0,12.2
125,32,0,0,12.2
125,33,0,0,12.2
125,34,0,0,12.2
125,35,0,0,12.2
125,36,0,0,12.2
125,37,1,0,0.1
125,38,0,0,12.2
125,39,1,0,0.1
126,0,1,0,0.1
126,1,0,0,12.2
126,2,0,0,12.2
126,3,0,0,12.2
126,4,0,0,12.2
126,5,0,0,12.2
126,6,1,0,0.1
126,7,0,0,12.2
126,8,0,0,12.2
126,9,0,0,12.2
126,10,1,0,0.1
126,11,0,0,12.2
126,12,1,0,0.1
126,13,0,0,12.2
126,14,0,0,12.2
126,15,1,0,0.1
126,16,0,0,12.2
126,17,0,0,12.2
126,18,1,0,0.1
126,19,1,0,0.1
126,20,0,0,12.2
126,21,1,0,0.1
126,22,0,0,12.2
126,23,0,0,12.2
126,24,0,0,12.2
126,25,0,0,12.2
126,26,0,0,12.2
126,27,0,0,12.2
126,28,0,0,12.2
126,29,1,0,0.1
126,30,0,0,12.2
126,31,1,0,0.1
126,32,0,0,12.2
126,33,0,0,12.2
126,34,0,0,12.2
126,35,1,0,0.1
126,36,0,0,12.2
126,37,0,0,12.2
126,38,1,0,0.1
126,39,0,0,12.2
256,0,1,0,0.1
256,1,0,0,12.2
256,2,0,0,12.2
256,3,0,0,12.2
256,4,0,0,12.2
256,5,0,0,12.2
256,6,0,0,12.2
256,7,1,0,0.1
256,8,1,0,0.1
256,9,0,0,12.2
256,10,1,0,0.1
256,11,1,0,0.1
256,12,0,0,12.2
256,13,0,0,12.2
256,14,1,0,0.1
256,15,0,0,12.2
256,16,0,0,12.2
256,17,1,0,0.1
256,18,0,0,12.2
256,19,0,0,12.2
256,20,1,0,0.1
256,21,0,0,12.2
256,22,0,0,12.2
256,23,0,0,12.2
256,24,0,0,12.2
256,25,0,0,12.2
256,26,1,0,0.1
256,27,0,0,12.2
256,28,0,0,12.2
256,29,1,0,0.1
256,30,0,0,12.2
256,31,0,0,12.2
256,32,0,0,12.2
256,33,0,0,12.2
256,34,0,0,12.2
256,35,0,0,12.2
256,36,0,0,12.2
256,37,0,0,12.2
256,38,1,0,0.1
256,39,1,0,0.1
257,0,1,0,0.1
257,1,0,0,12.2
257,2,1,0,0.1
257,3,0,0,12.2
257,4,1,0,0.1
257,5,1,0,0.1
257,6,1,0,0.1
257,7,0,0,12.2
257,8,0,0,12.2
257,9,0,0,12.2
257,10,0,0,12.2
257,11,0,0,12.2
257,12,0,0,12.2
257,13,0,0,12.2
257,14,1,0,0.1
257,15,0,0,12.2
257,16,0,0,12.2
257,17,0,0,12.2
257,18,0,0,12.2
257,19,0,0,12.2
257,20,1,0,0.1
257,21,0,0,12.2
257,22,1,0,0.1
257,23,0,0,12.2
257,24,1,0,0.1
257,25,0,0,12.2
257,26,0,0,12.2
257,27,1,0,0.1
257,28,0,0,12.2
257,29,1,0,0.1
257,30,0,0,12.2
257,31,1,0,0.1
257,32,0,0,12.2
257,33,0,0,12.2
257,34,0,0,12.2
257,35,0,0,12.2
257,36,1,0,0.1
257,37,1,0,0.1
257,38,0,0,12.2
257,39,0,0,12.2
258,0,0,0,12.2
258,1,0,0,12.2
258,2,1,0,0.1
258,3,1,0,0.1
258,4,0,0,12.2
258,5,1,0,0.1
258,6,0,0,12.2
258,7,1,0,0.1
258,8,0,0,12.2
258,9,0,0,12.2
258,10,1,0,0.1
258,11,0,0,12.2
258,12,0,0,12.2
258,13,0,0,12.2
258,14,1,0,0.1
258,15,1,0,0.1
258,16,0,0,12.2
258,17,1,0,0.1
258,18,0,0,12.2
258,19,1,0,0.1
258,20,1,0,0.1
258,21,0,0,12.2
258,22,0,0,12.2
258,23,1,0,0.1
258,24,0,0,12.2
258,25,0,0,12.2
258,26,1,0,0.1
258,27,1,0,0.1
258,28,0,0,12.2
258,29,0,0,12.2
258,30,0,0,12.2
258,31,0,0,12.2
258,32,0,0,12.2
258,33,0,0,12.2
258,34,1,0,0.1
258,35,0,0,12.2
258,36,0,0,12.2
258,37,0,0,12.2
258,38,0,0,12.2
258,39,1,0,0.1
259,0,0,0,12.2
259,1,0,0,12.2
259,2,1,0,0.1
259,3,0,0,12.2
259,4,0,0,12.2
259,5,1,0,0.1
259,6,1,0,0.1
259,7,0,0,12.2
259,8,0,0,12.2
259,9,0,0,12.2
259,10,0,0,12.2
259,11,0,0,12.2
259,12,1,0,0.1
259,13,1,0,0.1
259,14,1,0,0.1
259,15,1,0,0.1
259,16,1,0,0.1
259,17,0,0,12.2
259,18,1,0,0.1
259,19,0,0,12.2
259,20,0,0,12.2
259,21,1,0,0.1
259,22,0,0,12.2
259,23,0,0,12.2
259,24,0,0,12.2
259,25,1,0,0.1
259,26,0,0,12.2
259,27,0,0,12.2
259,28,1,0,0.1
259,29,1,0,0.1
259,30,0,0,12.2
259,31,0,0,12.2
259,32,0,0,12.2
259,33,0,0,12.2
259,34,0,0,12.2
259,35,0,0,12.2
259,36,1,0,0.1
259,37,0,0,12.2
259,38,0,0,12.2
259,39,0,0,12.2
512,0,0,0,12.2
512,1,0,0,12.2
512,2,0,0,12.2
512,3,1,0,0.1
512,4,0,0,12.2
512,5,1,0,0.1
512,6,0,0,12.2
512,7,1,0,0.1
512,8,0,0,12.2
512,9,0,0,12.2
512,10,0,0,12.2
512,11,0,0,12.2
512,12,0,0,12.2
512,13,1,0,0.1
512,14,0,0,12.2
512,15,1,0,0.1
512,16,0,0,12.2
512,17,1,0,0.1
512,18,0,0,12.2
512,19,0,0,12.2
512,20,0,0,12.2
512,21,1,0,0.1
512,22,1,0,0.1
512,23,0,0,12.2
512,24,0,0,12.2
512,25,0,0,12.2
512,26,0,0,12.2
512,27,1,0,0.1
512,28,0,0,12.2
512,29,0,0,12.2
512,30,1,0,0.1
512,31,1,0,0.1
512,32,0,0,12.2
512,33,0,0,12.2
512,34,0,0,12.2
512,35,0,0,12.2
512,36,0,0,12.2
512,37,1,0,0.1
512,38,0,0,12.2
512,39,1,0,0.1
513,0,1,0,0.1
513,1,0,0,12.2
513,2,0,0,12.2
513,3,0,0,12.2
513,4,0,0,12.2
513,5,0,0,12.2
513,6,1,0,0.1
513,7,0,0,12.2
513,8,1,0,0.1
513,9,1,0,0.1
513,10,0,0,12.2
513,11,0,0,12.2
513,12,0,0,12.2
513,13,0,0,12.2
513,14,0,0,12.2
513,15,0,0,12.2
513,16,0,0,12.2
513,17,0,0,12.2
513,18,0,0,12.2
513,19,0,0,12.2
513,20,0,0,12.2
513,21,1,0,0.1
513,22,0,0,12.2
513,23,0,0,12.2
513,24,0,0,12.2
513,25,0,0,12.2
513,26,0,0,12.2
513,27,1,0,0.1
513,28,0,0,12.2
513,29,0,0,12.2
513,30,0,0,12.2
513,31,0,0,12.2
513,32,0,0,12.2
513,33,0,0,12.2
513,34,1,0,0.1
513,35,0,0,12.2
513,36,0,0,12.2
513,37,0,0,12.2
513,38,0,0,12.2
513,39,0,0,12.2
514,0,0,0,12.2
514,1,0,0,12.2
514,2,0,0,12.2
514,3,0,0,12.2
514,4,1,0,0.1
514,5,1,0,0.1
514,6,0,0,12.2
514,7,0,0,12.2
514,8,0,0,12.2
514,9,0,0,12.2
514,10,1,0,0.1
514,11,0,0,12.2
514,12,0,0,12.2
514,13,1,0,0.1
514,14,1,0,0.1
514,15,0,0,12.2
514,16,0,0,12.2
514,17,0,0,12.2
514,18,0,0,12.2
514,19,0,0,12.2
514,20,1,0,0.1
514,21,0,0,12.2
514,22,0,0,12.2
514,23,1,0,0.1
514,24,0,0,12.2
514,25,1,0,0.1
514,26,0,0,12.2
514,27,0,0,12.2
514,28,0,0,12.2
514,29,0,0,12.2
514,30,0,0,12.2
514,31,1,0,0.1
514,32,1,0,0.1
514,33,0,0,12.2
514,34,0,0,12.2
514,35,0,0,12.2
514,36,0,0,12.2
514,37,1,0,0.1
514,38,0,0,12.2
514,39,1,0,0.1
515,0,0,0,12.2
515,1,1,0,0.1
515,2,0,0,12.2
515,3,1,0,0.1
515,4,0,0,12.2
515,5,0,0,12.2
515,6,0,0,12.2
515,7,1,0,0.1
515,8,0,0,12.2
515,9,0,0,12.2
515,10,0,0,12.2
515,11,1,0,0.1
515,12,1,0,0.1
515,13,0,0,12.2
515,14,0,0,12.2
515,15,0,0,12.2
515,16,0,0,12.2
515,17,1,0,0.1
515,18,1,0,0.1
515,19,0,0,12.2
515,20,0,0,12.2
515,21,1,0,0.1
515,22,0,0,12.2
515,23,0,0,12.2
515,24,0,0,12.2
515,25,0,0,12.2
515,26,1,0,0.1
515,27,0,0,12.2
515,28,1,0,0.1
515,29,0,0,12.2
515,30,0,0,12.2
515,31,0,0,12.2
515,32,0,0,12.2
515,33,0,0,12.2
515,34,0,0,12.2
515,35,0,0,12.2
515,36,1,0,0.1
515,37,1,0,0.1
515,38,1,0,0.1
515,39,0,0,12.2
1024,0,0,0,12.2
1024,1,0,0,12.2
1024,2,0,0,12.2
1024,3,0,0,12.2
1024,4,0,0,12.2
1024,5,0,0,12.2
1024,6,0,0,12.2
1024,7,0,0,12.2
1024,8,0,0,12.2
1024,9,0,0,12.2
1024,10,1,0,0.1
1024,11,0,0,12.2
1024,12,0,0,12.2
1024,13,1,0,0.1
1024,14,1,0,0.1
1024,15,1,0,0.1
1024,16,1,0,0.1
1024,17,1,0,0.1
1024,18,0,0,12.2
1024,19,0,0,12.2
1024,20,1,0,0.1
1024,21,0,0,12.2
1024,22,1,0,0.1
1024,23,1,0,0.1
1024,24,1,0,0.1
1024,25,1,0,0.1
1024,26,1,0,0.1
1024,27,0,0,12.2
1024,28,1,0,0.1
1024,29,0,0,12.2
1024,30,1,0,0.1
1024,31,0,0,12.2
1024,32,1,0,0.1
1024,33,1,0,0.1
1024,34,0,0,12.2
1024,35,1,0,0.1
1024,36,0,0,12.2
1024,37,0,0,12.2
1024,38,0,0,12.2
1024,39,0,0,12.2
1025,0,0,0,12.2
1025,1,0,0,12.2
1025,2,0,0,12.2
1025,3,0,0,12.2
1025,4,0,0,12.2
1025,5,0,0,12.2
1025,6,0,0,12.2
1025,7,0,0,12.2
1025,8,0,0,12.2
1025,9,1,0,0.1
1025,10,0,0,12.2
1025,11,0,0,12.2
1025,12,0,0,12.2
1025,13,0,0,12.2
1025,14,1,0,0.1
1025,15,0,0,12.2
1025,16,0,0,12.2
1025,17,0,0,12.2
1025,18,0,0,12.2
1025,19,1,0,0.1
1025,20,0,0,12.2
1025,21,0,0,12.2
1025,22,0,0,12.2
1025,23,0,0,12.2
1025,24,0,0,12.2
1025,25,1,0,0.1
1025,26,0,0,12.2
1025,27,1,0,0.1
1025,28,1,0,0.1
1025,29,0,0,12.2
1025,30,0,0,12.2
1025,31,0,0,12.2
1025,32,0,0,12.2
1025,33,0,0,12.2
1025,34,0,0,12.2
1025,35,0,0,12.2
1025,36,0,0,12.2
1025,37,0,0,12.2
1025,38,0,0,12.2
1025,39,0,0,12.2
1026,0,1,0,0.1
1026,1,1,0,0.1
1026,2,0,0,12.2
1026,3,0,0,12.2
1026,4,0,0,12.2
1026,5,1,0,0.1
1026,6,0,0,12.2
1026,7,0,0,12.2
1026,8,1,0,0.1
1026,9,1,0,0.1
1026,10,0,0,12.2
1026,11,0,0,12.2
1026,12,0,0,12.2
1026,13,1,0,0.1
1026,14,0,0,12.2
1026,15,1,0,0.1
1026,16,1,0,0.1
1026,17,1,0,0.1
1026,18,0,0,12.2
1026,19,0,0,12.2
1026,20,0,0,12.2
1026,21,1,0,0.1
1026,22,0,0,12.2
1026,23,0,0,12.2
1026,24,0,0,12.2
1026,25,1,0,0.1
1026,26,0,0,12.2
1026,27,0,0,12.2
1026,28,1,0,0.1
1026,29,0,0,12.2
1026,30,1,0,0.1
1026,31,0,0,12.2
1026,32,1,0,0.1
1026,33,0,0,12.2
1026,34,0,0,12.2
1026,35,1,0,0.1
1026,36,1,0,0.1
1026,37,0,0,12.2
1026,38,1,0,0.1
1026,39,0,0,12.2
1027,0,0,0,12.2
1027,1,1,0,0.1
1027,2,1,0,0.1
1027,3,1,0,0.1
1027,4,0,0,12.2
1027,5,0,0,12.2
1027,6,1,0,0.1
1027,7,1,0,0.1
1027,8,1,0,0.1
1027,9,0,0,12.2
1027,10,0,0,12.2
1027,11,0,0,12.2
1027,12,0,0,12.2
1027,13,0,0,12.2
1027,14,1,0,0.1
1027,15,0,0,12.2
1027,16,0,0,12.2
1027,17,0,0,12.2
1027,18,0,0,12.2
1027,19,1,0,0.1
1027,20,1,0,0.1
1027,21,0,0,12.2
1027,22,0,0,12.2
1027,23,0,0,12.2
1027,24,1,0,0.1
1027,25,0,0,12.2
1027,26,0,0,12.2
1027,27,1,0,0.1
1027,28,1,0,0.1
1027,29,1,0,0.1
1027,30,1,0,0.1
1027,31,0,0,12.2
1027,32,1,0,0.1
1027,33,0,0,12.2
1027,34,1,0,0.1
1027,35,1,0,0.1
1027,36,0,0,12.2
1027,37,0,0,12.2
1027,38,1,0,0.1
1027,39,0,0,12.2
