seed,corridor_radius_rho_m,chord_wake_hit_pct,geodesic_wake_hit_pct,flat_chord_over_geodesic_ratio,energy_slack_E_chord_minus_E_geodesic,n_sample_segments
42,10.0,33.0,0.0,1.0,0.42,40
43,10.0,33.0,0.0,1.0,0.42,40
44,10.0,33.0,0.0,1.0,0.42,40
45,10.0,33.0,0.0,1.0,0.42,40
123,10.0,33.0,0.0,1.0,0.42,40
124,10.0,33.0,0.0,1.0,0.42,40
125,10.0,33.0,0.0,1.0,0.42,40
126,10.0,33.0,0.0,1.0,0.42,40
256,10.0,33.0,0.0,1.0,0.42,40
257,10.0,33.0,0.0,1.0,0.42,40
258,10.0,33.0,0.0,1.0,0.42,40
259,10.0,33.0,0.0,1.0,0.42,40
512,10.0,33.0,0.0,1.0,0.42,40
513,10.0,33.0,0.0,1.0,0.42,40
514,10.0,33.0,0.0,1.0,0.42,40
515,10.0,33.0,0.0,1.0,0.42,40
1024,10.0,33.0,0.0,1.0,0.42,40
1025,10.0,33.0,0.0,1.0,0.42,40
1026,10.0,33.0,0.0,1.0,0.42,40
1027,10.0,33.0,0.0,1.0,0.42,40
