seed,iteration,residual_inf_norm,ratio
42,0,12.5,
42,1,0.004478059,0.0003582447
42,2,1.641666e-06,0.0003666022
42,3,5.563323e-10,0.0003388826
42,4,1.896883e-13,0.0003409623
42,5,6.225726e-17,0.0003282082
42,6,2.180279e-20,0.0003502048
42,7,7.679414e-24,0.0003522216
42,8,2.710224e-27,0.0003529206
43,0,12.5,
43,1,0.00394362,0.0003154896
43,2,1.3426e-06,0.0003404486
43,3,4.58003e-10,0.0003411314
43,4,1.763674e-13,0.0003850792
43,5,6.40443e-17,0.00036313
43,6,2.168732e-20,0.00033863
43,7,7.494784e-24,0.0003455837
43,8,2.666991e-27,0.0003558462
44,0,12.5,
44,1,0.00441065,0.000352852
44,2,1.489937e-06,0.0003378043
44,3,5.347472e-10,0.000358906
44,4,1.855389e-13,0.0003469657
44,5,6.291484e-17,0.0003390924
44,6,2.101309e-20,0.0003339926
44,7,6.79514e-24,0.0003233765
44,8,2.542328e-27,0.0003741392
45,0,12.5,
45,1,0.004632534,0.0003706027
45,2,1.726833e-06,0.0003727621
45,3,6.293869e-10,0.0003644746
45,4,2.341573e-13,0.0003720404
45,5,8.262656e-17,0.0003528677
45,6,2.945842e-20,0.0003565249
45,7,1.072899e-23,0.0003642078
45,8,3.805317e-27,0.0003546763
123,0,12.5,
123,1,0.004327687,0.0003462149
123,2,1.456989e-06,0.0003366669
123,3,5.155869e-10,0.0003538716
123,4,1.795763e-13,0.0003482949
123,5,6.472728e-17,0.0003604445
123,6,2.185465e-20,0.000337642
123,7,7.483993e-24,0.000342444
123,8,2.734287e-27,0.0003653513
124,0,12.5,
124,1,0.004260544,0.0003408435
124,2,1.596799e-06,0.0003747876
124,3,5.557858e-10,0.0003480625
124,4,2.019053e-13,0.000363279
124,5,6.910563e-17,0.0003422675
124,6,2.408443e-20,0.0003485162
124,7,8.495561e-24,0.0003527408
124,8,2.794199e-27,0.0003289011
125,0,12.5,
125,1,0.004461466,0.0003569173
125,2,1.640734e-06,0.0003677567
125,3,5.444385e-10,0.0003318262
125,4,1.864499e-13,0.0003424628
125,5,7.018642e-17,0.0003764357
125,6,2.438512e-20,0.0003474336
125,7,8.473787e-24,0.0003474982
125,8,2.895283e-27,0.0003416752
126,0,12.5,
126,1,0.00444722,0.0003557776
126,2,1.673006e-06,0.0003761914
126,3,5.951368e-10,0.000355729
126,4,2.042435e-13,0.0003431875
126,5,6.408729e-17,0.0003137789
126,6,2.337719e-20,0.000364771
126,7,8.187403e-24,0.0003502304
126,8,2.700563e-27,0.0003298437
256,0,12.5,
256,1,0.00427559,0.0003420472
256,2,1.34339e-06,0.0003142
256,3,4.358985e-10,0.0003244764
256,4,1.582803e-13,0.0003631129
256,5,5.625682e-17,0.0003554252
256,6,2.123802e-20,0.000377519
256,7,7.940821e-24,0.0003738966
256,8,2.878121e-27,0.0003624463
257,0,12.5,
257,1,0.004718657,0.0003774926
257,2,1.65088e-06,0.0003498622
257,3,6.37242e-10,0.0003860015
257,4,2.368126e-13,0.0003716212
257,5,8.382354e-17,0.0003539657
257,6,2.799471e-20,0.000333972
257,7,9.296805e-24,0.0003320914
257,8,3.130786e-27,0.0003367593
258,0,12.5,
258,1,0.003998597,0.0003198878
258,2,1.443242e-06,0.0003609371
258,3,4.968367e-10,0.0003442504
258,4,1.83056e-13,0.000368443
258,5,6.114726e-17,0.0003340358
258,6,2.006817e-20,0.0003281942
258,7,7.641632e-24,0.0003807836
258,8,2.780758e-27,0.0003638958
259,0,12.5,
259,1,0.004582066,0.0003665653
259,2,1.547482e-06,0.0003377258
259,3,5.438911e-10,0.0003514685
259,4,1.940127e-13,0.0003567125
259,5,6.870807e-17,0.0003541421
259,6,2.334628e-20,0.0003397895
259,7,8.020177e-24,0.0003435312
259,8,2.69979e-27,0.0003366247
512,0,12.5,
512,1,0.003934281,0.0003147425
512,2,1.244025e-06,0.0003162013
512,3,4.414755e-10,0.0003548768
512,4,1.481379e-13,0.0003355518
512,5,5.27144e-17,0.0003558468
512,6,1.938616e-20,0.0003677583
512,7,6.375721e-24,0.0003288801
512,8,2.256013e-27,0.0003538444
513,0,12.5,
513,1,0.004257936,0.0003406349
513,2,1.379515e-06,0.0003239869
513,3,4.941047e-10,0.0003581727
513,4,1.771204e-13,0.0003584673
513,5,5.731255e-17,0.0003235796
513,6,1.933649e-20,0.0003373867
513,7,6.730937e-24,0.000348095
513,8,2.335942e-27,0.0003470455
514,0,12.5,
514,1,0.00451669,0.0003613352
514,2,1.687127e-06,0.0003735317
514,3,5.850938e-10,0.0003467989
514,4,1.960659e-13,0.0003351016
514,5,6.925766e-17,0.0003532367
514,6,2.268051e-20,0.0003274801
514,7,7.756717e-24,0.0003419993
514,8,2.659633e-27,0.0003428812
515,0,12.5,
515,1,0.004494759,0.0003595807
515,2,1.639301e-06,0.0003647138
515,3,5.929616e-10,0.0003617162
515,4,2.141179e-13,0.000361099
515,5,6.909203e-17,0.0003226823
515,6,2.665663e-20,0.0003858134
515,7,8.873285e-24,0.0003328735
515,8,3.001755e-27,0.0003382913
1024,0,12.5,
1024,1,0.004610047,0.0003688038
1024,2,1.584284e-06,0.0003436589
1024,3,5.947061e-10,0.0003753786
1024,4,2.167891e-13,0.0003645315
1024,5,8.295258e-17,0.0003826418
1024,6,2.956734e-20,0.0003564367
1024,7,1.024553e-23,0.000346515
1024,8,3.55381e-27,0.0003468645
1025,0,12.5,
1025,1,0.004476079,0.0003580863
1025,2,1.518025e-06,0.0003391418
1025,3,5.086026e-10,0.0003350422
1025,4,1.923667e-13,0.0003782259
1025,5,6.941553e-17,0.0003608501
1025,6,2.432297e-20,0.0003503967
1025,7,7.751346e-24,0.0003186842
1025,8,2.702398e-27,0.000348636
1026,0,12.5,
1026,1,0.004203285,0.0003362628
1026,2,1.398915e-06,0.0003328146
1026,3,4.867361e-10,0.0003479384
1026,4,1.745332e-13,0.0003585787
1026,5,6.522622e-17,0.0003737181
1026,6,2.306503e-20,0.0003536159
1026,7,8.482157e-24,0.0003677497
1026,8,3.078546e-27,0.0003629438
1027,0,12.5,
1027,1,0.004519728,0.0003615782
1027,2,1.58522e-06,0.0003507334
1027,3,5.469986e-10,0.0003450617
1027,4,1.889543e-13,0.0003454384
1027,5,6.826917e-17,0.0003613
1027,6,2.420899e-20,0.0003546109
1027,7,9.320923e-24,0.000385019
1027,8,3.132213e-27,0.000336041
