seed,graph_id,lambda2,cheeger_h,cheeger_lower_h2_over_2
42,0,0.96422,1.38791,0.96314
42,1,0.85536,1.36514,0.93181
42,2,1.01583,1.29134,0.83378
42,3,1.13504,1.4679,1.07736
42,4,0.45241,0.97095,0.47137
42,5,0.96671,1.41642,1.00312
42,6,1.11448,1.51858,1.15305
42,7,0.79511,1.13436,0.64339
42,8,0.82452,1.33941,0.89701
42,9,1.16237,1.6194,1.31122
42,10,0.82877,1.21942,0.74349
42,11,1.14744,1.60189,1.28303
42,12,0.95968,1.28294,0.82296
42,13,0.77146,1.12465,0.63241
42,14,1.19207,1.58139,1.2504
42,15,1.12778,1.411,0.99547
42,16,0.91335,1.35232,0.91439
42,17,0.98755,1.48924,1.10892
42,18,0.80334,1.24007,0.76888
42,19,1.04026,1.49876,1.12314
43,0,0.98641,1.4613,1.06769
43,1,0.79416,1.20247,0.72297
43,2,0.62831,1.12255,0.63006
43,3,1.09001,1.37348,0.94323
43,4,0.93715,1.46209,1.06885
43,5,0.79275,1.1824,0.69903
43,6,1.09177,1.40051,0.98071
43,7,1.18821,1.39967,0.97954
43,8,1.10441,1.49133,1.11203
43,9,0.9147,1.40908,0.99275
43,10,0.76701,1.19323,0.7119
43,11,0.71795,1.1718,0.68655
43,12,1.25683,1.58385,1.25429
43,13,1.1274,1.55146,1.20352
43,14,1.06365,1.43382,1.02792
43,15,1.00863,1.33083,0.88555
43,16,1.13812,1.58234,1.2519
43,17,0.82033,1.31238,0.86117
43,18,0.9205,1.38889,0.9645
43,19,0.70945,1.09884,0.60373
44,0,1.13541,1.47531,1.08827
44,1,1.13756,1.3742,0.94421
44,2,0.92377,1.35999,0.92479
44,3,1.01155,1.40714,0.99003
44,4,0.75414,1.10845,0.61434
44,5,0.85293,1.32983,0.88422
44,6,1.17584,1.48197,1.09811
44,7,0.88353,1.3869,0.96175
44,8,1.13904,1.48871,1.10813
44,9,0.98197,1.28034,0.81964
44,10,0.67745,1.10778,0.61359
44,11,0.89264,1.36235,0.928
44,12,0.96347,1.38195,0.95489
44,13,1.25649,1.64578,1.35429
44,14,0.79331,1.19,0.70805
44,15,0.68225,1.16295,0.67623
44,16,0.91062,1.21054,0.7327
44,17,1.06311,1.44122,1.03855
44,18,1.15268,1.47553,1.08859
44,19,0.66998,1.1794,0.69549
45,0,1.08908,1.45584,1.05974
45,1,0.95542,1.3105,0.85871
45,2,1.06087,1.40798,0.99121
45,3,0.95131,1.39012,0.96622
45,4,0.77107,1.20626,0.72754
45,5,0.75819,1.32314,0.87535
45,6,0.97319,1.47433,1.08683
45,7,1.18632,1.41396,0.99964
45,8,0.7777,1.19069,0.70887
45,9,0.94724,1.47276,1.08451
45,10,1.23999,1.51238,1.14365
45,11,1.26401,1.36019,0.92506
45,12,1.16817,1.48931,1.10902
45,13,0.81324,1.25901,0.79255
45,14,0.95957,1.48259,1.09904
45,15,0.90495,1.43401,1.02819
45,16,0.7637,1.14966,0.66086
45,17,0.85228,1.29274,0.83559
45,18,1.02873,1.43898,1.03533
45,19,0.59273,1.09037,0.59445
123,0,1.28213,1.57078,1.23368
123,1,1.03148,1.49518,1.11778
123,2,0.95036,1.43639,1.03161
123,3,0.77454,1.2365,0.76447
123,4,1.17531,1.49387,1.11582
123,5,1.0757,1.49133,1.11203
123,6,0.79109,1.19256,0.7111
123,7,0.86267,1.28047,0.8198
123,8,1.07315,1.40493,0.98692
123,9,1.02128,1.39376,0.97129
123,10,0.89311,1.23506,0.76269
123,11,0.83928,1.30339,0.84942
123,12,0.61675,1.1343,0.64332
123,13,1.00197,1.62924,1.3272
123,14,1.20631,1.4817,1.09772
123,15,0.71439,1.11697,0.62381
123,16,0.96365,1.38367,0.95727
123,17,1.17359,1.52225,1.15862
123,18,0.75103,1.25944,0.7931
123,19,0.85994,1.23534,0.76303
124,0,1.30644,1.65321,1.36656
124,1,1.04087,1.53762,1.18214
124,2,0.75153,1.31191,0.86055
124,3,0.84632,1.32343,0.87573
124,4,0.99469,1.38214,0.95516
124,5,0.90175,1.36915,0.93729
124,6,0.94513,1.3451,0.90464
124,7,0.80596,1.2308,0.75743
124,8,1.32305,1.69243,1.43215
124,9,1.05324,1.46823,1.07785
124,10,0.8843,1.11194,0.6182
124,11,1.09053,1.53408,1.17669
124,12,0.87071,1.31765,0.86809
124,13,0.79628,1.27857,0.81737
124,14,1.07299,1.37204,0.94124
124,15,1.01205,1.49007,1.11015
124,16,1.08043,1.43268,1.02628
124,17,0.93985,1.36651,0.93368
124,18,0.60214,1.03266,0.53319
124,19,0.7395,1.17887,0.69487
125,0,1.21283,1.60155,1.28248
125,1,0.84065,1.26329,0.79795
125,2,0.85768,1.31767,0.86812
125,3,0.95186,1.40059,0.98083
125,4,0.9793,1.4088,0.99235
125,5,0.88971,1.34396,0.90311
125,6,0.70699,1.19855,0.71826
125,7,1.11271,1.49804,1.12206
125,8,0.84079,1.40108,0.98151
125,9,1.06776,1.47107,1.08203
125,10,1.16394,1.57309,1.23731
125,11,0.74497,1.24141,0.77055
125,12,0.76058,1.1304,0.6389
125,13,0.95676,1.36953,0.93781
125,14,1.10873,1.56248,1.22067
125,15,0.821,1.26441,0.79937
125,16,1.18766,1.55151,1.2036
125,17,1.1233,1.54801,1.19817
125,18,1.13354,1.59655,1.27448
125,19,0.597,1.13387,0.64283
126,0,1.08315,1.53239,1.17412
126,1,1.14898,1.40131,0.98183
126,2,0.79169,1.23811,0.76646
126,3,1.12705,1.38248,0.95563
126,4,0.7001,1.2166,0.74006
126,5,1.08675,1.40493,0.98691
126,6,0.99389,1.50508,1.13263
126,7,1.11371,1.50734,1.13604
126,8,0.49519,0.91831,0.42165
126,9,0.99764,1.33534,0.89156
126,10,1.01609,1.41791,1.00524
126,11,0.74367,1.22807,0.75407
126,12,1.02355,1.39424,0.97196
126,13,1.088,1.5563,1.21104
126,14,0.9507,1.38873,0.96429
126,15,0.75116,1.2292,0.75546
126,16,1.12445,1.52347,1.16047
126,17,1.04435,1.39359,0.97105
126,18,0.77638,1.17889,0.69489
126,19,1.00126,1.40264,0.9837
256,0,0.82522,1.19963,0.71955
256,1,1.04541,1.30018,0.84523
256,2,0.86229,1.35582,0.91912
256,3,1.08817,1.47303,1.08491
256,4,0.81403,1.32489,0.87766
256,5,0.80822,1.10761,0.6134
256,6,1.17132,1.61327,1.30132
256,7,1.2473,1.72577,1.48915
256,8,0.69128,1.17569,0.69112
256,9,0.98069,1.42013,1.00838
256,10,0.8197,1.30475,0.85118
256,11,0.60586,1.03162,0.53212
256,12,0.88391,1.33354,0.88916
256,13,1.24245,1.60812,1.29302
256,14,1.11605,1.64188,1.34789
256,15,0.85576,1.34813,0.90873
256,16,1.12925,1.57906,1.24672
256,17,1.06872,1.51613,1.14933
256,18,0.83903,1.32492,0.87771
256,19,0.9631,1.2766,0.81485
257,0,0.86234,1.40545,0.98764
257,1,1.09265,1.42311,1.01262
257,2,0.70397,1.23552,0.76325
257,3,0.76072,1.19417,0.71302
257,4,0.79585,1.2185,0.74237
257,5,1.04625,1.44161,1.03912
257,6,1.01057,1.35537,0.91852
257,7,0.99277,1.3948,0.97273
257,8,1.14241,1.54654,1.19589
257,9,1.16346,1.57097,1.23397
257,10,1.09139,1.46169,1.06827
257,11,1.03092,1.39502,0.97304
257,12,0.70246,1.30037,0.84548
257,13,1.13975,1.52227,1.15866
257,14,0.96101,1.36862,0.93656
257,15,0.47963,0.93895,0.44081
257,16,1.05352,1.5313,1.17244
257,17,1.05241,1.37343,0.94316
257,18,0.96536,1.31,0.85805
257,19,1.01032,1.43421,1.02848
258,0,0.90834,1.31179,0.8604
258,1,1.04014,1.38711,0.96203
258,2,0.69511,1.16458,0.67813
258,3,0.80708,1.27263,0.80979
258,4,1.27394,1.60862,1.29384
258,5,0.88735,1.32148,0.87316
258,6,0.76363,1.17856,0.6945
258,7,1.21418,1.67431,1.40166
258,8,0.81176,1.26321,0.79785
258,9,1.06028,1.47937,1.09427
258,10,0.91377,1.31698,0.86722
258,11,0.94032,1.42712,1.01833
258,12,0.86408,1.37774,0.94908
258,13,1.04778,1.50554,1.13333
258,14,0.72329,1.09168,0.59588
258,15,1.12073,1.4964,1.1196
258,16,1.01741,1.51946,1.15437
258,17,0.6649,1.14678,0.65755
258,18,1.08232,1.51401,1.14611
258,19,1.22134,1.63617,1.33853
259,0,0.79625,1.18074,0.69707
259,1,1.22031,1.56228,1.22035
259,2,0.70063,1.34258,0.90125
259,3,0.80441,1.24261,0.77204
259,4,0.86759,1.18804,0.70572
259,5,0.98617,1.46362,1.07109
259,6,1.30058,1.55131,1.20329
259,7,0.81719,1.34534,0.90497
259,8,0.61544,1.19284,0.71144
259,9,1.04262,1.4519,1.054
259,10,0.89013,1.36594,0.9329
259,11,0.93297,1.36459,0.93105
259,12,1.03557,1.33064,0.8853
259,13,0.82494,1.32817,0.88201
259,14,1.24522,1.51285,1.14436
259,15,0.8813,1.38718,0.96213
259,16,1.01549,1.45176,1.05381
259,17,0.92131,1.38324,0.95668
259,18,1.01274,1.37966,0.95173
259,19,1.14688,1.57385,1.23851
512,0,0.83992,1.20145,0.72174
512,1,0.74124,1.33482,0.89087
512,2,1.27826,1.56506,1.2247
512,3,0.86288,1.25222,0.78402
512,4,0.8488,1.25229,0.78411
512,5,1.12539,1.49368,1.11555
512,6,0.94321,1.408,0.99123
512,7,0.84407,1.34982,0.911
512,8,0.99479,1.39502,0.97303
512,9,0.94286,1.43836,1.03444
512,10,0.94083,1.29852,0.84308
512,11,1.16867,1.3946,0.97246
512,12,0.82176,1.32003,0.87124
512,13,1.10841,1.34228,0.90085
512,14,1.25799,1.58943,1.26315
512,15,0.63555,1.20818,0.72985
512,16,0.96164,1.31194,0.8606
512,17,0.74867,1.19961,0.71954
512,18,0.81998,1.27952,0.81859
512,19,1.17282,1.54679,1.19628
513,0,1.25272,1.64388,1.35117
513,1,1.0883,1.60959,1.29539
513,2,0.73651,1.2479,0.77863
513,3,0.92837,1.38649,0.96117
513,4,0.79994,1.20574,0.7269
513,5,0.87372,1.33035,0.88491
513,6,0.68704,1.15013,0.6614
513,7,1.03372,1.4152,1.00139
513,8,1.00555,1.56124,1.21874
513,9,1.2446,1.6328,1.33302
513,10,0.85921,1.27278,0.80998
513,11,0.87627,1.41303,0.99833
513,12,0.80665,1.28299,0.82304
513,13,1.10189,1.42675,1.0178
513,14,0.87153,1.22948,0.75581
513,15,1.23286,1.46969,1.07999
513,16,0.68059,1.21665,0.74012
513,17,0.97531,1.36633,0.93343
513,18,1.14744,1.60378,1.28605
513,19,0.85552,1.2704,0.80695
514,0,1.35668,1.82069,1.65745
514,1,1.0883,1.41079,0.99517
514,2,0.90597,1.34652,0.90656
514,3,0.70727,1.1413,0.65128
514,4,0.90904,1.30837,0.85592
514,5,0.75589,1.188,0.70568
514,6,1.02927,1.44549,1.04472
514,7,1.0183,1.41557,1.00191
514,8,0.90843,1.3047,0.85112
514,9,0.88985,1.35884,0.92322
514,10,1.27723,1.59954,1.27926
514,11,0.74883,1.25635,0.78921
514,12,0.94689,1.33467,0.89068
514,13,0.90024,1.28211,0.8219
514,14,1.02082,1.54893,1.19959
514,15,0.89749,1.4052,0.98729
514,16,0.65241,1.12767,0.63582
514,17,1.17087,1.48963,1.1095
514,18,0.83885,1.40163,0.98228
514,19,1.0351,1.49376,1.11566
515,0,1.18268,1.66017,1.37808
515,1,0.94207,1.38451,0.95844
515,2,0.89721,1.31669,0.86684
515,3,0.82983,1.27176,0.80868
515,4,0.94205,1.39867,0.97814
515,5,0.98654,1.27923,0.81821
515,6,1.15455,1.62315,1.31731
515,7,1.0683,1.45299,1.05559
515,8,0.57382,1.12511,0.63294
515,9,0.65598,1.12217,0.62964
515,10,0.98759,1.38804,0.96333
515,11,1.06227,1.42834,1.02008
515,12,0.75103,1.17922,0.69528
515,13,1.01684,1.44671,1.04649
515,14,1.01284,1.20105,0.72126
515,15,0.63329,1.11438,0.62092
515,16,1.03853,1.42053,1.00895
515,17,1.04791,1.52138,1.1573
515,18,1.20541,1.48407,1.10123
515,19,1.06902,1.57841,1.24569
1024,0,1.00746,1.44772,1.04795
1024,1,1.06025,1.458,1.06289
1024,2,0.72695,1.20707,0.72851
1024,3,0.65597,1.19297,0.71159
1024,4,0.93258,1.28613,0.82706
1024,5,1.05516,1.42163,1.01052
1024,6,0.82897,1.35064,0.91211
1024,7,1.08849,1.5461,1.19521
1024,8,0.98257,1.34976,0.91093
1024,9,0.87895,1.33399,0.88977
1024,10,0.97725,1.50681,1.13524
1024,11,0.82537,1.27766,0.81621
1024,12,0.98389,1.36657,0.93375
1024,13,0.84495,1.43278,1.02643
1024,14,1.09355,1.39842,0.97779
1024,15,0.79182,1.25009,0.78136
1024,16,1.18155,1.50891,1.1384
1024,17,1.08241,1.38535,0.9596
1024,18,0.67286,1.26109,0.79518
1024,19,1.38677,1.6034,1.28545
1025,0,0.64567,1.21689,0.74041
1025,1,0.90656,1.43414,1.02838
1025,2,0.88108,1.26788,0.80376
1025,3,1.0903,1.46574,1.0742
1025,4,0.98705,1.38914,0.96486
1025,5,1.0178,1.44272,1.04072
1025,6,1.08752,1.48915,1.10878
1025,7,1.08198,1.46386,1.07145
1025,8,1.1683,1.52813,1.16759
1025,9,0.78158,1.39938,0.97913
1025,10,0.87161,1.30964,0.85758
1025,11,0.75142,1.26046,0.79438
1025,12,0.78037,1.32366,0.87604
1025,13,1.12399,1.43572,1.03064
1025,14,0.94762,1.41607,1.00263
1025,15,0.70001,1.09681,0.60149
1025,16,0.72817,1.30732,0.85454
1025,17,1.06414,1.53474,1.17771
1025,18,1.19,1.40115,0.98161
1025,19,1.25257,1.59065,1.26509
1026,0,0.91903,1.37287,0.94239
1026,1,0.86381,1.37629,0.94709
1026,2,0.85817,1.34175,0.90015
1026,3,1.16706,1.41824,1.00571
1026,4,0.64746,1.08021,0.58342
1026,5,1.25063,1.55463,1.20844
1026,6,0.87657,1.46528,1.07352
1026,7,1.09376,1.48342,1.10026
1026,8,0.69271,1.20111,0.72134
1026,9,1.24687,1.45606,1.06006
1026,10,0.93372,1.27209,0.80911
1026,11,1.05128,1.43783,1.03367
1026,12,0.86889,1.34452,0.90387
1026,13,0.78937,1.23407,0.76146
1026,14,0.88634,1.3666,0.93379
1026,15,0.82566,1.20939,0.73131
1026,16,1.28523,1.50242,1.12864
1026,17,0.8744,1.35809,0.9222
1026,18,0.89756,1.31598,0.8659
1026,19,1.02923,1.40493,0.98691
1027,0,1.12551,1.44394,1.04248
1027,1,0.98913,1.46013,1.06598
1027,2,0.8378,1.321,0.87252
1027,3,0.5851,1.01398,0.51407
1027,4,0.92204,1.3261,0.87927
1027,5,0.95243,1.39344,0.97084
1027,6,0.66336,1.1604,0.67327
1027,7,0.9735,1.3173,0.86764
1027,8,0.83524,1.32532,0.87823
1027,9,1.4152,1.62139,1.31445
1027,10,1.10884,1.35034,0.91171
1027,11,0.71491,1.2191,0.7431
1027,12,1.06225,1.50609,1.13415
1027,13,1.01368,1.3108,0.8591
1027,14,0.98074,1.32046,0.87181
1027,15,0.9785,1.48562,1.10353
1027,16,1.00348,1.42987,1.02227
1027,17,1.00416,1.44401,1.04259
1027,18,1.04563,1.63216,1.33197
1027,19,0.84626,1.36402,0.93027
