seed,method,achieved_makespan_s,ot_lower_bound_s,gap_ratio,ceiling_log_m,ratio_ceiling_over_gap,gap_definition
42,cofly,873.85,543.28,0.6085,2.485,4.084,"(achieved - LB)/LB, LB = entropic-OT relaxation per method"
43,cofly,881.91,546.58,0.6135,2.485,4.05,"(achieved - LB)/LB, LB = entropic-OT relaxation per method"
44,cofly,995.17,618.43,0.6092,2.485,4.079,"(achieved - LB)/LB, LB = entropic-OT relaxation per method"
45,cofly,1025.18,635.44,0.6133,2.485,4.052,"(achieved - LB)/LB, LB = entropic-OT relaxation per method"
123,cofly,863.5,538.22,0.6044,2.485,4.112,"(achieved - LB)/LB, LB = entropic-OT relaxation per method"
124,cofly,911.09,570.21,0.5978,2.485,4.157,"(achieved - LB)/LB, LB = entropic-OT relaxation per method"
125,cofly,810.83,505.01,0.6056,2.485,4.104,"(achieved - LB)/LB, LB = entropic-OT relaxation per method"
126,cofly,971.61,598.82,0.6225,2.485,3.992,"(achieved - LB)/LB, LB = entropic-OT relaxation per method"
256,cofly,976.24,605.47,0.6124,2.485,4.058,"(achieved - LB)/LB, LB = entropic-OT relaxation per method"
257,cofly,1023.62,634.18,0.6141,2.485,4.047,"(achieved - LB)/LB, LB = entropic-OT relaxation per method"
258,cofly,934.71,585.52,0.5964,2.485,4.167,"(achieved - LB)/LB, LB = entropic-OT relaxation per method"
259,cofly,1044.22,645.14,0.6186,2.485,4.017,"(achieved - LB)/LB, LB = entropic-OT relaxation per method"
512,cofly,790.02,492.39,0.6045,2.485,4.111,"(achieved - LB)/LB, LB = entropic-OT relaxation per method"
513,cofly,861.42,534.91,0.6104,2.485,4.071,"(achieved - LB)/LB, LB = entropic-OT relaxation per method"
514,cofly,909.96,559.54,0.6262,2.485,3.968,"(achieved - LB)/LB, LB = entropic-OT relaxation per method"
515,cofly,884.68,552.04,0.6026,2.485,4.124,"(achieved - LB)/LB, LB = entropic-OT relaxation per method"
1024,cofly,875.19,542.51,0.6132,2.485,4.052,"(achieved - LB)/LB, LB = entropic-OT relaxation per method"
1025,cofly,894.37,554.54,0.6128,2.485,4.055,"(achieved - LB)/LB, LB = entropic-OT relaxation per method"
1026,cofly,785.78,491.73,0.598,2.485,4.156,"(achieved - LB)/LB, LB = entropic-OT relaxation per method"
1027,cofly,1082.04,669.52,0.6161,2.485,4.033,"(achieved - LB)/LB, LB = entropic-OT relaxation per method"
42,ot_auction,1479.02,840.13,0.7605,2.485,3.268,"(achieved - LB)/LB, LB = entropic-OT relaxation per method"
43,ot_auction,1338.34,760.24,0.7604,2.485,3.268,"(achieved - LB)/LB, LB = entropic-OT relaxation per method"
44,ot_auction,1281.5,724.8,0.7681,2.485,3.235,"(achieved - LB)/LB, LB = entropic-OT relaxation per method"
45,ot_auction,1267.04,724.49,0.7489,2.485,3.318,"(achieved - LB)/LB, LB = entropic-OT relaxation per method"
123,ot_auction,1893.4,1070.86,0.7681,2.485,3.235,"(achieved - LB)/LB, LB = entropic-OT relaxation per method"
124,ot_auction,1202.61,682.69,0.7616,2.485,3.263,"(achieved - LB)/LB, LB = entropic-OT relaxation per method"
125,ot_auction,1585.7,896.4,0.769,2.485,3.232,"(achieved - LB)/LB, LB = entropic-OT relaxation per method"
126,ot_auction,1259.2,715.94,0.7588,2.485,3.275,"(achieved - LB)/LB, LB = entropic-OT relaxation per method"
256,ot_auction,1247.17,709.73,0.7572,2.485,3.282,"(achieved - LB)/LB, LB = entropic-OT relaxation per method"
257,ot_auction,1096.99,623.2,0.7602,2.485,3.269,"(achieved - LB)/LB, LB = entropic-OT relaxation per method"
258,ot_auction,1429.81,817.27,0.7495,2.485,3.316,"(achieved - LB)/LB, LB = entropic-OT relaxation per method"
259,ot_auction,1044.13,591.39,0.7656,2.485,3.246,"(achieved - LB)/LB, LB = entropic-OT relaxation per method"
512,ot_auction,1848.52,1051.55,0.7579,2.485,3.279,"(achieved - LB)/LB, LB = entropic-OT relaxation per method"
513,ot_auction,1753.55,982.25,0.7852,2.485,3.165,"(achieved - LB)/LB, LB = entropic-OT relaxation per method"
514,ot_auction,1290.05,734.42,0.7565,2.485,3.285,"(achieved - LB)/LB, LB = entropic-OT relaxation per method"
515,ot_auction,1630.48,920.09,0.7721,2.485,3.219,"(achieved - LB)/LB, LB = entropic-OT relaxation per method"
1024,ot_auction,1264.84,716.39,0.7656,2.485,3.246,"(achieved - LB)/LB, LB = entropic-OT relaxation per method"
1025,ot_auction,1428.31,808.75,0.7661,2.485,3.244,"(achieved - LB)/LB, LB = entropic-OT relaxation per method"
1026,ot_auction,1592.95,902.32,0.7654,2.485,3.247,"(achieved - LB)/LB, LB = entropic-OT relaxation per method"
1027,ot_auction,1199.63,680.31,0.7634,2.485,3.255,"(achieved - LB)/LB, LB = entropic-OT relaxation per method"
