uav,dual_potential_f,task,dual_potential_g
0.0,-1.9837,,
1.0,-2.7905,,
2.0,-1.4745,,
3.0,-2.31,,
4.0,-1.022,,
5.0,-1.3951,,
,,0.0,-5.3483
,,1.0,-5.4456
,,2.0,-4.644
,,3.0,-5.7985
,,4.0,-3.1904
,,5.0,-7.2752
,,6.0,-1.2288
,,7.0,-4.7442
,,8.0,-10.1579
,,9.0,-7.357
,,10.0,-4.2284
,,11.0,-7.4697
,,12.0,-2.1418
,,13.0,-4.1332
,,14.0,-5.7109
,,15.0,-7.208
,,16.0,-5.1514
,,17.0,-6.7794
,,18.0,-1.8607
,,19.0,-8.6575
,,20.0,-4.3247
,,21.0,-5.3439
,,22.0,-7.4147
,,23.0,-5.6575
,,24.0,-7.9224
,,25.0,-3.9187
,,26.0,-2.0888
,,27.0,-2.4269
,,28.0,-3.023
,,29.0,-1.8923
