uav,task,cost,kernel
0,0,6.3155,0.0
0,1,5.1052,0.0
0,2,4.5395,2e-06
0,3,10.4093,0.0
0,4,5.6667,0.0
0,5,4.1666,7e-06
0,6,2.23,0.00171
0,7,4.8522,1e-06
0,8,4.1262,8e-06
0,9,3.0667,0.000157
0,10,6.8828,0.0
0,11,3.0824,0.00015
0,12,3.4716,4.9e-05
0,13,7.0757,0.0
0,14,3.3068,7.9e-05
0,15,4.5451,2e-06
0,16,3.5317,4.1e-05
0,17,4.2218,6e-06
0,18,7.7565,0.0
0,19,5.9203,0.0
0,20,4.4687,3e-06
0,21,2.4105,0.001021
0,22,3.0555,0.000162
0,23,2.3769,0.001124
0,24,4.9526,1e-06
0,25,1.407,0.017952
0,26,4.2442,5e-06
0,27,11.8122,0.0
0,28,3.8214,1.8e-05
0,29,0.7568,0.115059
1,0,11.4865,0.0
1,1,3.8233,1.8e-05
1,2,5.9384,0.0
1,3,3.3778,6.4e-05
1,4,5.1076,0.0
1,5,3.7569,2.2e-05
1,6,3.0798,0.000151
1,7,5.7045,0.0
1,8,3.7664,2.1e-05
1,9,3.673,2.8e-05
1,10,6.3106,0.0
1,11,2.7251,0.000415
1,12,3.1588,0.00012
1,13,5.2286,0.0
1,14,2.0428,0.002919
1,15,2.8806,0.000266
1,16,1.8712,0.004765
1,17,4.3532,4e-06
1,18,4.676,2e-06
1,19,3.7075,2.5e-05
1,20,1.874,0.004727
1,21,5.4719,0.0
1,22,7.4002,0.0
1,23,3.3311,7.4e-05
1,24,4.7793,1e-06
1,25,10.8704,0.0
1,26,3.0217,0.000178
1,27,1.4163,0.017481
1,28,4.12,8e-06
1,29,1.2262,0.030097
2,0,3.2405,9.5e-05
2,1,3.4015,6e-05
2,2,1.6264,0.009591
2,3,2.1835,0.001953
2,4,2.4227,0.000986
2,5,7.1542,0.0
2,6,3.9787,1.2e-05
2,7,1.663,0.008639
2,8,10.3009,0.0
2,9,3.8806,1.5e-05
2,10,6.3654,0.0
2,11,4.3275,4e-06
2,12,12.7138,0.0
2,13,2.4167,0.001003
2,14,3.138,0.000128
2,15,2.6951,0.000453
2,16,6.3422,0.0
2,17,3.8026,1.9e-05
2,18,6.217,0.0
2,19,4.1515,7e-06
2,20,4.85,1e-06
2,21,2.365,0.001163
2,22,3.1241,0.000133
2,23,2.2302,0.001709
2,24,6.853,0.0
2,25,3.8681,1.6e-05
2,26,0.7981,0.102253
2,27,1.072,0.04675
2,28,1.0603,0.048345
2,29,1.8171,0.005563
3,0,3.347,7e-05
3,1,1.919,0.004157
3,2,6.7954,0.0
3,3,8.7091,0.0
3,4,5.4051,0.0
3,5,5.2643,0.0
3,6,3.8366,1.7e-05
3,7,3.3992,6.1e-05
3,8,6.4066,0.0
3,9,3.0961,0.000144
3,10,1.5485,0.011984
3,11,6.5983,0.0
3,12,1.0208,0.05412
3,13,1.4713,0.01494
3,14,3.4414,5.4e-05
3,15,7.2317,0.0
3,16,5.1509,0.0
3,17,2.3819,0.001108
3,18,2.3379,0.001256
3,19,5.5208,0.0
3,20,12.7613,0.0
3,21,5.2965,0.0
3,22,6.8252,0.0
3,23,3.4043,6e-05
3,24,2.8189,0.000318
3,25,5.7706,0.0
3,26,1.5805,0.010935
3,27,6.4666,0.0
3,28,3.6289,3.1e-05
3,29,4.1117,8e-06
4,0,1.9088,0.00428
4,1,3.3025,8e-05
4,2,6.3014,0.0
4,3,4.1554,7e-06
4,4,1.1251,0.040168
4,5,4.7499,1e-06
4,6,0.4384,0.285793
4,7,5.3252,0.0
4,8,4.034,1e-05
4,9,3.351,6.9e-05
4,10,3.6868,2.7e-05
4,11,4.9788,1e-06
4,12,2.4315,0.000961
4,13,5.3994,0.0
4,14,5.13,0.0
4,15,5.7121,0.0
4,16,2.5411,0.000703
4,17,5.1153,0.0
4,18,3.8361,1.7e-05
4,19,4.0177,1e-05
4,20,3.3998,6e-05
4,21,2.0842,0.002593
4,22,7.7918,0.0
4,23,3.3272,7.4e-05
4,24,7.237,0.0
4,25,2.5472,0.000691
4,26,6.1903,0.0
4,27,1.3042,0.024079
4,28,2.9091,0.000246
4,29,6.8218,0.0
5,0,2.8273,0.00031
5,1,9.1673,0.0
5,2,3.6974,2.6e-05
5,3,2.4149,0.001008
5,4,4.8694,1e-06
5,5,2.5619,0.000662
5,6,1.8576,0.004955
5,7,4.8475,1e-06
5,8,5.6703,0.0
5,9,2.9397,0.000225
5,10,2.088,0.002565
5,11,8.9631,0.0
5,12,0.9721,0.062192
5,13,3.2695,8.8e-05
5,14,3.1305,0.00013
5,15,3.8024,1.9e-05
5,16,2.8616,0.000281
5,17,8.8706,0.0
5,18,0.6541,0.154284
5,19,3.1287,0.000131
5,20,1.6709,0.008446
5,21,5.4448,0.0
5,22,2.8302,0.000308
5,23,2.6962,0.000451
5,24,3.5204,4.3e-05
5,25,2.3515,0.001208
5,26,1.5958,0.010467
5,27,5.378,0.0
5,28,4.2525,5e-06
5,29,5.4522,0.0
