packet,t_ms,mesh_state,g5_state,wifi_state,occlusion_event,all_bad
0,0,0,0,0,0,0
1,10,0,0,0,0,0
2,20,0,0,0,0,0
3,30,0,0,0,0,0
4,40,0,0,0,0,0
5,50,0,0,0,0,0
6,60,0,0,0,0,0
7,70,0,1,0,0,0
8,80,0,1,0,0,0
9,90,0,1,0,0,0
10,100,1,1,1,0,1
11,110,0,0,0,0,0
12,120,0,0,0,0,0
13,130,1,1,1,1,1
14,140,0,0,0,0,0
15,150,0,0,0,0,0
16,160,1,1,1,1,1
17,170,1,0,1,0,0
18,180,1,0,0,0,0
19,190,1,0,0,0,0
20,200,0,0,0,0,0
21,210,0,0,0,0,0
22,220,0,0,1,0,0
23,230,1,0,1,0,0
24,240,1,0,0,0,0
25,250,1,0,0,0,0
26,260,1,1,0,0,0
27,270,0,1,1,0,0
28,280,0,1,1,0,0
29,290,1,1,1,0,1
30,300,1,0,0,0,0
31,310,1,1,0,0,0
32,320,1,1,0,0,0
33,330,1,0,0,0,0
34,340,1,0,0,0,0
35,350,1,0,0,0,0
36,360,0,1,0,0,0
37,370,0,1,0,0,0
38,380,0,0,0,0,0
39,390,0,0,0,0,0
40,400,0,0,0,0,0
41,410,0,0,1,0,0
42,420,0,0,0,0,0
43,430,0,0,0,0,0
44,440,0,0,0,0,0
45,450,0,0,0,0,0
46,460,1,0,0,0,0
47,470,1,0,1,0,0
48,480,0,0,0,0,0
49,490,0,0,0,0,0
50,500,0,0,0,0,0
51,510,0,0,0,0,0
52,520,0,0,0,0,0
53,530,0,0,0,0,0
54,540,0,0,0,0,0
55,550,0,1,0,0,0
56,560,0,0,0,0,0
57,570,1,1,0,0,0
58,580,1,1,0,0,0
59,590,1,1,0,0,0
60,600,1,0,0,0,0
61,610,1,0,0,0,0
62,620,1,0,0,0,0
63,630,0,0,0,0,0
64,640,0,0,0,0,0
65,650,0,0,0,0,0
66,660,0,0,1,0,0
67,670,1,0,1,0,0
68,680,0,0,1,0,0
69,690,0,0,0,0,0
70,700,0,1,0,0,0
71,710,0,1,0,0,0
72,720,0,0,0,0,0
73,730,0,0,0,0,0
74,740,0,0,0,0,0
75,750,0,0,0,0,0
76,760,0,0,0,0,0
77,770,0,0,0,0,0
78,780,0,0,0,0,0
79,790,0,0,0,0,0
80,800,0,0,0,0,0
81,810,0,0,1,0,0
82,820,0,1,1,0,0
83,830,0,1,1,0,0
84,840,1,0,1,0,0
85,850,1,1,0,0,0
86,860,0,0,0,0,0
87,870,0,0,0,0,0
88,880,0,0,0,0,0
89,890,0,1,0,0,0
90,900,0,1,0,0,0
91,910,0,1,1,0,0
92,920,0,1,1,0,0
93,930,0,1,1,0,0
94,940,0,1,1,0,0
95,950,0,1,1,0,0
96,960,0,0,1,0,0
97,970,0,0,1,0,0
98,980,1,0,1,0,0
99,990,1,0,1,0,0
100,1000,0,0,1,0,0
101,1010,1,0,1,0,0
102,1020,1,0,0,0,0
103,1030,0,0,0,0,0
104,1040,1,0,0,0,0
105,1050,1,0,0,0,0
106,1060,1,0,0,0,0
107,1070,1,0,0,0,0
108,1080,1,0,1,0,0
109,1090,1,0,1,0,0
110,1100,1,0,0,0,0
111,1110,0,0,0,0,0
112,1120,1,1,0,0,0
113,1130,1,0,0,0,0
114,1140,1,0,0,0,0
115,1150,1,0,0,0,0
116,1160,0,0,0,0,0
117,1170,0,0,0,0,0
118,1180,0,0,0,0,0
119,1190,1,0,0,0,0
120,1200,1,0,0,0,0
121,1210,0,0,0,0,0
122,1220,0,0,0,0,0
123,1230,0,0,1,0,0
124,1240,0,0,0,0,0
125,1250,0,0,0,0,0
126,1260,0,0,0,0,0
127,1270,0,0,1,0,0
128,1280,0,0,1,0,0
129,1290,0,0,0,0,0
130,1300,0,1,0,0,0
131,1310,0,1,0,0,0
132,1320,0,0,0,0,0
133,1330,0,0,0,0,0
134,1340,0,0,0,0,0
135,1350,0,0,0,0,0
136,1360,0,0,0,0,0
137,1370,0,0,1,0,0
138,1380,0,0,1,0,0
139,1390,0,0,0,0,0
140,1400,1,0,1,0,0
141,1410,1,0,1,0,0
142,1420,0,0,1,0,0
143,1430,1,0,1,0,0
144,1440,1,1,1,0,1
145,1450,1,1,1,0,1
146,1460,0,0,0,0,0
147,1470,0,0,0,0,0
148,1480,1,0,0,0,0
149,1490,0,0,0,0,0
150,1500,0,0,0,0,0
151,1510,0,0,0,0,0
152,1520,0,0,0,0,0
153,1530,0,0,0,0,0
154,1540,0,0,0,0,0
155,1550,1,0,0,0,0
156,1560,0,0,0,0,0
157,1570,0,0,1,0,0
158,1580,0,0,0,0,0
159,1590,0,0,0,0,0
160,1600,0,1,0,0,0
161,1610,0,1,0,0,0
162,1620,0,0,0,0,0
163,1630,0,0,0,0,0
164,1640,0,0,0,0,0
165,1650,1,1,0,0,0
166,1660,0,1,0,0,0
167,1670,0,1,1,0,0
168,1680,0,1,1,0,0
169,1690,0,1,1,0,0
170,1700,0,0,1,0,0
171,1710,0,0,0,0,0
172,1720,1,0,0,0,0
173,1730,1,0,0,0,0
174,1740,1,1,0,0,0
175,1750,0,0,0,0,0
176,1760,1,0,0,0,0
177,1770,1,1,0,0,0
178,1780,1,1,1,0,1
179,1790,0,1,1,0,0
180,1800,1,1,1,1,1
181,1810,1,1,1,0,1
182,1820,1,1,0,0,0
183,1830,0,0,0,0,0
184,1840,0,0,0,0,0
185,1850,0,1,1,0,0
186,1860,0,1,1,0,0
187,1870,0,1,1,0,0
188,1880,0,1,0,0,0
189,1890,0,1,0,0,0
190,1900,0,1,0,0,0
191,1910,0,1,1,0,0
192,1920,0,1,0,0,0
193,1930,0,0,0,0,0
194,1940,0,0,0,0,0
195,1950,0,0,0,0,0
196,1960,0,0,0,0,0
197,1970,0,0,0,0,0
198,1980,0,0,0,0,0
199,1990,0,0,0,0,0
200,2000,0,0,0,0,0
201,2010,0,0,0,0,0
202,2020,0,0,1,0,0
203,2030,0,0,1,0,0
204,2040,0,0,0,0,0
205,2050,0,1,0,0,0
206,2060,1,1,1,1,1
207,2070,1,0,0,0,0
208,2080,1,0,0,0,0
209,2090,0,0,0,0,0
210,2100,0,0,0,0,0
211,2110,0,0,1,0,0
212,2120,0,0,1,0,0
213,2130,0,0,1,0,0
214,2140,0,1,1,0,0
215,2150,0,1,0,0,0
216,2160,0,1,0,0,0
217,2170,0,0,1,0,0
218,2180,0,0,0,0,0
219,2190,0,0,0,0,0
220,2200,0,0,1,0,0
221,2210,0,0,0,0,0
222,2220,0,0,0,0,0
223,2230,0,0,0,0,0
224,2240,0,0,0,0,0
225,2250,0,0,0,0,0
226,2260,0,0,1,0,0
227,2270,0,0,1,0,0
228,2280,0,0,1,0,0
229,2290,0,0,0,0,0
230,2300,1,0,0,0,0
231,2310,1,1,1,0,1
232,2320,0,1,0,0,0
233,2330,0,1,0,0,0
234,2340,0,1,1,0,0
235,2350,1,1,1,0,1
236,2360,0,1,1,0,0
237,2370,1,1,1,0,1
238,2380,1,1,1,0,1
239,2390,0,0,1,0,0
240,2400,0,0,0,0,0
241,2410,0,0,0,0,0
242,2420,0,0,1,0,0
243,2430,0,0,1,0,0
244,2440,0,1,1,0,0
245,2450,0,1,1,0,0
246,2460,0,1,1,0,0
247,2470,1,1,0,0,0
248,2480,0,0,0,0,0
249,2490,0,0,0,0,0
250,2500,0,1,0,0,0
251,2510,0,1,0,0,0
252,2520,0,1,0,0,0
253,2530,0,1,0,0,0
254,2540,0,1,0,0,0
255,2550,0,1,0,0,0
256,2560,1,0,0,0,0
257,2570,1,0,0,0,0
258,2580,1,0,0,0,0
259,2590,0,0,0,0,0
260,2600,0,0,0,0,0
261,2610,0,0,1,0,0
262,2620,0,0,0,0,0
263,2630,0,0,1,0,0
264,2640,1,0,1,0,0
265,2650,1,0,0,0,0
266,2660,1,0,0,0,0
267,2670,1,0,0,0,0
268,2680,1,1,1,1,1
269,2690,0,0,0,0,0
270,2700,0,0,1,0,0
271,2710,0,1,0,0,0
272,2720,0,0,1,0,0
273,2730,0,1,1,0,0
274,2740,0,1,1,0,0
275,2750,0,0,0,0,0
276,2760,0,0,0,0,0
277,2770,0,0,0,0,0
278,2780,0,0,0,0,0
279,2790,0,0,0,0,0
280,2800,0,0,0,0,0
281,2810,0,0,0,0,0
282,2820,0,0,0,0,0
283,2830,0,0,0,0,0
284,2840,0,0,0,0,0
285,2850,0,0,0,0,0
286,2860,0,0,0,0,0
287,2870,0,0,0,0,0
288,2880,0,0,0,0,0
289,2890,0,0,0,0,0
290,2900,1,0,0,0,0
291,2910,1,0,0,0,0
292,2920,0,0,0,0,0
293,2930,0,0,0,0,0
294,2940,0,0,0,0,0
295,2950,0,0,1,0,0
296,2960,0,0,1,0,0
297,2970,1,0,0,0,0
298,2980,1,1,0,0,0
299,2990,1,1,0,0,0
300,3000,1,1,0,0,0
301,3010,1,1,0,0,0
302,3020,1,1,1,0,1
303,3030,1,1,1,0,1
304,3040,1,1,0,0,0
305,3050,1,1,0,0,0
306,3060,1,0,0,0,0
307,3070,1,0,0,0,0
308,3080,1,0,0,0,0
309,3090,0,0,0,0,0
310,3100,0,0,0,0,0
311,3110,0,1,0,0,0
312,3120,0,1,0,0,0
313,3130,0,1,0,0,0
314,3140,0,0,0,0,0
315,3150,0,0,0,0,0
316,3160,0,0,0,0,0
317,3170,0,0,0,0,0
318,3180,0,0,0,0,0
319,3190,0,1,0,0,0
320,3200,0,0,0,0,0
321,3210,0,0,0,0,0
322,3220,0,0,0,0,0
323,3230,0,1,1,0,0
324,3240,1,1,1,0,1
325,3250,1,0,0,0,0
326,3260,1,0,0,0,0
327,3270,0,0,0,0,0
328,3280,0,0,0,0,0
329,3290,0,0,0,0,0
330,3300,1,0,0,0,0
331,3310,1,0,0,0,0
332,3320,1,1,1,0,1
333,3330,1,1,0,0,0
334,3340,0,1,0,0,0
335,3350,0,1,0,0,0
336,3360,1,1,1,1,1
337,3370,1,1,0,0,0
338,3380,1,1,1,1,1
339,3390,1,1,1,0,1
340,3400,1,0,1,0,0
341,3410,1,0,1,0,0
342,3420,1,1,1,0,1
343,3430,0,1,0,0,0
344,3440,0,1,0,0,0
345,3450,1,1,0,0,0
346,3460,0,1,0,0,0
347,3470,0,0,0,0,0
348,3480,0,1,0,0,0
349,3490,1,1,0,0,0
350,3500,1,0,0,0,0
351,3510,1,0,0,0,0
352,3520,0,0,0,0,0
353,3530,0,0,0,0,0
354,3540,1,0,0,0,0
355,3550,1,0,1,0,0
356,3560,0,0,0,0,0
357,3570,1,1,1,1,1
358,3580,0,1,1,0,0
359,3590,0,1,1,0,0
360,3600,0,1,1,0,0
361,3610,0,1,0,0,0
362,3620,0,1,0,0,0
363,3630,0,1,0,0,0
364,3640,0,0,0,0,0
365,3650,1,0,0,0,0
366,3660,0,1,1,0,0
367,3670,0,1,1,0,0
368,3680,0,0,0,0,0
369,3690,0,0,1,0,0
370,3700,1,0,0,0,0
371,3710,1,0,1,0,0
372,3720,0,1,1,0,0
373,3730,0,1,1,0,0
374,3740,0,1,1,0,0
375,3750,1,1,1,0,1
376,3760,1,1,1,0,1
377,3770,0,1,1,0,0
378,3780,0,0,1,0,0
379,3790,0,0,0,0,0
380,3800,1,0,0,0,0
381,3810,0,1,0,0,0
382,3820,1,1,1,1,1
383,3830,0,0,0,0,0
384,3840,0,1,0,0,0
385,3850,0,1,0,0,0
386,3860,0,1,0,0,0
387,3870,0,1,0,0,0
388,3880,0,0,0,0,0
389,3890,0,0,0,0,0
390,3900,1,1,1,1,1
391,3910,0,0,0,0,0
392,3920,0,0,0,0,0
393,3930,0,0,0,0,0
394,3940,1,0,1,0,0
395,3950,1,0,1,0,0
396,3960,0,1,0,0,0
397,3970,0,1,0,0,0
398,3980,1,0,0,0,0
399,3990,0,1,0,0,0
400,4000,0,0,1,0,0
401,4010,0,0,1,0,0
402,4020,0,0,0,0,0
403,4030,0,0,0,0,0
404,4040,0,0,1,0,0
405,4050,0,0,1,0,0
406,4060,0,1,1,0,0
407,4070,0,1,1,0,0
408,4080,0,1,1,0,0
409,4090,1,1,1,1,1
410,4100,0,1,1,0,0
411,4110,0,1,0,0,0
412,4120,0,1,0,0,0
413,4130,0,1,1,0,0
414,4140,0,0,0,0,0
415,4150,0,0,0,0,0
416,4160,1,0,0,0,0
417,4170,1,0,0,0,0
418,4180,1,0,1,0,0
419,4190,1,0,1,0,0
420,4200,0,1,1,0,0
421,4210,1,1,1,0,1
422,4220,0,1,1,0,0
423,4230,0,1,1,0,0
424,4240,1,1,0,0,0
425,4250,1,1,0,0,0
426,4260,0,0,0,0,0
427,4270,1,1,0,0,0
428,4280,0,1,0,0,0
429,4290,0,1,0,0,0
430,4300,0,1,0,0,0
431,4310,0,1,0,0,0
432,4320,0,0,0,0,0
433,4330,0,0,0,0,0
434,4340,1,1,0,0,0
435,4350,1,1,0,0,0
436,4360,1,0,0,0,0
437,4370,1,0,0,0,0
438,4380,0,1,0,0,0
439,4390,1,0,0,0,0
440,4400,1,0,0,0,0
441,4410,0,0,0,0,0
442,4420,0,0,0,0,0
443,4430,0,0,0,0,0
444,4440,0,0,0,0,0
445,4450,0,0,0,0,0
446,4460,1,1,0,0,0
447,4470,0,1,0,0,0
448,4480,0,1,0,0,0
449,4490,0,1,0,0,0
450,4500,0,1,0,0,0
451,4510,0,1,0,0,0
452,4520,1,1,1,0,1
453,4530,0,1,0,0,0
454,4540,0,1,0,0,0
455,4550,1,1,0,0,0
456,4560,1,1,0,0,0
457,4570,0,0,0,0,0
458,4580,0,0,0,0,0
459,4590,0,1,0,0,0
460,4600,0,1,0,0,0
461,4610,0,1,0,0,0
462,4620,0,1,0,0,0
463,4630,0,1,1,0,0
464,4640,0,1,1,0,0
465,4650,0,1,0,0,0
466,4660,0,1,0,0,0
467,4670,0,1,0,0,0
468,4680,0,1,1,0,0
469,4690,1,1,1,0,1
470,4700,1,1,0,0,0
471,4710,1,1,0,0,0
472,4720,1,1,0,0,0
473,4730,1,1,1,0,1
474,4740,1,0,1,0,0
475,4750,1,0,1,0,0
476,4760,1,1,1,0,1
477,4770,0,0,0,0,0
478,4780,0,0,0,0,0
479,4790,0,0,0,0,0
480,4800,0,0,0,0,0
481,4810,1,0,0,0,0
482,4820,0,1,0,0,0
483,4830,0,1,0,0,0
484,4840,0,1,0,0,0
485,4850,0,1,1,0,0
486,4860,0,1,1,0,0
487,4870,0,1,1,0,0
488,4880,0,1,1,0,0
489,4890,0,0,1,0,0
490,4900,0,0,1,0,0
491,4910,0,1,1,0,0
492,4920,0,1,1,0,0
493,4930,0,0,1,0,0
494,4940,1,0,1,0,0
495,4950,1,0,0,0,0
496,4960,1,0,0,0,0
497,4970,1,0,0,0,0
498,4980,1,0,0,0,0
499,4990,0,0,0,0,0
500,5000,0,0,0,0,0
501,5010,0,0,0,0,0
502,5020,0,1,0,0,0
503,5030,0,0,0,0,0
504,5040,0,0,0,0,0
505,5050,1,0,0,0,0
506,5060,1,0,0,0,0
507,5070,1,0,0,0,0
508,5080,0,0,0,0,0
509,5090,0,0,0,0,0
510,5100,1,1,1,1,1
511,5110,0,0,1,0,0
512,5120,0,0,1,0,0
513,5130,0,0,0,0,0
514,5140,0,0,0,0,0
515,5150,0,0,0,0,0
516,5160,0,0,0,0,0
517,5170,0,0,0,0,0
518,5180,0,0,0,0,0
519,5190,0,0,0,0,0
520,5200,0,1,0,0,0
521,5210,1,1,0,0,0
522,5220,0,0,0,0,0
523,5230,0,0,0,0,0
524,5240,0,0,0,0,0
525,5250,0,1,0,0,0
526,5260,0,0,0,0,0
527,5270,1,0,1,0,0
528,5280,1,0,0,0,0
529,5290,1,0,0,0,0
530,5300,1,1,0,0,0
531,5310,0,1,0,0,0
532,5320,0,1,0,0,0
533,5330,1,0,1,0,0
534,5340,1,0,1,0,0
535,5350,1,0,0,0,0
536,5360,0,0,1,0,0
537,5370,0,0,1,0,0
538,5380,0,0,1,0,0
539,5390,0,0,1,0,0
540,5400,0,0,0,0,0
541,5410,1,1,0,0,0
542,5420,0,1,0,0,0
543,5430,0,1,0,0,0
544,5440,1,1,0,0,0
545,5450,1,1,0,0,0
546,5460,0,1,0,0,0
547,5470,0,1,0,0,0
548,5480,0,1,0,0,0
549,5490,0,1,0,0,0
550,5500,0,1,0,0,0
551,5510,0,1,1,0,0
552,5520,0,0,0,0,0
553,5530,0,0,0,0,0
554,5540,0,0,0,0,0
555,5550,0,1,0,0,0
556,5560,0,1,0,0,0
557,5570,1,1,0,0,0
558,5580,1,1,1,0,1
559,5590,1,1,0,0,0
560,5600,1,1,1,0,1
561,5610,0,1,0,0,0
562,5620,0,1,0,0,0
563,5630,1,0,0,0,0
564,5640,1,0,1,0,0
565,5650,1,0,1,0,0
566,5660,0,0,0,0,0
567,5670,0,0,0,0,0
568,5680,0,0,1,0,0
569,5690,0,1,1,0,0
570,5700,0,1,0,0,0
571,5710,0,1,0,0,0
572,5720,0,1,0,0,0
573,5730,0,1,0,0,0
574,5740,0,1,0,0,0
575,5750,0,1,0,0,0
576,5760,0,0,0,0,0
577,5770,0,1,0,0,0
578,5780,1,1,0,0,0
579,5790,1,0,0,0,0
580,5800,1,0,1,0,0
581,5810,0,0,1,0,0
582,5820,0,0,1,0,0
583,5830,0,0,1,0,0
584,5840,0,0,1,0,0
585,5850,1,0,0,0,0
586,5860,0,0,0,0,0
587,5870,0,0,0,0,0
588,5880,0,0,0,0,0
589,5890,1,0,0,0,0
590,5900,1,1,0,0,0
591,5910,1,1,0,0,0
592,5920,1,0,0,0,0
593,5930,0,0,0,0,0
594,5940,0,0,0,0,0
595,5950,0,0,0,0,0
596,5960,0,0,0,0,0
597,5970,1,0,0,0,0
598,5980,0,0,0,0,0
599,5990,1,1,1,1,1
600,6000,0,1,0,0,0
601,6010,1,1,1,0,1
602,6020,1,1,1,0,1
603,6030,0,1,1,0,0
604,6040,1,0,0,0,0
605,6050,0,0,0,0,0
606,6060,0,0,0,0,0
607,6070,0,1,0,0,0
608,6080,0,1,0,0,0
609,6090,0,0,0,0,0
610,6100,1,0,1,0,0
611,6110,1,0,1,0,0
612,6120,1,0,1,0,0
613,6130,1,0,1,0,0
614,6140,0,0,1,0,0
615,6150,0,0,1,0,0
616,6160,0,0,1,0,0
617,6170,0,0,0,0,0
618,6180,0,0,1,0,0
619,6190,0,1,1,0,0
620,6200,0,0,1,0,0
621,6210,0,0,1,0,0
622,6220,1,0,1,0,0
623,6230,0,0,1,0,0
624,6240,0,0,0,0,0
625,6250,0,0,0,0,0
626,6260,0,0,0,0,0
627,6270,0,0,0,0,0
628,6280,0,0,0,0,0
629,6290,0,0,0,0,0
630,6300,0,0,0,0,0
631,6310,0,0,0,0,0
632,6320,0,0,0,0,0
633,6330,0,0,0,0,0
634,6340,0,0,0,0,0
635,6350,0,0,0,0,0
636,6360,0,0,0,0,0
637,6370,1,0,0,0,0
638,6380,0,0,0,0,0
639,6390,1,1,0,0,0
640,6400,1,1,0,0,0
641,6410,1,1,0,0,0
642,6420,1,0,0,0,0
643,6430,1,1,1,0,1
644,6440,0,1,0,0,0
645,6450,0,1,0,0,0
646,6460,0,1,0,0,0
647,6470,0,1,0,0,0
648,6480,0,0,0,0,0
649,6490,0,0,0,0,0
650,6500,0,0,0,0,0
651,6510,0,0,0,0,0
652,6520,0,0,1,0,0
653,6530,0,0,1,0,0
654,6540,0,0,0,0,0
655,6550,0,0,0,0,0
656,6560,0,0,0,0,0
657,6570,1,0,1,0,0
658,6580,1,0,1,0,0
659,6590,1,0,0,0,0
660,6600,0,0,0,0,0
661,6610,0,0,0,0,0
662,6620,1,1,0,0,0
663,6630,1,1,1,1,1
664,6640,0,1,0,0,0
665,6650,0,1,0,0,0
666,6660,0,1,0,0,0
667,6670,0,1,0,0,0
668,6680,0,1,0,0,0
669,6690,0,1,0,0,0
670,6700,0,1,0,0,0
671,6710,0,0,0,0,0
672,6720,1,0,0,0,0
673,6730,0,0,0,0,0
674,6740,0,1,0,0,0
675,6750,0,1,0,0,0
676,6760,1,1,0,0,0
677,6770,1,0,0,0,0
678,6780,1,0,0,0,0
679,6790,0,0,0,0,0
680,6800,0,0,1,0,0
681,6810,0,0,1,0,0
682,6820,1,0,0,0,0
683,6830,1,0,0,0,0
684,6840,1,0,0,0,0
685,6850,1,0,0,0,0
686,6860,1,0,0,0,0
687,6870,1,0,0,0,0
688,6880,0,0,0,0,0
689,6890,0,0,0,0,0
690,6900,0,0,0,0,0
691,6910,0,0,0,0,0
692,6920,0,0,0,0,0
693,6930,0,0,1,0,0
694,6940,0,0,0,0,0
695,6950,0,1,0,0,0
696,6960,1,0,0,0,0
697,6970,0,1,0,0,0
698,6980,0,1,0,0,0
699,6990,0,0,0,0,0
700,7000,0,0,0,0,0
701,7010,0,0,0,0,0
702,7020,1,0,1,0,0
703,7030,1,0,1,0,0
704,7040,1,0,1,0,0
705,7050,1,0,1,0,0
706,7060,1,0,1,0,0
707,7070,1,0,0,0,0
708,7080,0,0,0,0,0
709,7090,0,0,0,0,0
710,7100,1,0,0,0,0
711,7110,1,1,0,0,0
712,7120,1,1,0,0,0
713,7130,1,1,1,0,1
714,7140,1,1,0,0,0
715,7150,1,0,0,0,0
716,7160,0,0,0,0,0
717,7170,0,0,0,0,0
718,7180,0,0,0,0,0
719,7190,0,0,0,0,0
720,7200,0,0,0,0,0
721,7210,1,0,0,0,0
722,7220,1,0,0,0,0
723,7230,1,0,0,0,0
724,7240,0,0,0,0,0
725,7250,0,0,0,0,0
726,7260,1,0,0,0,0
727,7270,1,1,0,0,0
728,7280,1,0,0,0,0
729,7290,1,1,0,0,0
730,7300,0,1,0,0,0
731,7310,1,1,0,0,0
732,7320,1,1,1,0,1
733,7330,1,1,1,0,1
734,7340,1,1,1,0,1
735,7350,1,0,0,0,0
736,7360,1,0,0,0,0
737,7370,0,0,0,0,0
738,7380,1,0,0,0,0
739,7390,0,0,0,0,0
740,7400,1,1,0,0,0
741,7410,1,1,1,0,1
742,7420,0,1,1,0,0
743,7430,0,1,0,0,0
744,7440,1,1,0,0,0
745,7450,0,0,0,0,0
746,7460,0,0,1,0,0
747,7470,0,0,1,0,0
748,7480,0,1,0,0,0
749,7490,0,1,0,0,0
750,7500,0,0,0,0,0
751,7510,0,0,0,0,0
752,7520,0,0,0,0,0
753,7530,1,1,0,0,0
754,7540,1,1,0,0,0
755,7550,0,1,0,0,0
756,7560,0,0,0,0,0
757,7570,0,1,0,0,0
758,7580,0,0,0,0,0
759,7590,0,0,0,0,0
760,7600,0,0,0,0,0
761,7610,0,0,0,0,0
762,7620,0,0,0,0,0
763,7630,0,0,0,0,0
764,7640,0,1,0,0,0
765,7650,0,1,0,0,0
766,7660,0,1,0,0,0
767,7670,0,0,0,0,0
768,7680,0,0,0,0,0
769,7690,0,0,0,0,0
770,7700,1,0,0,0,0
771,7710,1,0,1,0,0
772,7720,0,0,0,0,0
773,7730,0,0,0,0,0
774,7740,1,0,0,0,0
775,7750,1,0,1,0,0
776,7760,1,1,1,0,1
777,7770,1,1,0,0,0
778,7780,0,1,0,0,0
779,7790,0,0,0,0,0
780,7800,0,1,0,0,0
781,7810,1,1,0,0,0
782,7820,0,0,0,0,0
783,7830,0,0,0,0,0
784,7840,0,0,0,0,0
785,7850,1,0,0,0,0
786,7860,1,1,1,0,1
787,7870,1,0,0,0,0
788,7880,0,0,0,0,0
789,7890,0,0,0,0,0
790,7900,0,0,1,0,0
791,7910,0,0,1,0,0
792,7920,0,0,1,0,0
793,7930,0,1,0,0,0
794,7940,0,1,0,0,0
795,7950,0,1,0,0,0
796,7960,0,0,0,0,0
797,7970,0,0,0,0,0
798,7980,0,0,0,0,0
799,7990,0,1,0,0,0
800,8000,0,1,0,0,0
801,8010,0,1,0,0,0
802,8020,0,1,0,0,0
803,8030,0,0,0,0,0
804,8040,0,0,0,0,0
805,8050,0,0,0,0,0
806,8060,0,1,0,0,0
807,8070,0,1,0,0,0
808,8080,0,0,0,0,0
809,8090,0,0,0,0,0
810,8100,0,1,0,0,0
811,8110,0,1,0,0,0
812,8120,0,0,0,0,0
813,8130,0,0,0,0,0
814,8140,0,0,0,0,0
815,8150,1,0,0,0,0
816,8160,1,0,0,0,0
817,8170,1,0,0,0,0
818,8180,1,0,1,0,0
819,8190,1,1,1,0,1
820,8200,0,1,0,0,0
821,8210,0,1,0,0,0
822,8220,0,0,0,0,0
823,8230,0,1,0,0,0
824,8240,1,1,0,0,0
825,8250,0,1,0,0,0
826,8260,0,1,0,0,0
827,8270,0,1,0,0,0
828,8280,0,0,0,0,0
829,8290,0,0,0,0,0
830,8300,0,0,0,0,0
831,8310,0,0,0,0,0
832,8320,0,0,0,0,0
833,8330,0,0,1,0,0
834,8340,1,0,1,0,0
835,8350,0,0,1,0,0
836,8360,1,0,1,0,0
837,8370,1,0,1,0,0
838,8380,0,0,0,0,0
839,8390,0,0,0,0,0
840,8400,0,0,0,0,0
841,8410,0,0,0,0,0
842,8420,0,0,0,0,0
843,8430,0,0,0,0,0
844,8440,1,0,0,0,0
845,8450,1,0,0,0,0
846,8460,1,0,0,0,0
847,8470,1,0,0,0,0
848,8480,1,0,0,0,0
849,8490,1,0,0,0,0
850,8500,0,0,0,0,0
851,8510,0,0,0,0,0
852,8520,1,1,0,0,0
853,8530,0,1,1,0,0
854,8540,0,0,0,0,0
855,8550,0,0,0,0,0
856,8560,1,0,0,0,0
857,8570,1,0,0,0,0
858,8580,0,0,1,0,0
859,8590,1,0,0,0,0
860,8600,1,0,0,0,0
861,8610,0,0,0,0,0
862,8620,0,0,0,0,0
863,8630,0,0,0,0,0
864,8640,0,0,0,0,0
865,8650,0,0,1,0,0
866,8660,0,0,1,0,0
867,8670,0,0,0,0,0
868,8680,0,0,0,0,0
869,8690,1,0,1,0,0
870,8700,0,0,1,0,0
871,8710,1,0,0,0,0
872,8720,0,0,0,0,0
873,8730,0,0,0,0,0
874,8740,0,0,0,0,0
875,8750,0,0,0,0,0
876,8760,0,0,1,0,0
877,8770,0,0,1,0,0
878,8780,0,1,0,0,0
879,8790,0,1,0,0,0
880,8800,0,1,0,0,0
881,8810,0,1,0,0,0
882,8820,0,1,0,0,0
883,8830,0,0,0,0,0
884,8840,0,0,0,0,0
885,8850,0,1,1,0,0
886,8860,0,1,1,0,0
887,8870,0,1,0,0,0
888,8880,1,1,0,0,0
889,8890,0,1,1,0,0
890,8900,0,1,1,0,0
891,8910,0,1,0,0,0
892,8920,0,1,0,0,0
893,8930,0,1,0,0,0
894,8940,0,0,0,0,0
895,8950,0,0,0,0,0
896,8960,0,0,0,0,0
897,8970,0,0,0,0,0
898,8980,0,0,1,0,0
899,8990,1,0,0,0,0
900,9000,1,1,1,0,1
901,9010,0,0,0,0,0
902,9020,0,1,0,0,0
903,9030,0,1,0,0,0
904,9040,0,0,0,0,0
905,9050,0,0,1,0,0
906,9060,1,0,1,0,0
907,9070,1,1,1,0,1
908,9080,1,0,1,0,0
909,9090,1,1,1,0,1
910,9100,0,1,1,0,0
911,9110,0,0,0,0,0
912,9120,0,0,0,0,0
913,9130,0,0,0,0,0
914,9140,0,0,1,0,0
915,9150,0,1,1,0,0
916,9160,0,0,0,0,0
917,9170,0,0,1,0,0
918,9180,0,0,1,0,0
919,9190,0,0,1,0,0
920,9200,0,0,1,0,0
921,9210,0,0,1,0,0
922,9220,0,0,1,0,0
923,9230,0,0,1,0,0
924,9240,0,0,1,0,0
925,9250,0,0,1,0,0
926,9260,0,0,0,0,0
927,9270,0,0,0,0,0
928,9280,0,0,0,0,0
929,9290,0,0,0,0,0
930,9300,0,0,1,0,0
931,9310,1,0,0,0,0
932,9320,1,0,1,0,0
933,9330,0,0,1,0,0
934,9340,0,0,1,0,0
935,9350,0,0,0,0,0
936,9360,1,0,1,0,0
937,9370,1,0,0,0,0
938,9380,1,0,1,0,0
939,9390,0,0,0,0,0
940,9400,0,0,0,0,0
941,9410,0,0,0,0,0
942,9420,0,0,0,0,0
943,9430,0,1,0,0,0
944,9440,0,1,0,0,0
945,9450,0,1,0,0,0
946,9460,0,1,0,0,0
947,9470,0,0,1,0,0
948,9480,0,0,1,0,0
949,9490,0,0,1,0,0
950,9500,0,0,0,0,0
951,9510,0,0,0,0,0
952,9520,1,0,0,0,0
953,9530,1,1,0,0,0
954,9540,1,1,0,0,0
955,9550,0,0,0,0,0
956,9560,0,0,0,0,0
957,9570,0,0,0,0,0
958,9580,0,1,0,0,0
959,9590,0,1,0,0,0
960,9600,0,1,0,0,0
961,9610,0,0,0,0,0
962,9620,0,0,0,0,0
963,9630,0,0,0,0,0
964,9640,0,0,1,0,0
965,9650,0,0,1,0,0
966,9660,1,0,0,0,0
967,9670,1,0,0,0,0
968,9680,1,0,0,0,0
969,9690,1,0,0,0,0
970,9700,0,0,0,0,0
971,9710,1,0,0,0,0
972,9720,0,0,0,0,0
973,9730,0,0,0,0,0
974,9740,0,0,1,0,0
975,9750,1,0,1,0,0
976,9760,1,0,1,0,0
977,9770,0,0,1,0,0
978,9780,1,0,1,0,0
979,9790,1,0,1,0,0
980,9800,1,0,1,0,0
981,9810,1,0,1,0,0
982,9820,0,0,1,0,0
983,9830,0,0,1,0,0
984,9840,1,0,0,0,0
985,9850,1,0,0,0,0
986,9860,1,1,0,0,0
987,9870,1,0,1,0,0
988,9880,1,0,0,0,0
989,9890,1,0,0,0,0
990,9900,1,0,0,0,0
991,9910,1,0,0,0,0
992,9920,1,0,1,0,0
993,9930,1,0,0,0,0
994,9940,0,1,1,0,0
995,9950,1,0,1,0,0
996,9960,1,0,1,0,0
997,9970,0,0,1,0,0
998,9980,1,0,1,0,0
999,9990,1,0,0,0,0
1000,10000,1,0,0,0,0
1001,10010,1,0,0,0,0
1002,10020,1,0,0,0,0
1003,10030,0,0,0,0,0
1004,10040,0,0,0,0,0
1005,10050,0,0,0,0,0
1006,10060,0,0,0,0,0
1007,10070,1,1,0,0,0
1008,10080,1,0,0,0,0
1009,10090,1,0,1,0,0
1010,10100,0,0,1,0,0
1011,10110,0,0,0,0,0
1012,10120,0,1,0,0,0
1013,10130,1,1,0,0,0
1014,10140,1,1,0,0,0
1015,10150,0,1,0,0,0
1016,10160,0,1,0,0,0
1017,10170,0,0,1,0,0
1018,10180,0,0,1,0,0
1019,10190,0,0,0,0,0
1020,10200,1,0,0,0,0
1021,10210,1,0,0,0,0
1022,10220,1,0,0,0,0
1023,10230,1,0,0,0,0
1024,10240,1,0,1,0,0
1025,10250,1,0,0,0,0
1026,10260,1,0,1,0,0
1027,10270,1,0,0,0,0
1028,10280,1,0,0,0,0
1029,10290,0,0,0,0,0
1030,10300,0,0,0,0,0
1031,10310,1,0,0,0,0
1032,10320,0,1,0,0,0
1033,10330,0,1,0,0,0
1034,10340,0,1,0,0,0
1035,10350,0,1,0,0,0
1036,10360,0,1,1,0,0
1037,10370,0,1,1,0,0
1038,10380,0,1,1,0,0
1039,10390,0,1,1,0,0
1040,10400,0,1,0,0,0
1041,10410,1,1,0,0,0
1042,10420,1,0,1,0,0
1043,10430,0,0,0,0,0
1044,10440,0,0,0,0,0
1045,10450,0,0,0,0,0
1046,10460,0,0,0,0,0
1047,10470,0,0,1,0,0
1048,10480,0,1,0,0,0
1049,10490,1,1,0,0,0
1050,10500,0,1,0,0,0
1051,10510,0,1,0,0,0
1052,10520,0,1,0,0,0
1053,10530,0,1,0,0,0
1054,10540,0,1,0,0,0
1055,10550,1,1,0,0,0
1056,10560,0,1,0,0,0
1057,10570,1,0,1,0,0
1058,10580,1,0,0,0,0
1059,10590,1,0,0,0,0
1060,10600,1,1,0,0,0
1061,10610,1,1,0,0,0
1062,10620,1,0,0,0,0
1063,10630,0,0,0,0,0
1064,10640,1,0,0,0,0
1065,10650,1,1,0,0,0
1066,10660,1,0,0,0,0
1067,10670,1,0,0,0,0
1068,10680,1,0,0,0,0
1069,10690,1,0,0,0,0
1070,10700,1,0,0,0,0
1071,10710,1,0,0,0,0
1072,10720,0,0,0,0,0
1073,10730,0,0,1,0,0
1074,10740,0,1,0,0,0
1075,10750,1,0,0,0,0
1076,10760,0,1,0,0,0
1077,10770,0,0,0,0,0
1078,10780,0,0,0,0,0
1079,10790,0,0,1,0,0
1080,10800,0,0,0,0,0
1081,10810,0,1,0,0,0
1082,10820,0,1,0,0,0
1083,10830,0,1,0,0,0
1084,10840,0,0,0,0,0
1085,10850,0,0,0,0,0
1086,10860,0,0,0,0,0
1087,10870,0,0,0,0,0
1088,10880,0,0,0,0,0
1089,10890,0,0,0,0,0
1090,10900,0,0,0,0,0
1091,10910,0,0,0,0,0
1092,10920,0,1,1,0,0
1093,10930,0,1,1,0,0
1094,10940,1,1,0,0,0
1095,10950,1,1,0,0,0
1096,10960,1,1,0,0,0
1097,10970,1,1,0,0,0
1098,10980,0,0,1,0,0
1099,10990,0,0,0,0,0
1100,11000,0,0,1,0,0
1101,11010,0,0,0,0,0
1102,11020,0,0,1,0,0
1103,11030,0,0,1,0,0
1104,11040,1,0,1,0,0
1105,11050,0,0,0,0,0
1106,11060,0,0,1,0,0
1107,11070,0,1,1,0,0
1108,11080,1,0,1,0,0
1109,11090,0,0,0,0,0
1110,11100,0,0,0,0,0
1111,11110,1,0,0,0,0
1112,11120,0,0,0,0,0
1113,11130,0,0,0,0,0
1114,11140,0,0,0,0,0
1115,11150,1,1,0,0,0
1116,11160,0,1,0,0,0
1117,11170,0,1,1,0,0
1118,11180,1,1,1,0,1
1119,11190,0,1,1,0,0
1120,11200,0,1,1,0,0
1121,11210,0,1,1,0,0
1122,11220,0,0,1,0,0
1123,11230,0,1,1,0,0
1124,11240,0,1,1,0,0
1125,11250,0,1,0,0,0
1126,11260,0,1,0,0,0
1127,11270,0,1,0,0,0
1128,11280,0,1,0,0,0
1129,11290,0,0,0,0,0
1130,11300,0,0,0,0,0
1131,11310,0,0,0,0,0
1132,11320,0,0,0,0,0
1133,11330,0,0,1,0,0
1134,11340,1,0,1,0,0
1135,11350,0,0,0,0,0
1136,11360,1,0,1,0,0
1137,11370,0,1,1,0,0
1138,11380,0,0,1,0,0
1139,11390,0,0,1,0,0
1140,11400,0,0,1,0,0
1141,11410,0,1,1,0,0
1142,11420,0,0,0,0,0
1143,11430,0,0,0,0,0
1144,11440,1,1,1,1,1
1145,11450,0,0,1,0,0
1146,11460,0,0,1,0,0
1147,11470,0,1,1,0,0
1148,11480,0,1,1,0,0
1149,11490,1,0,1,0,0
1150,11500,1,0,1,0,0
1151,11510,1,1,1,0,1
1152,11520,1,1,1,0,1
1153,11530,1,1,0,0,0
1154,11540,0,0,1,0,0
1155,11550,1,0,1,0,0
1156,11560,0,0,1,0,0
1157,11570,1,0,0,0,0
1158,11580,1,0,0,0,0
1159,11590,0,0,0,0,0
1160,11600,0,0,0,0,0
1161,11610,0,0,0,0,0
1162,11620,0,1,0,0,0
1163,11630,0,1,0,0,0
1164,11640,0,1,0,0,0
1165,11650,0,1,0,0,0
1166,11660,0,1,0,0,0
1167,11670,0,1,1,0,0
1168,11680,0,1,1,0,0
1169,11690,0,1,1,0,0
1170,11700,1,1,1,0,1
1171,11710,0,0,1,0,0
1172,11720,0,0,1,0,0
1173,11730,1,1,0,0,0
1174,11740,1,0,0,0,0
1175,11750,0,1,0,0,0
1176,11760,0,1,0,0,0
1177,11770,0,0,1,0,0
1178,11780,1,0,1,0,0
1179,11790,0,1,1,0,0
1180,11800,0,1,1,0,0
1181,11810,0,1,1,0,0
1182,11820,0,0,1,0,0
1183,11830,0,0,0,0,0
1184,11840,0,0,0,0,0
1185,11850,0,0,0,0,0
1186,11860,0,0,0,0,0
1187,11870,1,0,1,0,0
1188,11880,1,0,1,0,0
1189,11890,1,0,0,0,0
1190,11900,1,0,0,0,0
1191,11910,1,0,0,0,0
1192,11920,1,0,0,0,0
1193,11930,0,0,0,0,0
1194,11940,0,0,0,0,0
1195,11950,0,0,0,0,0
1196,11960,0,0,0,0,0
1197,11970,0,0,0,0,0
1198,11980,1,0,0,0,0
1199,11990,1,0,0,0,0
1200,12000,1,0,0,0,0
1201,12010,1,1,0,0,0
1202,12020,1,0,0,0,0
1203,12030,1,0,0,0,0
1204,12040,0,0,0,0,0
1205,12050,0,0,0,0,0
1206,12060,0,1,0,0,0
1207,12070,0,1,0,0,0
1208,12080,0,1,0,0,0
1209,12090,0,1,0,0,0
1210,12100,0,0,0,0,0
1211,12110,0,0,0,0,0
1212,12120,0,0,0,0,0
1213,12130,0,0,0,0,0
1214,12140,0,1,0,0,0
1215,12150,0,1,0,0,0
1216,12160,0,0,0,0,0
1217,12170,1,0,0,0,0
1218,12180,1,0,0,0,0
1219,12190,1,0,0,0,0
1220,12200,0,1,0,0,0
1221,12210,0,1,0,0,0
1222,12220,0,0,0,0,0
1223,12230,0,1,0,0,0
1224,12240,0,1,0,0,0
1225,12250,1,1,0,0,0
1226,12260,1,1,0,0,0
1227,12270,0,0,0,0,0
1228,12280,0,0,0,0,0
1229,12290,0,0,0,0,0
1230,12300,0,0,1,0,0
1231,12310,1,0,1,0,0
1232,12320,1,1,1,0,1
1233,12330,1,1,1,0,1
1234,12340,0,0,0,0,0
1235,12350,0,0,0,0,0
1236,12360,0,0,1,0,0
1237,12370,0,0,1,0,0
1238,12380,0,0,0,0,0
1239,12390,0,0,0,0,0
1240,12400,0,0,0,0,0
1241,12410,1,1,0,0,0
1242,12420,0,0,0,0,0
1243,12430,0,0,0,0,0
1244,12440,0,1,0,0,0
1245,12450,0,1,0,0,0
1246,12460,0,1,1,0,0
1247,12470,0,0,1,0,0
1248,12480,0,0,1,0,0
1249,12490,0,1,0,0,0
1250,12500,0,0,0,0,0
1251,12510,0,0,0,0,0
1252,12520,1,0,0,0,0
1253,12530,1,0,0,0,0
1254,12540,0,1,1,0,0
1255,12550,0,1,1,0,0
1256,12560,0,1,1,0,0
1257,12570,0,1,0,0,0
1258,12580,0,1,0,0,0
1259,12590,1,1,0,0,0
1260,12600,1,1,0,0,0
1261,12610,0,0,1,0,0
1262,12620,0,1,0,0,0
1263,12630,0,1,0,0,0
1264,12640,1,1,0,0,0
1265,12650,1,0,0,0,0
1266,12660,1,0,1,0,0
1267,12670,1,0,1,0,0
1268,12680,0,0,1,0,0
1269,12690,0,0,1,0,0
1270,12700,0,0,1,0,0
1271,12710,0,0,1,0,0
1272,12720,0,0,0,0,0
1273,12730,1,0,0,0,0
1274,12740,1,0,0,0,0
1275,12750,1,0,0,0,0
1276,12760,1,0,1,0,0
1277,12770,1,0,1,0,0
1278,12780,0,0,0,0,0
1279,12790,0,0,1,0,0
1280,12800,0,0,0,0,0
1281,12810,1,0,0,0,0
1282,12820,0,0,0,0,0
1283,12830,1,0,1,0,0
1284,12840,0,1,0,0,0
1285,12850,0,1,1,0,0
1286,12860,1,0,0,0,0
1287,12870,1,1,0,0,0
1288,12880,1,0,0,0,0
1289,12890,1,1,0,0,0
1290,12900,0,0,0,0,0
1291,12910,0,0,0,0,0
1292,12920,0,1,1,0,0
1293,12930,0,0,0,0,0
1294,12940,0,0,0,0,0
1295,12950,0,0,0,0,0
1296,12960,1,1,0,0,0
1297,12970,0,1,1,0,0
1298,12980,0,0,1,0,0
1299,12990,1,1,0,0,0
1300,13000,0,1,0,0,0
1301,13010,0,1,0,0,0
1302,13020,0,0,0,0,0
1303,13030,0,0,0,0,0
1304,13040,0,0,0,0,0
1305,13050,0,0,0,0,0
1306,13060,1,0,0,0,0
1307,13070,1,0,0,0,0
1308,13080,1,1,1,0,1
1309,13090,0,1,0,0,0
1310,13100,0,1,0,0,0
1311,13110,0,1,1,0,0
1312,13120,1,0,1,0,0
1313,13130,1,1,0,0,0
1314,13140,1,1,0,0,0
1315,13150,0,1,0,0,0
1316,13160,0,1,0,0,0
1317,13170,0,1,0,0,0
1318,13180,0,1,0,0,0
1319,13190,0,1,0,0,0
1320,13200,0,1,0,0,0
1321,13210,0,1,0,0,0
1322,13220,0,1,0,0,0
1323,13230,0,1,0,0,0
1324,13240,0,1,0,0,0
1325,13250,0,1,0,0,0
1326,13260,0,1,0,0,0
1327,13270,1,0,0,0,0
1328,13280,1,0,1,0,0
1329,13290,0,0,1,0,0
1330,13300,1,1,1,0,1
1331,13310,1,1,0,0,0
1332,13320,1,0,1,0,0
1333,13330,1,0,0,0,0
1334,13340,0,0,1,0,0
1335,13350,0,0,0,0,0
1336,13360,0,1,0,0,0
1337,13370,0,1,0,0,0
1338,13380,1,1,0,0,0
1339,13390,0,1,0,0,0
1340,13400,0,1,0,0,0
1341,13410,0,0,0,0,0
1342,13420,0,0,0,0,0
1343,13430,0,0,0,0,0
1344,13440,0,0,0,0,0
1345,13450,0,0,1,0,0
1346,13460,0,0,1,0,0
1347,13470,0,0,1,0,0
1348,13480,0,1,1,0,0
1349,13490,1,1,0,0,0
1350,13500,0,1,0,0,0
1351,13510,0,1,1,0,0
1352,13520,1,1,0,0,0
1353,13530,1,0,0,0,0
1354,13540,1,0,0,0,0
1355,13550,0,0,0,0,0
1356,13560,0,0,0,0,0
1357,13570,0,0,0,0,0
1358,13580,0,0,1,0,0
1359,13590,0,0,0,0,0
1360,13600,0,0,1,0,0
1361,13610,0,0,1,0,0
1362,13620,0,0,0,0,0
1363,13630,0,0,0,0,0
1364,13640,0,0,0,0,0
1365,13650,0,0,0,0,0
1366,13660,0,0,0,0,0
1367,13670,0,0,0,0,0
1368,13680,0,0,1,0,0
1369,13690,0,0,1,0,0
1370,13700,0,0,0,0,0
1371,13710,0,0,1,0,0
1372,13720,0,0,0,0,0
1373,13730,0,0,0,0,0
1374,13740,1,0,0,0,0
1375,13750,0,0,0,0,0
1376,13760,1,1,0,0,0
1377,13770,1,1,1,0,1
1378,13780,1,1,1,0,1
1379,13790,0,1,1,0,0
1380,13800,0,0,0,0,0
1381,13810,1,0,0,0,0
1382,13820,1,0,0,0,0
1383,13830,1,0,0,0,0
1384,13840,0,1,0,0,0
1385,13850,0,1,0,0,0
1386,13860,0,0,0,0,0
1387,13870,0,1,0,0,0
1388,13880,0,1,0,0,0
1389,13890,0,1,1,0,0
1390,13900,0,1,1,0,0
1391,13910,0,1,0,0,0
1392,13920,1,0,0,0,0
1393,13930,1,0,0,0,0
1394,13940,0,0,0,0,0
1395,13950,1,0,0,0,0
1396,13960,1,0,0,0,0
1397,13970,0,0,0,0,0
1398,13980,0,0,0,0,0
1399,13990,0,0,0,0,0
1400,14000,0,0,0,0,0
1401,14010,0,0,0,0,0
1402,14020,0,0,0,0,0
1403,14030,0,0,0,0,0
1404,14040,0,0,1,0,0
1405,14050,0,1,1,0,0
1406,14060,0,1,1,0,0
1407,14070,1,1,1,0,1
1408,14080,0,0,0,0,0
1409,14090,0,0,0,0,0
1410,14100,0,0,0,0,0
1411,14110,0,1,0,0,0
1412,14120,0,1,0,0,0
1413,14130,0,1,0,0,0
1414,14140,0,1,0,0,0
1415,14150,0,0,0,0,0
1416,14160,0,0,0,0,0
1417,14170,0,0,0,0,0
1418,14180,0,1,0,0,0
1419,14190,1,1,1,1,1
1420,14200,0,1,0,0,0
1421,14210,0,1,0,0,0
1422,14220,1,1,1,0,1
1423,14230,1,1,1,0,1
1424,14240,1,1,1,0,1
1425,14250,0,1,1,0,0
1426,14260,1,1,1,0,1
1427,14270,0,0,0,0,0
1428,14280,0,0,0,0,0
1429,14290,0,0,0,0,0
1430,14300,0,0,0,0,0
1431,14310,0,0,1,0,0
1432,14320,0,0,1,0,0
1433,14330,0,0,1,0,0
1434,14340,0,0,0,0,0
1435,14350,0,0,0,0,0
1436,14360,0,0,0,0,0
1437,14370,0,0,0,0,0
1438,14380,0,0,0,0,0
1439,14390,0,0,0,0,0
1440,14400,0,0,0,0,0
1441,14410,0,0,0,0,0
1442,14420,1,0,0,0,0
1443,14430,1,1,0,0,0
1444,14440,1,1,0,0,0
1445,14450,1,0,0,0,0
1446,14460,0,0,0,0,0
1447,14470,0,0,0,0,0
1448,14480,0,0,0,0,0
1449,14490,0,0,0,0,0
1450,14500,0,0,0,0,0
1451,14510,0,0,0,0,0
1452,14520,1,0,0,0,0
1453,14530,1,0,0,0,0
1454,14540,1,0,0,0,0
1455,14550,1,1,1,1,1
1456,14560,1,1,0,0,0
1457,14570,0,1,0,0,0
1458,14580,0,1,0,0,0
1459,14590,0,1,1,0,0
1460,14600,0,0,1,0,0
1461,14610,0,1,1,0,0
1462,14620,0,1,1,0,0
1463,14630,0,1,0,0,0
1464,14640,0,0,0,0,0
1465,14650,0,0,1,0,0
1466,14660,0,0,1,0,0
1467,14670,0,0,1,0,0
1468,14680,0,0,0,0,0
1469,14690,0,0,0,0,0
1470,14700,0,0,1,0,0
1471,14710,0,0,0,0,0
1472,14720,0,0,1,0,0
1473,14730,0,1,0,0,0
1474,14740,0,1,0,0,0
1475,14750,0,1,0,0,0
1476,14760,0,0,0,0,0
1477,14770,0,0,0,0,0
1478,14780,0,0,0,0,0
1479,14790,0,0,0,0,0
1480,14800,0,0,0,0,0
1481,14810,0,1,0,0,0
1482,14820,0,0,1,0,0
1483,14830,0,0,1,0,0
1484,14840,0,0,1,0,0
1485,14850,0,0,0,0,0
1486,14860,0,0,1,0,0
1487,14870,0,0,0,0,0
1488,14880,0,1,0,0,0
1489,14890,0,0,0,0,0
1490,14900,1,0,0,0,0
1491,14910,1,0,1,0,0
1492,14920,1,0,1,0,0
1493,14930,1,0,1,0,0
1494,14940,0,0,1,0,0
1495,14950,0,1,0,0,0
1496,14960,1,1,0,0,0
1497,14970,1,1,0,0,0
1498,14980,1,1,0,0,0
1499,14990,0,1,0,0,0
1500,15000,0,0,1,0,0
1501,15010,1,1,1,0,1
1502,15020,0,1,0,0,0
1503,15030,0,1,0,0,0
1504,15040,1,0,0,0,0
1505,15050,1,0,0,0,0
1506,15060,1,0,0,0,0
1507,15070,1,0,1,0,0
1508,15080,1,0,1,0,0
1509,15090,1,1,1,0,1
1510,15100,1,0,1,0,0
1511,15110,1,1,1,0,1
1512,15120,0,1,1,0,0
1513,15130,0,1,1,0,0
1514,15140,1,0,1,0,0
1515,15150,1,0,0,0,0
1516,15160,1,0,0,0,0
1517,15170,0,0,0,0,0
1518,15180,0,0,0,0,0
1519,15190,1,0,0,0,0
1520,15200,1,0,0,0,0
1521,15210,1,1,0,0,0
1522,15220,1,1,0,0,0
1523,15230,0,1,0,0,0
1524,15240,0,1,1,0,0
1525,15250,0,1,0,0,0
1526,15260,0,1,1,0,0
1527,15270,0,0,1,0,0
1528,15280,0,0,0,0,0
1529,15290,0,0,0,0,0
1530,15300,0,0,0,0,0
1531,15310,1,0,0,0,0
1532,15320,1,0,1,0,0
1533,15330,1,0,0,0,0
1534,15340,1,1,1,0,1
1535,15350,1,1,1,0,1
1536,15360,0,1,1,0,0
1537,15370,0,1,0,0,0
1538,15380,1,1,1,0,1
1539,15390,0,0,1,0,0
1540,15400,0,0,1,0,0
1541,15410,0,0,1,0,0
1542,15420,0,0,1,0,0
1543,15430,1,0,1,0,0
1544,15440,1,0,1,0,0
1545,15450,1,1,1,0,1
1546,15460,0,0,0,0,0
1547,15470,0,0,0,0,0
1548,15480,0,0,1,0,0
1549,15490,0,0,0,0,0
1550,15500,0,1,0,0,0
1551,15510,0,0,0,0,0
1552,15520,0,0,0,0,0
1553,15530,1,0,0,0,0
1554,15540,1,0,0,0,0
1555,15550,0,0,1,0,0
1556,15560,1,0,1,0,0
1557,15570,1,0,0,0,0
1558,15580,1,0,0,0,0
1559,15590,1,1,0,0,0
1560,15600,1,1,0,0,0
1561,15610,0,1,0,0,0
1562,15620,0,1,0,0,0
1563,15630,0,1,1,0,0
1564,15640,1,0,1,0,0
1565,15650,1,0,0,0,0
1566,15660,1,0,0,0,0
1567,15670,1,1,0,0,0
1568,15680,0,1,0,0,0
1569,15690,0,0,0,0,0
1570,15700,0,0,0,0,0
1571,15710,0,0,0,0,0
1572,15720,0,0,0,0,0
1573,15730,0,1,1,0,0
1574,15740,0,1,1,0,0
1575,15750,0,1,1,0,0
1576,15760,0,1,1,0,0
1577,15770,0,1,1,0,0
1578,15780,1,1,1,0,1
1579,15790,0,1,0,0,0
1580,15800,0,0,0,0,0
1581,15810,0,0,0,0,0
1582,15820,0,0,0,0,0
1583,15830,0,1,1,0,0
1584,15840,0,1,1,0,0
1585,15850,1,1,1,0,1
1586,15860,1,1,1,0,1
1587,15870,1,0,1,0,0
1588,15880,1,0,1,0,0
1589,15890,1,0,1,0,0
1590,15900,1,0,1,0,0
1591,15910,1,1,1,0,1
1592,15920,0,1,1,0,0
1593,15930,1,1,1,0,1
1594,15940,0,0,1,0,0
1595,15950,0,0,1,0,0
1596,15960,0,0,1,0,0
1597,15970,0,0,0,0,0
1598,15980,0,0,1,0,0
1599,15990,1,0,1,0,0
1600,16000,1,0,1,0,0
1601,16010,1,0,0,0,0
1602,16020,0,0,0,0,0
1603,16030,0,0,0,0,0
1604,16040,0,0,0,0,0
1605,16050,0,0,0,0,0
1606,16060,0,0,0,0,0
1607,16070,0,1,0,0,0
1608,16080,1,1,1,0,1
1609,16090,1,1,1,0,1
1610,16100,1,1,1,0,1
1611,16110,1,1,1,0,1
1612,16120,1,0,0,0,0
1613,16130,0,0,0,0,0
1614,16140,0,0,0,0,0
1615,16150,1,0,0,0,0
1616,16160,0,0,0,0,0
1617,16170,1,0,0,0,0
1618,16180,1,0,0,0,0
1619,16190,1,0,0,0,0
1620,16200,0,0,0,0,0
1621,16210,0,0,0,0,0
1622,16220,0,0,0,0,0
1623,16230,0,0,0,0,0
1624,16240,0,0,1,0,0
1625,16250,0,0,1,0,0
1626,16260,0,0,0,0,0
1627,16270,1,0,0,0,0
1628,16280,1,0,0,0,0
1629,16290,1,0,0,0,0
1630,16300,1,0,0,0,0
1631,16310,0,0,0,0,0
1632,16320,0,0,0,0,0
1633,16330,0,0,0,0,0
1634,16340,0,0,0,0,0
1635,16350,0,0,0,0,0
1636,16360,0,0,0,0,0
1637,16370,0,0,0,0,0
1638,16380,0,0,0,0,0
1639,16390,1,0,0,0,0
1640,16400,1,0,1,0,0
1641,16410,1,0,1,0,0
1642,16420,1,0,0,0,0
1643,16430,1,0,0,0,0
1644,16440,1,1,0,0,0
1645,16450,0,1,0,0,0
1646,16460,0,1,0,0,0
1647,16470,0,0,1,0,0
1648,16480,0,0,1,0,0
1649,16490,0,0,0,0,0
1650,16500,0,1,0,0,0
1651,16510,0,1,0,0,0
1652,16520,0,0,1,0,0
1653,16530,0,0,1,0,0
1654,16540,1,0,1,0,0
1655,16550,1,0,0,0,0
1656,16560,1,0,0,0,0
1657,16570,0,0,0,0,0
1658,16580,0,0,1,0,0
1659,16590,1,0,1,0,0
1660,16600,0,1,0,0,0
1661,16610,0,0,0,0,0
1662,16620,0,0,0,0,0
1663,16630,1,0,0,0,0
1664,16640,1,0,0,0,0
1665,16650,1,1,0,0,0
1666,16660,0,1,0,0,0
1667,16670,1,0,0,0,0
1668,16680,1,1,0,0,0
1669,16690,1,0,0,0,0
1670,16700,1,0,0,0,0
1671,16710,0,0,0,0,0
1672,16720,0,1,0,0,0
1673,16730,1,1,0,0,0
1674,16740,0,0,0,0,0
1675,16750,0,0,0,0,0
1676,16760,0,0,0,0,0
1677,16770,0,0,0,0,0
1678,16780,0,0,0,0,0
1679,16790,0,0,0,0,0
1680,16800,0,0,0,0,0
1681,16810,0,0,0,0,0
1682,16820,0,0,0,0,0
1683,16830,1,0,0,0,0
1684,16840,0,0,0,0,0
1685,16850,0,0,0,0,0
1686,16860,0,0,0,0,0
1687,16870,0,0,0,0,0
1688,16880,0,0,1,0,0
1689,16890,0,0,1,0,0
1690,16900,0,0,1,0,0
1691,16910,0,0,1,0,0
1692,16920,0,0,1,0,0
1693,16930,0,1,1,0,0
1694,16940,1,1,0,0,0
1695,16950,1,0,0,0,0
1696,16960,0,0,0,0,0
1697,16970,0,0,0,0,0
1698,16980,0,0,0,0,0
1699,16990,1,1,0,0,0
1700,17000,0,1,0,0,0
1701,17010,0,1,0,0,0
1702,17020,0,1,0,0,0
1703,17030,0,1,0,0,0
1704,17040,1,0,0,0,0
1705,17050,1,0,0,0,0
1706,17060,1,0,0,0,0
1707,17070,0,0,1,0,0
1708,17080,0,0,1,0,0
1709,17090,1,0,1,0,0
1710,17100,1,1,0,0,0
1711,17110,1,0,0,0,0
1712,17120,1,0,1,0,0
1713,17130,1,1,0,0,0
1714,17140,0,0,0,0,0
1715,17150,0,0,0,0,0
1716,17160,0,0,0,0,0
1717,17170,0,1,0,0,0
1718,17180,0,0,0,0,0
1719,17190,0,0,0,0,0
1720,17200,1,1,0,0,0
1721,17210,1,1,1,0,1
1722,17220,1,0,1,0,0
1723,17230,0,0,1,0,0
1724,17240,0,0,0,0,0
1725,17250,1,0,0,0,0
1726,17260,0,0,1,0,0
1727,17270,0,0,0,0,0
1728,17280,0,0,0,0,0
1729,17290,0,0,0,0,0
1730,17300,0,0,0,0,0
1731,17310,0,0,0,0,0
1732,17320,0,0,0,0,0
1733,17330,0,0,0,0,0
1734,17340,0,0,0,0,0
1735,17350,0,1,0,0,0
1736,17360,0,1,0,0,0
1737,17370,0,0,0,0,0
1738,17380,1,0,0,0,0
1739,17390,1,0,0,0,0
1740,17400,1,0,0,0,0
1741,17410,0,1,0,0,0
1742,17420,1,1,0,0,0
1743,17430,1,1,0,0,0
1744,17440,1,0,0,0,0
1745,17450,0,0,0,0,0
1746,17460,0,0,0,0,0
1747,17470,0,1,0,0,0
1748,17480,1,1,0,0,0
1749,17490,1,0,0,0,0
1750,17500,1,1,0,0,0
1751,17510,1,0,0,0,0
1752,17520,0,0,0,0,0
1753,17530,0,0,1,0,0
1754,17540,0,0,0,0,0
1755,17550,1,0,0,0,0
1756,17560,1,1,1,0,1
1757,17570,1,1,0,0,0
1758,17580,1,1,0,0,0
1759,17590,1,0,0,0,0
1760,17600,1,0,0,0,0
1761,17610,1,0,0,0,0
1762,17620,0,0,0,0,0
1763,17630,0,0,0,0,0
1764,17640,0,0,0,0,0
1765,17650,1,0,1,0,0
1766,17660,1,0,1,0,0
1767,17670,0,0,1,0,0
1768,17680,0,1,1,0,0
1769,17690,0,0,1,0,0
1770,17700,0,0,0,0,0
1771,17710,0,0,0,0,0
1772,17720,1,0,0,0,0
1773,17730,0,0,0,0,0
1774,17740,0,0,0,0,0
1775,17750,1,0,1,0,0
1776,17760,1,0,1,0,0
1777,17770,0,1,0,0,0
1778,17780,0,0,0,0,0
1779,17790,1,0,0,0,0
1780,17800,1,0,0,0,0
1781,17810,1,0,0,0,0
1782,17820,1,0,0,0,0
1783,17830,1,0,0,0,0
1784,17840,1,0,0,0,0
1785,17850,0,1,0,0,0
1786,17860,0,0,0,0,0
1787,17870,0,0,0,0,0
1788,17880,0,0,0,0,0
1789,17890,0,0,0,0,0
1790,17900,0,0,0,0,0
1791,17910,0,0,0,0,0
1792,17920,0,0,0,0,0
1793,17930,1,0,1,0,0
1794,17940,1,0,1,0,0
1795,17950,1,0,1,0,0
1796,17960,1,0,0,0,0
1797,17970,1,0,0,0,0
1798,17980,1,0,0,0,0
1799,17990,1,0,1,0,0
1800,18000,1,0,1,0,0
1801,18010,0,0,1,0,0
1802,18020,0,1,1,0,0
1803,18030,1,1,1,0,1
1804,18040,1,1,1,1,1
1805,18050,0,1,1,0,0
1806,18060,0,1,0,0,0
1807,18070,0,1,0,0,0
1808,18080,0,1,0,0,0
1809,18090,0,1,0,0,0
1810,18100,0,1,0,0,0
1811,18110,0,1,0,0,0
1812,18120,0,0,0,0,0
1813,18130,0,0,0,0,0
1814,18140,1,0,0,0,0
1815,18150,0,0,0,0,0
1816,18160,0,0,0,0,0
1817,18170,0,1,0,0,0
1818,18180,0,1,0,0,0
1819,18190,0,1,0,0,0
1820,18200,1,0,0,0,0
1821,18210,1,0,0,0,0
1822,18220,0,0,0,0,0
1823,18230,0,0,1,0,0
1824,18240,0,0,1,0,0
1825,18250,1,0,1,0,0
1826,18260,1,1,0,0,0
1827,18270,0,1,0,0,0
1828,18280,0,1,0,0,0
1829,18290,0,1,0,0,0
1830,18300,0,1,0,0,0
1831,18310,0,0,0,0,0
1832,18320,0,0,1,0,0
1833,18330,0,0,1,0,0
1834,18340,0,0,1,0,0
1835,18350,0,0,0,0,0
1836,18360,0,0,0,0,0
1837,18370,0,0,0,0,0
1838,18380,0,1,0,0,0
1839,18390,0,1,0,0,0
1840,18400,1,1,0,0,0
1841,18410,1,0,0,0,0
1842,18420,1,0,0,0,0
1843,18430,1,1,1,1,1
1844,18440,1,0,1,0,0
1845,18450,1,1,1,0,1
1846,18460,1,1,1,0,1
1847,18470,0,1,0,0,0
1848,18480,0,0,0,0,0
1849,18490,1,0,0,0,0
1850,18500,1,0,0,0,0
1851,18510,1,1,0,0,0
1852,18520,1,0,1,0,0
1853,18530,1,0,1,0,0
1854,18540,0,0,1,0,0
1855,18550,0,0,0,0,0
1856,18560,0,0,0,0,0
1857,18570,0,0,0,0,0
1858,18580,0,0,0,0,0
1859,18590,0,0,0,0,0
1860,18600,0,0,0,0,0
1861,18610,0,0,0,0,0
1862,18620,0,1,0,0,0
1863,18630,1,1,0,0,0
1864,18640,0,1,0,0,0
1865,18650,1,1,1,0,1
1866,18660,1,0,0,0,0
1867,18670,1,0,0,0,0
1868,18680,1,0,0,0,0
1869,18690,1,0,0,0,0
1870,18700,1,0,0,0,0
1871,18710,1,0,0,0,0
1872,18720,1,1,1,0,1
1873,18730,1,0,0,0,0
1874,18740,1,0,0,0,0
1875,18750,0,0,0,0,0
1876,18760,0,0,0,0,0
1877,18770,0,0,0,0,0
1878,18780,0,0,1,0,0
1879,18790,0,0,0,0,0
1880,18800,0,0,0,0,0
1881,18810,0,0,0,0,0
1882,18820,0,0,0,0,0
1883,18830,0,0,1,0,0
1884,18840,0,0,1,0,0
1885,18850,0,0,1,0,0
1886,18860,1,0,0,0,0
1887,18870,1,0,0,0,0
1888,18880,1,0,0,0,0
1889,18890,0,0,0,0,0
1890,18900,0,0,0,0,0
1891,18910,1,0,0,0,0
1892,18920,1,0,0,0,0
1893,18930,1,0,0,0,0
1894,18940,1,0,0,0,0
1895,18950,1,0,0,0,0
1896,18960,1,0,0,0,0
1897,18970,0,0,0,0,0
1898,18980,0,1,0,0,0
1899,18990,0,0,0,0,0
1900,19000,0,0,0,0,0
1901,19010,0,0,0,0,0
1902,19020,0,0,0,0,0
1903,19030,0,0,0,0,0
1904,19040,0,1,0,0,0
1905,19050,0,0,0,0,0
1906,19060,0,0,1,0,0
1907,19070,0,0,0,0,0
1908,19080,0,0,0,0,0
1909,19090,0,0,0,0,0
1910,19100,0,0,0,0,0
1911,19110,0,1,1,0,0
1912,19120,0,1,1,0,0
1913,19130,0,1,1,0,0
1914,19140,0,0,0,0,0
1915,19150,0,0,0,0,0
1916,19160,0,0,0,0,0
1917,19170,1,1,0,0,0
1918,19180,1,1,0,0,0
1919,19190,1,1,0,0,0
1920,19200,0,1,0,0,0
1921,19210,0,1,0,0,0
1922,19220,0,1,0,0,0
1923,19230,0,0,0,0,0
1924,19240,0,0,0,0,0
1925,19250,0,0,0,0,0
1926,19260,0,0,0,0,0
1927,19270,0,0,0,0,0
1928,19280,0,0,0,0,0
1929,19290,1,0,0,0,0
1930,19300,1,1,0,0,0
1931,19310,1,0,0,0,0
1932,19320,1,0,0,0,0
1933,19330,0,0,0,0,0
1934,19340,0,1,0,0,0
1935,19350,0,1,1,0,0
1936,19360,0,1,0,0,0
1937,19370,0,1,1,0,0
1938,19380,0,0,1,0,0
1939,19390,0,0,1,0,0
1940,19400,0,0,0,0,0
1941,19410,0,1,0,0,0
1942,19420,0,1,0,0,0
1943,19430,0,1,0,0,0
1944,19440,1,1,0,0,0
1945,19450,0,1,0,0,0
1946,19460,0,0,0,0,0
1947,19470,0,0,0,0,0
1948,19480,0,0,0,0,0
1949,19490,0,0,0,0,0
1950,19500,0,1,0,0,0
1951,19510,0,1,0,0,0
1952,19520,0,0,0,0,0
1953,19530,1,0,0,0,0
1954,19540,0,0,0,0,0
1955,19550,0,0,1,0,0
1956,19560,0,0,0,0,0
1957,19570,1,0,0,0,0
1958,19580,1,1,1,1,1
1959,19590,0,0,0,0,0
1960,19600,0,1,0,0,0
1961,19610,0,0,0,0,0
1962,19620,0,0,0,0,0
1963,19630,0,0,0,0,0
1964,19640,0,0,0,0,0
1965,19650,0,0,0,0,0
1966,19660,0,0,0,0,0
1967,19670,0,0,0,0,0
1968,19680,1,0,0,0,0
1969,19690,0,0,0,0,0
1970,19700,0,0,1,0,0
1971,19710,0,1,1,0,0
1972,19720,0,1,1,0,0
1973,19730,0,0,1,0,0
1974,19740,0,1,1,0,0
1975,19750,1,1,1,0,1
1976,19760,0,1,1,0,0
1977,19770,0,0,0,0,0
1978,19780,0,1,1,0,0
1979,19790,0,0,1,0,0
1980,19800,0,0,1,0,0
1981,19810,0,0,1,0,0
1982,19820,0,0,0,0,0
1983,19830,0,0,0,0,0
1984,19840,0,0,0,0,0
1985,19850,0,0,0,0,0
1986,19860,0,0,0,0,0
1987,19870,1,0,0,0,0
1988,19880,1,1,0,0,0
1989,19890,0,0,0,0,0
1990,19900,0,0,0,0,0
1991,19910,0,0,0,0,0
1992,19920,0,1,0,0,0
1993,19930,0,0,1,0,0
1994,19940,0,1,1,0,0
1995,19950,0,1,1,0,0
1996,19960,0,1,1,0,0
1997,19970,1,1,1,0,1
1998,19980,1,0,0,0,0
1999,19990,1,0,1,0,0
2000,20000,0,0,1,0,0
2001,20010,0,0,1,0,0
2002,20020,0,0,0,0,0
2003,20030,0,0,0,0,0
2004,20040,0,0,0,0,0
2005,20050,0,0,0,0,0
2006,20060,0,1,0,0,0
2007,20070,0,0,0,0,0
2008,20080,1,0,0,0,0
2009,20090,0,0,0,0,0
2010,20100,1,0,0,0,0
2011,20110,0,0,0,0,0
2012,20120,0,0,0,0,0
2013,20130,0,0,0,0,0
2014,20140,0,0,0,0,0
2015,20150,0,0,0,0,0
2016,20160,1,1,0,0,0
2017,20170,0,0,0,0,0
2018,20180,0,0,0,0,0
2019,20190,0,0,1,0,0
2020,20200,0,1,1,0,0
2021,20210,0,0,1,0,0
2022,20220,0,0,0,0,0
2023,20230,0,0,0,0,0
2024,20240,1,0,0,0,0
2025,20250,1,0,0,0,0
2026,20260,0,0,0,0,0
2027,20270,0,1,0,0,0
2028,20280,0,1,0,0,0
2029,20290,0,0,0,0,0
2030,20300,0,0,0,0,0
2031,20310,0,0,0,0,0
2032,20320,0,0,0,0,0
2033,20330,0,0,0,0,0
2034,20340,0,1,1,0,0
2035,20350,0,1,0,0,0
2036,20360,0,0,0,0,0
2037,20370,0,0,0,0,0
2038,20380,0,1,0,0,0
2039,20390,0,1,1,0,0
2040,20400,0,0,1,0,0
2041,20410,0,1,1,0,0
2042,20420,0,1,1,0,0
2043,20430,0,0,0,0,0
2044,20440,0,0,0,0,0
2045,20450,0,0,0,0,0
2046,20460,0,0,0,0,0
2047,20470,0,1,1,0,0
2048,20480,0,0,1,0,0
2049,20490,0,0,0,0,0
2050,20500,1,0,0,0,0
2051,20510,1,0,0,0,0
2052,20520,0,0,0,0,0
2053,20530,0,0,0,0,0
2054,20540,0,0,0,0,0
2055,20550,0,0,0,0,0
2056,20560,0,0,0,0,0
2057,20570,0,0,0,0,0
2058,20580,0,0,1,0,0
2059,20590,0,0,0,0,0
2060,20600,0,0,0,0,0
2061,20610,0,0,0,0,0
2062,20620,0,0,0,0,0
2063,20630,0,0,0,0,0
2064,20640,0,0,0,0,0
2065,20650,1,0,0,0,0
2066,20660,1,0,0,0,0
2067,20670,1,0,0,0,0
2068,20680,0,0,0,0,0
2069,20690,0,1,1,0,0
2070,20700,0,1,0,0,0
2071,20710,0,0,0,0,0
2072,20720,0,0,0,0,0
2073,20730,0,0,0,0,0
2074,20740,0,0,0,0,0
2075,20750,0,0,0,0,0
2076,20760,0,0,0,0,0
2077,20770,0,0,0,0,0
2078,20780,0,0,0,0,0
2079,20790,0,0,0,0,0
2080,20800,0,0,0,0,0
2081,20810,0,0,0,0,0
2082,20820,0,0,0,0,0
2083,20830,0,0,0,0,0
2084,20840,0,0,0,0,0
2085,20850,0,0,0,0,0
2086,20860,0,0,0,0,0
2087,20870,1,0,0,0,0
2088,20880,1,0,0,0,0
2089,20890,1,0,1,0,0
2090,20900,0,0,1,0,0
2091,20910,0,0,0,0,0
2092,20920,0,0,0,0,0
2093,20930,0,0,0,0,0
2094,20940,1,0,0,0,0
2095,20950,0,0,0,0,0
2096,20960,0,0,0,0,0
2097,20970,0,0,0,0,0
2098,20980,0,0,0,0,0
2099,20990,0,0,1,0,0
2100,21000,0,0,1,0,0
2101,21010,0,0,1,0,0
2102,21020,0,0,1,0,0
2103,21030,0,0,1,0,0
2104,21040,0,0,0,0,0
2105,21050,1,0,1,0,0
2106,21060,0,0,0,0,0
2107,21070,0,0,0,0,0
2108,21080,0,0,0,0,0
2109,21090,0,0,0,0,0
2110,21100,0,0,0,0,0
2111,21110,0,1,0,0,0
2112,21120,1,1,0,0,0
2113,21130,0,1,0,0,0
2114,21140,0,1,0,0,0
2115,21150,0,1,0,0,0
2116,21160,0,0,0,0,0
2117,21170,0,0,0,0,0
2118,21180,0,1,1,0,0
2119,21190,0,1,1,0,0
2120,21200,0,0,0,0,0
2121,21210,0,0,0,0,0
2122,21220,0,0,0,0,0
2123,21230,0,1,0,0,0
2124,21240,1,1,0,0,0
2125,21250,1,1,0,0,0
2126,21260,0,1,0,0,0
2127,21270,1,1,0,0,0
2128,21280,1,1,0,0,0
2129,21290,1,1,0,0,0
2130,21300,0,0,1,0,0
2131,21310,0,0,0,0,0
2132,21320,0,0,0,0,0
2133,21330,1,1,1,1,1
2134,21340,0,1,0,0,0
2135,21350,0,1,0,0,0
2136,21360,0,0,0,0,0
2137,21370,0,0,0,0,0
2138,21380,0,0,0,0,0
2139,21390,0,0,0,0,0
2140,21400,0,1,0,0,0
2141,21410,0,1,0,0,0
2142,21420,1,1,1,1,1
2143,21430,0,0,0,0,0
2144,21440,0,1,0,0,0
2145,21450,0,1,0,0,0
2146,21460,0,1,0,0,0
2147,21470,0,0,0,0,0
2148,21480,0,0,0,0,0
2149,21490,0,1,0,0,0
2150,21500,0,1,0,0,0
2151,21510,0,1,0,0,0
2152,21520,0,1,0,0,0
2153,21530,0,1,0,0,0
2154,21540,0,0,0,0,0
2155,21550,0,0,1,0,0
2156,21560,1,0,0,0,0
2157,21570,1,0,0,0,0
2158,21580,1,0,1,0,0
2159,21590,1,0,0,0,0
2160,21600,1,1,0,0,0
2161,21610,1,1,0,0,0
2162,21620,0,1,0,0,0
2163,21630,0,1,0,0,0
2164,21640,0,1,1,0,0
2165,21650,0,1,0,0,0
2166,21660,0,0,0,0,0
2167,21670,1,0,1,0,0
2168,21680,1,0,1,0,0
2169,21690,1,0,1,0,0
2170,21700,1,0,1,0,0
2171,21710,0,0,1,0,0
2172,21720,0,0,1,0,0
2173,21730,0,0,1,0,0
2174,21740,0,0,0,0,0
2175,21750,0,0,0,0,0
2176,21760,0,0,1,0,0
2177,21770,0,0,1,0,0
2178,21780,0,0,1,0,0
2179,21790,0,0,1,0,0
2180,21800,0,0,1,0,0
2181,21810,0,0,0,0,0
2182,21820,0,0,0,0,0
2183,21830,0,0,0,0,0
2184,21840,0,1,0,0,0
2185,21850,0,1,0,0,0
2186,21860,0,0,0,0,0
2187,21870,0,0,0,0,0
2188,21880,0,0,0,0,0
2189,21890,0,0,0,0,0
2190,21900,1,0,0,0,0
2191,21910,0,1,0,0,0
2192,21920,0,1,1,0,0
2193,21930,0,1,0,0,0
2194,21940,0,0,0,0,0
2195,21950,0,0,0,0,0
2196,21960,0,0,0,0,0
2197,21970,0,0,0,0,0
2198,21980,0,0,0,0,0
2199,21990,0,0,0,0,0
2200,22000,0,1,0,0,0
2201,22010,0,1,0,0,0
2202,22020,0,1,0,0,0
2203,22030,1,1,1,1,1
2204,22040,0,0,1,0,0
2205,22050,0,0,1,0,0
2206,22060,0,0,1,0,0
2207,22070,0,0,0,0,0
2208,22080,0,0,0,0,0
2209,22090,0,0,0,0,0
2210,22100,0,0,0,0,0
2211,22110,0,0,0,0,0
2212,22120,0,0,0,0,0
2213,22130,0,0,0,0,0
2214,22140,1,0,0,0,0
2215,22150,0,0,1,0,0
2216,22160,0,0,1,0,0
2217,22170,0,0,1,0,0
2218,22180,0,0,1,0,0
2219,22190,0,0,1,0,0
2220,22200,0,0,1,0,0
2221,22210,1,0,1,0,0
2222,22220,0,0,1,0,0
2223,22230,0,0,1,0,0
2224,22240,0,0,1,0,0
2225,22250,0,0,0,0,0
2226,22260,0,0,0,0,0
2227,22270,0,0,0,0,0
2228,22280,0,0,1,0,0
2229,22290,0,0,0,0,0
2230,22300,0,0,0,0,0
2231,22310,0,0,0,0,0
2232,22320,1,0,0,0,0
2233,22330,1,0,0,0,0
2234,22340,1,1,0,0,0
2235,22350,1,1,0,0,0
2236,22360,1,1,0,0,0
2237,22370,1,1,0,0,0
2238,22380,1,0,1,0,0
2239,22390,1,0,0,0,0
2240,22400,1,0,0,0,0
2241,22410,0,0,0,0,0
2242,22420,0,1,0,0,0
2243,22430,0,1,0,0,0
2244,22440,0,1,0,0,0
2245,22450,0,1,0,0,0
2246,22460,0,1,0,0,0
2247,22470,0,0,0,0,0
2248,22480,0,0,0,0,0
2249,22490,1,1,0,0,0
2250,22500,0,1,0,0,0
2251,22510,0,1,0,0,0
2252,22520,0,0,0,0,0
2253,22530,0,0,0,0,0
2254,22540,1,0,0,0,0
2255,22550,1,0,0,0,0
2256,22560,1,1,0,0,0
2257,22570,1,1,0,0,0
2258,22580,0,1,0,0,0
2259,22590,0,1,0,0,0
2260,22600,0,0,0,0,0
2261,22610,0,0,0,0,0
2262,22620,0,0,1,0,0
2263,22630,0,1,0,0,0
2264,22640,0,1,1,0,0
2265,22650,0,1,0,0,0
2266,22660,0,1,0,0,0
2267,22670,1,1,1,0,1
2268,22680,1,0,1,0,0
2269,22690,1,0,1,0,0
2270,22700,1,0,1,0,0
2271,22710,1,0,0,0,0
2272,22720,1,0,0,0,0
2273,22730,0,0,0,0,0
2274,22740,0,0,0,0,0
2275,22750,0,0,0,0,0
2276,22760,0,0,1,0,0
2277,22770,0,0,0,0,0
2278,22780,0,0,0,0,0
2279,22790,0,0,0,0,0
2280,22800,0,0,0,0,0
2281,22810,0,1,0,0,0
2282,22820,0,1,0,0,0
2283,22830,0,1,0,0,0
2284,22840,0,0,1,0,0
2285,22850,0,0,0,0,0
2286,22860,0,1,0,0,0
2287,22870,1,1,1,1,1
2288,22880,0,0,0,0,0
2289,22890,0,1,0,0,0
2290,22900,0,0,0,0,0
2291,22910,0,0,0,0,0
2292,22920,0,0,0,0,0
2293,22930,0,0,0,0,0
2294,22940,0,0,0,0,0
2295,22950,0,1,0,0,0
2296,22960,0,1,0,0,0
2297,22970,0,1,1,0,0
2298,22980,0,1,0,0,0
2299,22990,1,1,0,0,0
2300,23000,0,1,0,0,0
2301,23010,0,1,0,0,0
2302,23020,0,0,0,0,0
2303,23030,0,0,0,0,0
2304,23040,0,0,1,0,0
2305,23050,1,0,0,0,0
2306,23060,0,0,0,0,0
2307,23070,0,0,0,0,0
2308,23080,0,0,1,0,0
2309,23090,0,0,1,0,0
2310,23100,0,0,0,0,0
2311,23110,0,0,0,0,0
2312,23120,0,1,0,0,0
2313,23130,0,0,1,0,0
2314,23140,0,0,0,0,0
2315,23150,0,0,1,0,0
2316,23160,0,0,1,0,0
2317,23170,0,0,1,0,0
2318,23180,0,0,0,0,0
2319,23190,0,0,0,0,0
2320,23200,0,0,0,0,0
2321,23210,0,0,1,0,0
2322,23220,0,0,1,0,0
2323,23230,0,1,1,0,0
2324,23240,0,0,0,0,0
2325,23250,1,0,1,0,0
2326,23260,1,0,1,0,0
2327,23270,1,0,1,0,0
2328,23280,0,0,0,0,0
2329,23290,0,0,0,0,0
2330,23300,0,0,0,0,0
2331,23310,0,0,1,0,0
2332,23320,0,0,0,0,0
2333,23330,1,0,0,0,0
2334,23340,1,0,1,0,0
2335,23350,0,1,1,0,0
2336,23360,0,1,1,0,0
2337,23370,0,1,0,0,0
2338,23380,0,0,1,0,0
2339,23390,1,0,1,0,0
2340,23400,0,0,1,0,0
2341,23410,0,0,1,0,0
2342,23420,0,0,1,0,0
2343,23430,0,0,1,0,0
2344,23440,0,0,1,0,0
2345,23450,0,0,0,0,0
2346,23460,1,0,0,0,0
2347,23470,0,1,0,0,0
2348,23480,0,0,0,0,0
2349,23490,0,0,1,0,0
2350,23500,0,0,1,0,0
2351,23510,1,1,1,0,1
2352,23520,1,0,0,0,0
2353,23530,0,0,0,0,0
2354,23540,0,1,0,0,0
2355,23550,0,1,0,0,0
2356,23560,0,0,0,0,0
2357,23570,0,0,0,0,0
2358,23580,0,0,0,0,0
2359,23590,1,0,0,0,0
2360,23600,1,1,1,0,1
2361,23610,1,0,0,0,0
2362,23620,1,0,0,0,0
2363,23630,0,0,0,0,0
2364,23640,1,0,0,0,0
2365,23650,1,0,1,0,0
2366,23660,0,1,0,0,0
2367,23670,0,1,0,0,0
2368,23680,1,1,1,0,1
2369,23690,1,0,1,0,0
2370,23700,1,0,1,0,0
2371,23710,1,0,0,0,0
2372,23720,1,1,0,0,0
2373,23730,0,1,0,0,0
2374,23740,0,0,0,0,0
2375,23750,0,0,0,0,0
2376,23760,0,0,0,0,0
2377,23770,0,0,0,0,0
2378,23780,0,0,0,0,0
2379,23790,0,0,0,0,0
2380,23800,0,0,0,0,0
2381,23810,1,0,0,0,0
2382,23820,0,0,0,0,0
2383,23830,0,0,0,0,0
2384,23840,0,0,0,0,0
2385,23850,0,1,0,0,0
2386,23860,0,1,0,0,0
2387,23870,0,1,0,0,0
2388,23880,0,1,0,0,0
2389,23890,1,1,1,0,1
2390,23900,1,1,0,0,0
2391,23910,0,1,0,0,0
2392,23920,0,1,0,0,0
2393,23930,0,0,0,0,0
2394,23940,0,0,0,0,0
2395,23950,0,1,0,0,0
2396,23960,0,0,0,0,0
2397,23970,0,0,0,0,0
2398,23980,0,0,0,0,0
2399,23990,0,0,0,0,0
2400,24000,0,0,1,0,0
2401,24010,0,0,1,0,0
2402,24020,0,0,1,0,0
2403,24030,0,0,0,0,0
2404,24040,0,0,0,0,0
2405,24050,0,0,0,0,0
2406,24060,0,1,0,0,0
2407,24070,0,1,0,0,0
2408,24080,0,0,0,0,0
2409,24090,0,0,0,0,0
2410,24100,0,0,0,0,0
2411,24110,0,0,0,0,0
2412,24120,0,1,0,0,0
2413,24130,1,1,0,0,0
2414,24140,0,1,0,0,0
2415,24150,0,1,0,0,0
2416,24160,0,0,0,0,0
2417,24170,0,1,0,0,0
2418,24180,0,0,0,0,0
2419,24190,0,1,0,0,0
2420,24200,0,0,1,0,0
2421,24210,0,1,0,0,0
2422,24220,0,1,0,0,0
2423,24230,0,0,0,0,0
2424,24240,0,0,0,0,0
2425,24250,0,0,0,0,0
2426,24260,0,0,0,0,0
2427,24270,0,0,0,0,0
2428,24280,0,0,0,0,0
2429,24290,0,0,0,0,0
2430,24300,0,0,0,0,0
2431,24310,0,1,1,0,0
2432,24320,0,0,1,0,0
2433,24330,0,0,0,0,0
2434,24340,0,0,1,0,0
2435,24350,0,0,1,0,0
2436,24360,0,0,0,0,0
2437,24370,0,0,0,0,0
2438,24380,1,0,0,0,0
2439,24390,1,0,0,0,0
2440,24400,0,0,0,0,0
2441,24410,0,0,0,0,0
2442,24420,0,0,0,0,0
2443,24430,0,0,0,0,0
2444,24440,0,0,1,0,0
2445,24450,1,0,0,0,0
2446,24460,0,0,0,0,0
2447,24470,0,0,0,0,0
2448,24480,0,0,1,0,0
2449,24490,0,1,1,0,0
2450,24500,0,1,1,0,0
2451,24510,0,1,1,0,0
2452,24520,0,0,1,0,0
2453,24530,1,0,0,0,0
2454,24540,1,1,0,0,0
2455,24550,1,0,1,0,0
2456,24560,1,0,1,0,0
2457,24570,1,0,1,0,0
2458,24580,1,0,1,0,0
2459,24590,1,0,1,0,0
2460,24600,1,0,1,0,0
2461,24610,0,0,1,0,0
2462,24620,0,1,1,0,0
2463,24630,0,1,0,0,0
2464,24640,0,1,0,0,0
2465,24650,0,1,0,0,0
2466,24660,1,0,0,0,0
2467,24670,1,0,0,0,0
2468,24680,0,0,0,0,0
2469,24690,0,1,1,0,0
2470,24700,0,1,1,0,0
2471,24710,0,0,1,0,0
2472,24720,0,0,1,0,0
2473,24730,0,0,1,0,0
2474,24740,1,0,1,0,0
2475,24750,1,0,1,0,0
2476,24760,1,0,1,0,0
2477,24770,1,0,1,0,0
2478,24780,1,0,0,0,0
2479,24790,0,1,0,0,0
2480,24800,0,1,0,0,0
2481,24810,1,0,0,0,0
2482,24820,1,0,1,0,0
2483,24830,0,0,0,0,0
2484,24840,0,0,0,0,0
2485,24850,0,0,0,0,0
2486,24860,0,0,1,0,0
2487,24870,0,0,1,0,0
2488,24880,1,0,1,0,0
2489,24890,1,0,1,0,0
2490,24900,0,0,1,0,0
2491,24910,0,0,0,0,0
2492,24920,0,0,0,0,0
2493,24930,0,0,1,0,0
2494,24940,0,0,1,0,0
2495,24950,0,0,1,0,0
2496,24960,0,0,1,0,0
2497,24970,1,0,1,0,0
2498,24980,1,0,0,0,0
2499,24990,1,0,0,0,0
2500,25000,0,0,0,0,0
2501,25010,0,0,0,0,0
2502,25020,0,0,0,0,0
2503,25030,1,0,0,0,0
2504,25040,1,0,1,0,0
2505,25050,1,0,1,0,0
2506,25060,1,0,1,0,0
2507,25070,0,0,1,0,0
2508,25080,0,0,0,0,0
2509,25090,0,0,0,0,0
2510,25100,0,0,0,0,0
2511,25110,0,1,0,0,0
2512,25120,0,1,0,0,0
2513,25130,0,0,0,0,0
2514,25140,0,0,0,0,0
2515,25150,0,0,0,0,0
2516,25160,0,0,0,0,0
2517,25170,1,1,1,1,1
2518,25180,0,0,0,0,0
2519,25190,1,0,1,0,0
2520,25200,1,1,1,1,1
2521,25210,1,0,1,0,0
2522,25220,0,0,1,0,0
2523,25230,0,0,0,0,0
2524,25240,0,0,0,0,0
2525,25250,0,0,0,0,0
2526,25260,0,0,0,0,0
2527,25270,0,0,0,0,0
2528,25280,0,1,1,0,0
2529,25290,0,0,1,0,0
2530,25300,1,0,0,0,0
2531,25310,1,0,0,0,0
2532,25320,0,0,0,0,0
2533,25330,0,0,1,0,0
2534,25340,0,0,0,0,0
2535,25350,0,0,0,0,0
2536,25360,0,0,0,0,0
2537,25370,0,0,0,0,0
2538,25380,0,0,1,0,0
2539,25390,0,0,0,0,0
2540,25400,0,0,0,0,0
2541,25410,0,0,0,0,0
2542,25420,0,1,0,0,0
2543,25430,0,0,0,0,0
2544,25440,0,0,0,0,0
2545,25450,1,0,0,0,0
2546,25460,1,1,1,0,1
2547,25470,1,1,1,0,1
2548,25480,1,1,1,0,1
2549,25490,0,1,0,0,0
2550,25500,0,0,0,0,0
2551,25510,0,0,0,0,0
2552,25520,0,1,0,0,0
2553,25530,1,1,1,0,1
2554,25540,0,1,1,0,0
2555,25550,0,1,1,0,0
2556,25560,0,1,0,0,0
2557,25570,0,1,0,0,0
2558,25580,0,1,0,0,0
2559,25590,0,0,0,0,0
2560,25600,0,0,0,0,0
2561,25610,0,0,1,0,0
2562,25620,0,0,1,0,0
2563,25630,0,0,0,0,0
2564,25640,0,0,0,0,0
2565,25650,1,1,0,0,0
2566,25660,1,1,0,0,0
2567,25670,1,0,0,0,0
2568,25680,0,0,1,0,0
2569,25690,0,0,1,0,0
2570,25700,0,0,1,0,0
2571,25710,0,0,1,0,0
2572,25720,0,0,1,0,0
2573,25730,0,0,1,0,0
2574,25740,0,0,1,0,0
2575,25750,0,0,0,0,0
2576,25760,0,0,1,0,0
2577,25770,0,1,1,0,0
2578,25780,0,1,0,0,0
2579,25790,0,1,0,0,0
2580,25800,0,1,1,0,0
2581,25810,0,1,1,0,0
2582,25820,0,1,0,0,0
2583,25830,0,1,0,0,0
2584,25840,0,1,0,0,0
2585,25850,0,0,0,0,0
2586,25860,1,0,1,0,0
2587,25870,1,0,1,0,0
2588,25880,0,1,1,0,0
2589,25890,0,1,0,0,0
2590,25900,0,1,0,0,0
2591,25910,0,1,1,0,0
2592,25920,0,0,1,0,0
2593,25930,0,1,0,0,0
2594,25940,0,1,0,0,0
2595,25950,0,0,0,0,0
2596,25960,0,0,0,0,0
2597,25970,0,0,1,0,0
2598,25980,0,0,1,0,0
2599,25990,0,0,1,0,0
2600,26000,1,0,0,0,0
2601,26010,1,0,0,0,0
2602,26020,1,1,0,0,0
2603,26030,1,1,1,0,1
2604,26040,0,0,0,0,0
2605,26050,0,0,0,0,0
2606,26060,0,0,0,0,0
2607,26070,0,1,0,0,0
2608,26080,1,1,1,1,1
2609,26090,0,0,1,0,0
2610,26100,0,0,0,0,0
2611,26110,0,1,0,0,0
2612,26120,0,1,0,0,0
2613,26130,0,0,0,0,0
2614,26140,0,0,1,0,0
2615,26150,0,0,1,0,0
2616,26160,0,0,0,0,0
2617,26170,1,0,0,0,0
2618,26180,1,0,0,0,0
2619,26190,0,0,0,0,0
2620,26200,0,0,0,0,0
2621,26210,0,0,0,0,0
2622,26220,1,1,1,1,1
2623,26230,0,0,0,0,0
2624,26240,0,0,0,0,0
2625,26250,0,0,0,0,0
2626,26260,0,0,1,0,0
2627,26270,0,0,1,0,0
2628,26280,0,0,0,0,0
2629,26290,0,0,0,0,0
2630,26300,0,0,0,0,0
2631,26310,0,0,0,0,0
2632,26320,0,0,0,0,0
2633,26330,0,1,0,0,0
2634,26340,0,0,0,0,0
2635,26350,0,0,0,0,0
2636,26360,0,1,0,0,0
2637,26370,0,0,0,0,0
2638,26380,0,0,0,0,0
2639,26390,1,0,0,0,0
2640,26400,1,0,0,0,0
2641,26410,0,0,0,0,0
2642,26420,0,0,1,0,0
2643,26430,0,0,1,0,0
2644,26440,0,0,0,0,0
2645,26450,0,0,0,0,0
2646,26460,0,0,0,0,0
2647,26470,1,0,0,0,0
2648,26480,1,0,0,0,0
2649,26490,0,0,1,0,0
2650,26500,0,0,1,0,0
2651,26510,0,0,1,0,0
2652,26520,0,0,1,0,0
2653,26530,0,0,1,0,0
2654,26540,1,0,0,0,0
2655,26550,0,0,0,0,0
2656,26560,0,0,1,0,0
2657,26570,1,0,1,0,0
2658,26580,0,0,1,0,0
2659,26590,0,0,1,0,0
2660,26600,0,0,0,0,0
2661,26610,0,0,0,0,0
2662,26620,0,0,0,0,0
2663,26630,0,0,0,0,0
2664,26640,0,1,0,0,0
2665,26650,0,1,0,0,0
2666,26660,0,1,1,0,0
2667,26670,1,0,0,0,0
2668,26680,1,0,0,0,0
2669,26690,1,0,1,0,0
2670,26700,1,0,1,0,0
2671,26710,0,0,0,0,0
2672,26720,0,0,0,0,0
2673,26730,1,0,0,0,0
2674,26740,1,0,0,0,0
2675,26750,0,0,0,0,0
2676,26760,0,0,0,0,0
2677,26770,1,0,0,0,0
2678,26780,1,0,0,0,0
2679,26790,1,1,0,0,0
2680,26800,1,0,0,0,0
2681,26810,0,0,1,0,0
2682,26820,1,0,1,0,0
2683,26830,1,0,0,0,0
2684,26840,0,0,1,0,0
2685,26850,0,0,0,0,0
2686,26860,0,0,0,0,0
2687,26870,0,1,0,0,0
2688,26880,0,1,0,0,0
2689,26890,0,1,0,0,0
2690,26900,1,1,0,0,0
2691,26910,0,0,0,0,0
2692,26920,0,0,0,0,0
2693,26930,0,0,1,0,0
2694,26940,0,0,1,0,0
2695,26950,1,0,0,0,0
2696,26960,1,0,0,0,0
2697,26970,1,1,0,0,0
2698,26980,1,1,0,0,0
2699,26990,1,1,0,0,0
2700,27000,0,0,0,0,0
2701,27010,0,0,0,0,0
2702,27020,0,0,0,0,0
2703,27030,1,0,0,0,0
2704,27040,0,1,0,0,0
2705,27050,1,1,1,1,1
2706,27060,0,0,1,0,0
2707,27070,0,0,1,0,0
2708,27080,0,1,0,0,0
2709,27090,0,1,0,0,0
2710,27100,0,0,0,0,0
2711,27110,1,0,0,0,0
2712,27120,0,0,0,0,0
2713,27130,0,1,0,0,0
2714,27140,0,0,0,0,0
2715,27150,0,0,0,0,0
2716,27160,0,0,1,0,0
2717,27170,0,1,0,0,0
2718,27180,0,1,1,0,0
2719,27190,0,0,0,0,0
2720,27200,0,0,0,0,0
2721,27210,0,0,0,0,0
2722,27220,0,0,0,0,0
2723,27230,0,0,0,0,0
2724,27240,0,0,0,0,0
2725,27250,0,0,0,0,0
2726,27260,0,0,0,0,0
2727,27270,0,1,0,0,0
2728,27280,0,0,0,0,0
2729,27290,0,0,1,0,0
2730,27300,0,0,1,0,0
2731,27310,1,1,1,1,1
2732,27320,1,1,0,0,0
2733,27330,0,1,0,0,0
2734,27340,0,0,0,0,0
2735,27350,0,0,0,0,0
2736,27360,0,0,0,0,0
2737,27370,0,0,0,0,0
2738,27380,0,0,1,0,0
2739,27390,0,0,1,0,0
2740,27400,0,0,0,0,0
2741,27410,0,0,1,0,0
2742,27420,0,0,1,0,0
2743,27430,0,0,1,0,0
2744,27440,1,0,1,0,0
2745,27450,1,0,1,0,0
2746,27460,1,0,1,0,0
2747,27470,1,0,1,0,0
2748,27480,1,0,1,0,0
2749,27490,1,0,0,0,0
2750,27500,1,0,0,0,0
2751,27510,1,0,0,0,0
2752,27520,1,0,0,0,0
2753,27530,0,0,1,0,0
2754,27540,0,0,1,0,0
2755,27550,1,1,1,1,1
2756,27560,0,0,1,0,0
2757,27570,1,1,1,1,1
2758,27580,1,0,1,0,0
2759,27590,1,0,1,0,0
2760,27600,0,0,1,0,0
2761,27610,0,0,0,0,0
2762,27620,0,0,0,0,0
2763,27630,0,0,0,0,0
2764,27640,0,0,0,0,0
2765,27650,0,0,0,0,0
2766,27660,0,1,0,0,0
2767,27670,0,0,0,0,0
2768,27680,0,0,0,0,0
2769,27690,0,1,0,0,0
2770,27700,0,1,0,0,0
2771,27710,0,1,0,0,0
2772,27720,0,1,0,0,0
2773,27730,0,0,1,0,0
2774,27740,0,0,1,0,0
2775,27750,0,0,1,0,0
2776,27760,1,1,1,0,1
2777,27770,1,1,1,0,1
2778,27780,0,1,1,0,0
2779,27790,0,1,1,0,0
2780,27800,1,1,1,0,1
2781,27810,1,1,0,0,0
2782,27820,0,0,0,0,0
2783,27830,0,0,0,0,0
2784,27840,0,0,0,0,0
2785,27850,0,0,1,0,0
2786,27860,0,0,1,0,0
2787,27870,0,1,0,0,0
2788,27880,0,0,0,0,0
2789,27890,0,0,0,0,0
2790,27900,0,0,0,0,0
2791,27910,0,0,0,0,0
2792,27920,0,0,0,0,0
2793,27930,0,0,0,0,0
2794,27940,0,0,0,0,0
2795,27950,0,0,0,0,0
2796,27960,0,0,0,0,0
2797,27970,0,1,0,0,0
2798,27980,1,0,0,0,0
2799,27990,1,0,0,0,0
2800,28000,1,0,1,0,0
2801,28010,1,0,1,0,0
2802,28020,1,0,0,0,0
2803,28030,0,0,0,0,0
2804,28040,0,0,0,0,0
2805,28050,1,0,0,0,0
2806,28060,1,0,0,0,0
2807,28070,1,1,0,0,0
2808,28080,0,0,0,0,0
2809,28090,0,0,1,0,0
2810,28100,0,0,1,0,0
2811,28110,0,0,0,0,0
2812,28120,0,0,0,0,0
2813,28130,0,0,1,0,0
2814,28140,1,0,0,0,0
2815,28150,0,0,0,0,0
2816,28160,0,0,0,0,0
2817,28170,0,0,0,0,0
2818,28180,1,0,0,0,0
2819,28190,1,0,0,0,0
2820,28200,1,0,0,0,0
2821,28210,1,0,0,0,0
2822,28220,1,0,0,0,0
2823,28230,0,0,0,0,0
2824,28240,0,0,1,0,0
2825,28250,0,0,0,0,0
2826,28260,0,0,0,0,0
2827,28270,1,0,0,0,0
2828,28280,0,0,0,0,0
2829,28290,0,0,0,0,0
2830,28300,1,0,0,0,0
2831,28310,0,1,0,0,0
2832,28320,0,1,0,0,0
2833,28330,0,0,1,0,0
2834,28340,0,0,0,0,0
2835,28350,0,0,0,0,0
2836,28360,0,1,0,0,0
2837,28370,0,1,0,0,0
2838,28380,0,0,0,0,0
2839,28390,0,0,0,0,0
2840,28400,0,0,0,0,0
2841,28410,0,0,1,0,0
2842,28420,0,0,1,0,0
2843,28430,0,0,1,0,0
2844,28440,0,0,0,0,0
2845,28450,0,0,0,0,0
2846,28460,0,0,0,0,0
2847,28470,1,0,0,0,0
2848,28480,1,0,1,0,0
2849,28490,0,1,0,0,0
2850,28500,0,1,0,0,0
2851,28510,0,1,0,0,0
2852,28520,0,0,0,0,0
2853,28530,0,0,0,0,0
2854,28540,0,0,0,0,0
2855,28550,0,0,0,0,0
2856,28560,0,1,1,0,0
2857,28570,0,1,1,0,0
2858,28580,0,1,1,0,0
2859,28590,0,1,1,0,0
2860,28600,0,0,1,0,0
2861,28610,0,0,1,0,0
2862,28620,0,0,0,0,0
2863,28630,0,0,0,0,0
2864,28640,1,0,1,0,0
2865,28650,0,0,1,0,0
2866,28660,1,0,1,0,0
2867,28670,0,0,0,0,0
2868,28680,0,0,0,0,0
2869,28690,0,0,0,0,0
2870,28700,0,1,1,0,0
2871,28710,0,0,1,0,0
2872,28720,0,0,0,0,0
2873,28730,1,0,0,0,0
2874,28740,1,0,0,0,0
2875,28750,0,0,0,0,0
2876,28760,0,0,0,0,0
2877,28770,0,0,0,0,0
2878,28780,0,0,0,0,0
2879,28790,0,0,0,0,0
2880,28800,0,0,0,0,0
2881,28810,1,0,0,0,0
2882,28820,0,0,0,0,0
2883,28830,1,0,0,0,0
2884,28840,1,0,0,0,0
2885,28850,0,0,1,0,0
2886,28860,0,0,0,0,0
2887,28870,0,1,1,0,0
2888,28880,1,1,0,0,0
2889,28890,1,1,1,0,1
2890,28900,0,0,0,0,0
2891,28910,0,1,0,0,0
2892,28920,0,1,1,0,0
2893,28930,1,0,1,0,0
2894,28940,0,0,1,0,0
2895,28950,0,0,1,0,0
2896,28960,1,0,1,0,0
2897,28970,0,0,0,0,0
2898,28980,0,0,0,0,0
2899,28990,0,0,0,0,0
2900,29000,0,0,0,0,0
2901,29010,0,0,0,0,0
2902,29020,0,0,0,0,0
2903,29030,0,0,0,0,0
2904,29040,0,0,0,0,0
2905,29050,0,0,0,0,0
2906,29060,0,0,0,0,0
2907,29070,0,0,1,0,0
2908,29080,0,0,0,0,0
2909,29090,0,0,1,0,0
2910,29100,0,0,1,0,0
2911,29110,0,0,0,0,0
2912,29120,1,1,1,1,1
2913,29130,1,0,0,0,0
2914,29140,1,0,0,0,0
2915,29150,0,0,0,0,0
2916,29160,0,0,0,0,0
2917,29170,0,1,0,0,0
2918,29180,1,1,0,0,0
2919,29190,1,0,0,0,0
2920,29200,0,0,0,0,0
2921,29210,0,0,0,0,0
2922,29220,0,1,0,0,0
2923,29230,0,0,0,0,0
2924,29240,0,1,0,0,0
2925,29250,0,0,0,0,0
2926,29260,0,0,0,0,0
2927,29270,0,1,0,0,0
2928,29280,0,0,0,0,0
2929,29290,0,0,0,0,0
2930,29300,0,0,1,0,0
2931,29310,0,0,0,0,0
2932,29320,1,0,0,0,0
2933,29330,1,0,0,0,0
2934,29340,0,0,0,0,0
2935,29350,0,0,0,0,0
2936,29360,0,0,0,0,0
2937,29370,0,0,1,0,0
2938,29380,0,0,1,0,0
2939,29390,0,0,1,0,0
2940,29400,0,0,1,0,0
2941,29410,0,0,0,0,0
2942,29420,0,0,0,0,0
2943,29430,1,0,0,0,0
2944,29440,0,1,0,0,0
2945,29450,0,0,1,0,0
2946,29460,1,0,0,0,0
2947,29470,1,0,0,0,0
2948,29480,1,0,1,0,0
2949,29490,0,0,1,0,0
2950,29500,0,0,0,0,0
2951,29510,0,0,0,0,0
2952,29520,0,0,0,0,0
2953,29530,0,0,0,0,0
2954,29540,0,0,0,0,0
2955,29550,0,0,0,0,0
2956,29560,0,0,0,0,0
2957,29570,0,0,0,0,0
2958,29580,0,0,0,0,0
2959,29590,0,0,0,0,0
2960,29600,1,0,0,0,0
2961,29610,0,0,0,0,0
2962,29620,0,0,0,0,0
2963,29630,0,0,0,0,0
2964,29640,0,0,0,0,0
2965,29650,1,0,0,0,0
2966,29660,1,0,0,0,0
2967,29670,1,0,0,0,0
2968,29680,1,0,0,0,0
2969,29690,0,0,0,0,0
2970,29700,0,0,0,0,0
2971,29710,0,0,0,0,0
2972,29720,0,0,0,0,0
2973,29730,0,0,0,0,0
2974,29740,0,0,0,0,0
2975,29750,1,1,1,1,1
2976,29760,0,0,0,0,0
2977,29770,0,0,0,0,0
2978,29780,1,0,1,0,0
2979,29790,0,0,0,0,0
2980,29800,1,0,0,0,0
2981,29810,1,0,0,0,0
2982,29820,1,0,0,0,0
2983,29830,1,0,1,0,0
2984,29840,1,0,1,0,0
2985,29850,0,0,1,0,0
2986,29860,1,1,1,1,1
2987,29870,0,1,0,0,0
2988,29880,0,1,0,0,0
2989,29890,1,1,0,0,0
2990,29900,1,1,1,0,1
2991,29910,1,0,0,0,0
2992,29920,0,1,0,0,0
2993,29930,0,1,1,0,0
2994,29940,1,0,1,0,0
2995,29950,1,0,0,0,0
2996,29960,1,0,0,0,0
2997,29970,1,0,0,0,0
2998,29980,1,0,1,0,0
2999,29990,1,0,1,0,0
