seed,raw_loss_pct,mode,p_eff_pct,n_packets
42,5,burst,-0.002,200000.0
42,5,independent,0.075,200000.0
43,5,burst,0.0528,200000.0
43,5,independent,0.0199,200000.0
44,5,burst,0.0382,200000.0
44,5,independent,0.0345,200000.0
45,5,burst,0.0495,200000.0
45,5,independent,-0.0561,200000.0
123,5,burst,0.0048,200000.0
123,5,independent,0.0378,200000.0
124,5,burst,-0.0332,200000.0
124,5,independent,0.0685,200000.0
125,5,burst,0.0575,200000.0
125,5,independent,-0.0505,200000.0
126,5,burst,0.0083,200000.0
126,5,independent,0.0885,200000.0
256,5,burst,-0.037,200000.0
256,5,independent,0.0349,200000.0
257,5,burst,0.1207,200000.0
257,5,independent,0.0062,200000.0
258,5,burst,-0.0233,200000.0
258,5,independent,0.0387,200000.0
259,5,burst,0.1322,200000.0
259,5,independent,-0.0685,200000.0
512,5,burst,-0.0052,200000.0
512,5,independent,0.078,200000.0
513,5,burst,-0.039,200000.0
513,5,independent,0.0097,200000.0
514,5,burst,0.0295,200000.0
514,5,independent,0.0412,200000.0
515,5,burst,0.0219,200000.0
515,5,independent,-0.0094,200000.0
1024,5,burst,0.06,200000.0
1024,5,independent,-0.0617,200000.0
1025,5,burst,0.0595,200000.0
1025,5,independent,-0.0506,200000.0
1026,5,burst,0.0983,200000.0
1026,5,independent,-0.0275,200000.0
1027,5,burst,0.0665,200000.0
1027,5,independent,0.0314,200000.0
summary,5,burst_model_closed_form,0.033,
summary,5,independent_product_piB3,0.0125,
42,10,burst,0.1524,200000.0
42,10,independent,0.0886,200000.0
43,10,burst,0.1691,200000.0
43,10,independent,0.1491,200000.0
44,10,burst,0.1,200000.0
44,10,independent,0.1304,200000.0
45,10,burst,0.1546,200000.0
45,10,independent,0.1905,200000.0
123,10,burst,0.1771,200000.0
123,10,independent,0.1039,200000.0
124,10,burst,0.2277,200000.0
124,10,independent,-0.0157,200000.0
125,10,burst,0.1088,200000.0
125,10,independent,0.1007,200000.0
126,10,burst,0.0777,200000.0
126,10,independent,0.141,200000.0
256,10,burst,0.1725,200000.0
256,10,independent,0.1289,200000.0
257,10,burst,0.0757,200000.0
257,10,independent,0.1182,200000.0
258,10,burst,0.1374,200000.0
258,10,independent,0.1891,200000.0
259,10,burst,0.061,200000.0
259,10,independent,0.1266,200000.0
512,10,burst,0.2175,200000.0
512,10,independent,0.1269,200000.0
513,10,burst,0.1679,200000.0
513,10,independent,0.145,200000.0
514,10,burst,0.0645,200000.0
514,10,independent,0.1299,200000.0
515,10,burst,0.1494,200000.0
515,10,independent,0.0627,200000.0
1024,10,burst,0.165,200000.0
1024,10,independent,0.0749,200000.0
1025,10,burst,0.0724,200000.0
1025,10,independent,0.0349,200000.0
1026,10,burst,0.0991,200000.0
1026,10,independent,0.0757,200000.0
1027,10,burst,0.1103,200000.0
1027,10,independent,0.0586,200000.0
summary,10,burst_model_closed_form,0.133,
summary,10,independent_product_piB3,0.1,
42,20,burst,1.1294,200000.0
42,20,independent,0.8769,200000.0
43,20,burst,1.1941,200000.0
43,20,independent,0.983,200000.0
44,20,burst,1.1518,200000.0
44,20,independent,1.1129,200000.0
45,20,burst,1.0882,200000.0
45,20,independent,0.8433,200000.0
123,20,burst,1.0086,200000.0
123,20,independent,0.9203,200000.0
124,20,burst,1.054,200000.0
124,20,independent,0.7952,200000.0
125,20,burst,1.3672,200000.0
125,20,independent,0.807,200000.0
126,20,burst,0.8096,200000.0
126,20,independent,0.7555,200000.0
256,20,burst,1.1363,200000.0
256,20,independent,0.7495,200000.0
257,20,burst,1.0411,200000.0
257,20,independent,0.8989,200000.0
258,20,burst,1.1588,200000.0
258,20,independent,0.8868,200000.0
259,20,burst,1.1645,200000.0
259,20,independent,0.8648,200000.0
512,20,burst,1.056,200000.0
512,20,independent,0.7682,200000.0
513,20,burst,1.1672,200000.0
513,20,independent,0.9426,200000.0
514,20,burst,1.283,200000.0
514,20,independent,0.972,200000.0
515,20,burst,0.8999,200000.0
515,20,independent,0.8038,200000.0
1024,20,burst,1.2118,200000.0
1024,20,independent,0.7462,200000.0
1025,20,burst,1.1987,200000.0
1025,20,independent,1.0276,200000.0
1026,20,burst,1.2092,200000.0
1026,20,independent,0.9868,200000.0
1027,20,burst,0.9105,200000.0
1027,20,independent,0.7588,200000.0
summary,20,burst_model_closed_form,1.1122,
summary,20,independent_product_piB3,0.8,
42,30,burst,3.5119,200000.0
42,30,independent,3.5814,200000.0
43,30,burst,3.1066,200000.0
43,30,independent,2.728,200000.0
44,30,burst,3.8174,200000.0
44,30,independent,3.1284,200000.0
45,30,burst,2.7743,200000.0
45,30,independent,2.8549,200000.0
123,30,burst,2.792,200000.0
123,30,independent,3.3646,200000.0
124,30,burst,3.0989,200000.0
124,30,independent,2.6595,200000.0
125,30,burst,3.1954,200000.0
125,30,independent,2.4694,200000.0
126,30,burst,3.2158,200000.0
126,30,independent,2.6861,200000.0
256,30,burst,3.5264,200000.0
256,30,independent,2.1812,200000.0
257,30,burst,3.2448,200000.0
257,30,independent,2.9869,200000.0
258,30,burst,3.2659,200000.0
258,30,independent,3.3291,200000.0
259,30,burst,3.892,200000.0
259,30,independent,2.7811,200000.0
512,30,burst,3.8178,200000.0
512,30,independent,3.2884,200000.0
513,30,burst,2.9377,200000.0
513,30,independent,2.9529,200000.0
514,30,burst,3.4984,200000.0
514,30,independent,2.9785,200000.0
515,30,burst,3.5178,200000.0
515,30,independent,3.1624,200000.0
1024,30,burst,4.4323,200000.0
1024,30,independent,2.6552,200000.0
1025,30,burst,3.5481,200000.0
1025,30,independent,3.0283,200000.0
1026,30,burst,3.8691,200000.0
1026,30,independent,2.716,200000.0
1027,30,burst,3.5174,200000.0
1027,30,independent,2.468,200000.0
summary,30,burst_model_closed_form,3.4291,
summary,30,independent_product_piB3,2.7,
42,40,burst,7.2233,200000.0
42,40,independent,7.7461,200000.0
43,40,burst,6.3587,200000.0
43,40,independent,7.1987,200000.0
44,40,burst,7.7557,200000.0
44,40,independent,7.4611,200000.0
45,40,burst,7.6672,200000.0
45,40,independent,5.9372,200000.0
123,40,burst,8.2492,200000.0
123,40,independent,7.2615,200000.0
124,40,burst,5.948,200000.0
124,40,independent,5.9862,200000.0
125,40,burst,6.9513,200000.0
125,40,independent,6.6513,200000.0
126,40,burst,7.1203,200000.0
126,40,independent,6.3102,200000.0
256,40,burst,6.8317,200000.0
256,40,independent,7.6612,200000.0
257,40,burst,8.6633,200000.0
257,40,independent,7.5246,200000.0
258,40,burst,5.618,200000.0
258,40,independent,6.8337,200000.0
259,40,burst,5.9847,200000.0
259,40,independent,5.9531,200000.0
512,40,burst,6.9848,200000.0
512,40,independent,5.4678,200000.0
513,40,burst,7.4256,200000.0
513,40,independent,7.1331,200000.0
514,40,burst,7.2329,200000.0
514,40,independent,6.7674,200000.0
515,40,burst,7.8027,200000.0
515,40,independent,6.1885,200000.0
1024,40,burst,6.248,200000.0
1024,40,independent,6.3886,200000.0
1025,40,burst,5.7037,200000.0
1025,40,independent,5.1909,200000.0
1026,40,burst,6.4831,200000.0
1026,40,independent,7.9199,200000.0
1027,40,burst,6.9879,200000.0
1027,40,independent,7.759,200000.0
summary,40,burst_model_closed_form,6.9623,
summary,40,independent_product_piB3,6.4,
42,50,burst,14.2091,200000.0
42,50,independent,11.4928,200000.0
43,50,burst,11.1172,200000.0
43,50,independent,10.6082,200000.0
44,50,burst,12.949,200000.0
44,50,independent,10.5849,200000.0
45,50,burst,10.8713,200000.0
45,50,independent,13.857,200000.0
123,50,burst,12.9289,200000.0
123,50,independent,11.7243,200000.0
124,50,burst,10.0045,200000.0
124,50,independent,14.2971,200000.0
125,50,burst,11.5995,200000.0
125,50,independent,13.067,200000.0
126,50,burst,10.9706,200000.0
126,50,independent,14.3569,200000.0
256,50,burst,14.874,200000.0
256,50,independent,13.3555,200000.0
257,50,burst,14.361,200000.0
257,50,independent,12.4733,200000.0
258,50,burst,10.4159,200000.0
258,50,independent,10.7245,200000.0
259,50,burst,13.8284,200000.0
259,50,independent,12.1074,200000.0
512,50,burst,15.1564,200000.0
512,50,independent,13.5523,200000.0
513,50,burst,13.9806,200000.0
513,50,independent,15.3425,200000.0
514,50,burst,13.881,200000.0
514,50,independent,11.1663,200000.0
515,50,burst,12.9273,200000.0
515,50,independent,11.2403,200000.0
1024,50,burst,11.9446,200000.0
1024,50,independent,11.2971,200000.0
1025,50,burst,13.2445,200000.0
1025,50,independent,10.7225,200000.0
1026,50,burst,12.0137,200000.0
1026,50,independent,13.6014,200000.0
1027,50,burst,12.9824,200000.0
1027,50,independent,14.089,200000.0
summary,50,burst_model_closed_form,12.7127,
summary,50,independent_product_piB3,12.5,
