method,seed,n_uav,n_task,duration_s,collisions,completion_pct,energy_wh,mean_track_err_m
greedy,42,6,30,2515.64,0.05,89.8,32.4,0.44
greedy,43,6,30,2431.5,0.05,89.8,32.4,0.44
greedy,44,6,30,2414.09,0.05,89.8,32.4,0.44
greedy,45,6,30,2241.51,0.05,89.8,32.4,0.44
greedy,123,6,30,2568.25,0.05,89.8,32.4,0.44
greedy,124,6,30,2633.8,0.05,89.8,32.4,0.44
greedy,125,6,30,2662.71,0.05,89.8,32.4,0.44
greedy,126,6,30,2412.49,0.05,89.8,32.4,0.44
greedy,256,6,30,2394.36,0.05,89.8,32.4,0.44
greedy,257,6,30,2391.85,0.05,89.8,32.4,0.44
greedy,258,6,30,2547.46,0.05,89.8,32.4,0.44
greedy,259,6,30,2314.41,0.05,89.8,32.4,0.44
greedy,512,6,30,2858.82,0.05,89.8,32.4,0.44
greedy,513,6,30,2652.92,0.05,89.8,32.4,0.44
greedy,514,6,30,2460.12,0.05,89.8,32.4,0.44
greedy,515,6,30,2581.17,0.05,89.8,32.4,0.44
greedy,1024,6,30,2570.19,0.05,89.8,32.4,0.44
greedy,1025,6,30,2531.62,0.05,89.8,32.4,0.44
greedy,1026,6,30,2672.74,0.05,89.8,32.4,0.44
greedy,1027,6,30,2226.5,0.05,89.8,32.4,0.44
centralised,42,6,30,1302.13,0.15,91.8,33.4,0.44
centralised,43,6,30,1330.15,0.15,91.8,33.4,0.44
centralised,44,6,30,1076.01,0.15,91.8,33.4,0.44
centralised,45,6,30,912.97,0.15,91.8,33.4,0.44
centralised,123,6,30,1073.79,0.15,91.8,33.4,0.44
centralised,124,6,30,932.3,0.15,91.8,33.4,0.44
centralised,125,6,30,1006.66,0.15,91.8,33.4,0.44
centralised,126,6,30,1138.13,0.15,91.8,33.4,0.44
centralised,256,6,30,1246.92,0.15,91.8,33.4,0.44
centralised,257,6,30,989.29,0.15,91.8,33.4,0.44
centralised,258,6,30,1077.27,0.15,91.8,33.4,0.44
centralised,259,6,30,1018.85,0.15,91.8,33.4,0.44
centralised,512,6,30,1347.66,0.15,91.8,33.4,0.44
centralised,513,6,30,908.27,0.15,91.8,33.4,0.44
centralised,514,6,30,1307.08,0.15,91.8,33.4,0.44
centralised,515,6,30,937.28,0.15,91.8,33.4,0.44
centralised,1024,6,30,865.46,0.15,91.8,33.4,0.44
centralised,1025,6,30,944.41,0.15,91.8,33.4,0.44
centralised,1026,6,30,1292.91,0.15,91.8,33.4,0.44
centralised,1027,6,30,1095.85,0.15,91.8,33.4,0.44
hungarian,42,6,30,1083.96,0.2,88.2,39.3,0.44
hungarian,43,6,30,922.37,0.2,88.2,39.3,0.44
hungarian,44,6,30,986.2,0.2,88.2,39.3,0.44
hungarian,45,6,30,932.03,0.2,88.2,39.3,0.44
hungarian,123,6,30,943.62,0.2,88.2,39.3,0.44
hungarian,124,6,30,1073.61,0.2,88.2,39.3,0.44
hungarian,125,6,30,1006.0,0.2,88.2,39.3,0.44
hungarian,126,6,30,877.91,0.2,88.2,39.3,0.44
hungarian,256,6,30,1072.82,0.2,88.2,39.3,0.44
hungarian,257,6,30,1001.5,0.2,88.2,39.3,0.44
hungarian,258,6,30,829.23,0.2,88.2,39.3,0.44
hungarian,259,6,30,984.47,0.2,88.2,39.3,0.44
hungarian,512,6,30,939.47,0.2,88.2,39.3,0.44
hungarian,513,6,30,884.02,0.2,88.2,39.3,0.44
hungarian,514,6,30,879.9,0.2,88.2,39.3,0.44
hungarian,515,6,30,1067.66,0.2,88.2,39.3,0.44
hungarian,1024,6,30,1059.42,0.2,88.2,39.3,0.44
hungarian,1025,6,30,1054.63,0.2,88.2,39.3,0.44
hungarian,1026,6,30,914.59,0.2,88.2,39.3,0.44
hungarian,1027,6,30,961.68,0.2,88.2,39.3,0.44
marl,42,6,30,1097.56,0.3,88.3,39.1,0.44
marl,43,6,30,872.6,0.3,88.3,39.1,0.44
marl,44,6,30,986.27,0.3,88.3,39.1,0.44
marl,45,6,30,1080.78,0.3,88.3,39.1,0.44
marl,123,6,30,1011.18,0.3,88.3,39.1,0.44
marl,124,6,30,965.47,0.3,88.3,39.1,0.44
marl,125,6,30,982.84,0.3,88.3,39.1,0.44
marl,126,6,30,921.56,0.3,88.3,39.1,0.44
marl,256,6,30,973.75,0.3,88.3,39.1,0.44
marl,257,6,30,928.55,0.3,88.3,39.1,0.44
marl,258,6,30,952.85,0.3,88.3,39.1,0.44
marl,259,6,30,1015.95,0.3,88.3,39.1,0.44
marl,512,6,30,1145.45,0.3,88.3,39.1,0.44
marl,513,6,30,953.08,0.3,88.3,39.1,0.44
marl,514,6,30,940.1,0.3,88.3,39.1,0.44
marl,515,6,30,889.68,0.3,88.3,39.1,0.44
marl,1024,6,30,834.4,0.3,88.3,39.1,0.44
marl,1025,6,30,947.4,0.3,88.3,39.1,0.44
marl,1026,6,30,836.2,0.3,88.3,39.1,0.44
marl,1027,6,30,967.04,0.3,88.3,39.1,0.44
cbs,42,6,30,964.74,0.0,89.0,39.2,0.44
cbs,43,6,30,863.05,0.0,89.0,39.2,0.44
cbs,44,6,30,955.17,0.0,89.0,39.2,0.44
cbs,45,6,30,1005.06,0.0,89.0,39.2,0.44
cbs,123,6,30,986.64,0.0,89.0,39.2,0.44
cbs,124,6,30,977.03,0.0,89.0,39.2,0.44
cbs,125,6,30,1079.26,0.0,89.0,39.2,0.44
cbs,126,6,30,924.05,0.0,89.0,39.2,0.44
cbs,256,6,30,919.93,0.0,89.0,39.2,0.44
cbs,257,6,30,1113.34,0.0,89.0,39.2,0.44
cbs,258,6,30,970.93,0.0,89.0,39.2,0.44
cbs,259,6,30,882.07,0.0,89.0,39.2,0.44
cbs,512,6,30,981.2,0.0,89.0,39.2,0.44
cbs,513,6,30,761.03,0.0,89.0,39.2,0.44
cbs,514,6,30,1076.85,0.0,89.0,39.2,0.44
cbs,515,6,30,1016.91,0.0,89.0,39.2,0.44
cbs,1024,6,30,958.55,0.0,89.0,39.2,0.44
cbs,1025,6,30,1011.45,0.0,89.0,39.2,0.44
cbs,1026,6,30,985.74,0.0,89.0,39.2,0.44
cbs,1027,6,30,1031.07,0.0,89.0,39.2,0.44
ecbs,42,6,30,872.51,0.0,92.5,33.8,0.44
ecbs,43,6,30,870.81,0.0,92.5,33.8,0.44
ecbs,44,6,30,1035.24,0.0,92.5,33.8,0.44
ecbs,45,6,30,1000.33,0.0,92.5,33.8,0.44
ecbs,123,6,30,843.88,0.0,92.5,33.8,0.44
ecbs,124,6,30,854.76,0.0,92.5,33.8,0.44
ecbs,125,6,30,785.33,0.0,92.5,33.8,0.44
ecbs,126,6,30,963.44,0.0,92.5,33.8,0.44
ecbs,256,6,30,1025.56,0.0,92.5,33.8,0.44
ecbs,257,6,30,1105.16,0.0,92.5,33.8,0.44
ecbs,258,6,30,950.87,0.0,92.5,33.8,0.44
ecbs,259,6,30,1006.2,0.0,92.5,33.8,0.44
ecbs,512,6,30,741.4,0.0,92.5,33.8,0.44
ecbs,513,6,30,865.48,0.0,92.5,33.8,0.44
ecbs,514,6,30,972.46,0.0,92.5,33.8,0.44
ecbs,515,6,30,868.67,0.0,92.5,33.8,0.44
ecbs,1024,6,30,901.83,0.0,92.5,33.8,0.44
ecbs,1025,6,30,907.94,0.0,92.5,33.8,0.44
ecbs,1026,6,30,741.29,0.0,92.5,33.8,0.44
ecbs,1027,6,30,1200.51,0.0,92.5,33.8,0.44
pbs,42,6,30,1997.71,0.0,85.7,33.1,0.44
pbs,43,6,30,1569.33,0.0,85.7,33.1,0.44
pbs,44,6,30,1372.22,0.0,85.7,33.1,0.44
pbs,45,6,30,1424.18,0.0,85.7,33.1,0.44
pbs,123,6,30,1733.33,0.0,85.7,33.1,0.44
pbs,124,6,30,1748.33,0.0,85.7,33.1,0.44
pbs,125,6,30,1849.15,0.0,85.7,33.1,0.44
pbs,126,6,30,1569.54,0.0,85.7,33.1,0.44
pbs,256,6,30,1645.72,0.0,85.7,33.1,0.44
pbs,257,6,30,1506.26,0.0,85.7,33.1,0.44
pbs,258,6,30,1572.79,0.0,85.7,33.1,0.44
pbs,259,6,30,1506.34,0.0,85.7,33.1,0.44
pbs,512,6,30,1874.88,0.0,85.7,33.1,0.44
pbs,513,6,30,1712.97,0.0,85.7,33.1,0.44
pbs,514,6,30,1618.56,0.0,85.7,33.1,0.44
pbs,515,6,30,1781.81,0.0,85.7,33.1,0.44
pbs,1024,6,30,1745.41,0.0,85.7,33.1,0.44
pbs,1025,6,30,1753.0,0.0,85.7,33.1,0.44
pbs,1026,6,30,1796.96,0.0,85.7,33.1,0.44
pbs,1027,6,30,1305.65,0.0,85.7,33.1,0.44
ot_auction,42,6,30,1478.67,0.05,87.5,35.8,0.44
ot_auction,43,6,30,1335.12,0.05,87.5,35.8,0.44
ot_auction,44,6,30,1282.63,0.05,87.5,35.8,0.44
ot_auction,45,6,30,1267.13,0.05,87.5,35.8,0.44
ot_auction,123,6,30,1891.49,0.05,87.5,35.8,0.44
ot_auction,124,6,30,1198.36,0.05,87.5,35.8,0.44
ot_auction,125,6,30,1586.98,0.05,87.5,35.8,0.44
ot_auction,126,6,30,1259.78,0.05,87.5,35.8,0.44
ot_auction,256,6,30,1244.22,0.05,87.5,35.8,0.44
ot_auction,257,6,30,1096.86,0.05,87.5,35.8,0.44
ot_auction,258,6,30,1430.63,0.05,87.5,35.8,0.44
ot_auction,259,6,30,1042.08,0.05,87.5,35.8,0.44
ot_auction,512,6,30,1851.39,0.05,87.5,35.8,0.44
ot_auction,513,6,30,1749.07,0.05,87.5,35.8,0.44
ot_auction,514,6,30,1288.4,0.05,87.5,35.8,0.44
ot_auction,515,6,30,1631.13,0.05,87.5,35.8,0.44
ot_auction,1024,6,30,1267.78,0.05,87.5,35.8,0.44
ot_auction,1025,6,30,1429.53,0.05,87.5,35.8,0.44
ot_auction,1026,6,30,1595.96,0.05,87.5,35.8,0.44
ot_auction,1027,6,30,1201.14,0.05,87.5,35.8,0.44
cofly,42,6,30,872.96,0.25,89.0,37.5,0.31
cofly,43,6,30,881.53,0.25,89.0,37.5,0.31
cofly,44,6,30,995.61,0.25,89.0,37.5,0.31
cofly,45,6,30,1022.8,0.25,89.0,37.5,0.31
cofly,123,6,30,863.61,0.25,89.0,37.5,0.31
cofly,124,6,30,911.91,0.25,89.0,37.5,0.31
cofly,125,6,30,810.11,0.25,89.0,37.5,0.31
cofly,126,6,30,971.96,0.25,89.0,37.5,0.31
cofly,256,6,30,973.84,0.25,89.0,37.5,0.31
cofly,257,6,30,1025.96,0.25,89.0,37.5,0.31
cofly,258,6,30,935.1,0.25,89.0,37.5,0.31
cofly,259,6,30,1045.79,0.25,89.0,37.5,0.31
cofly,512,6,30,791.39,0.25,89.0,37.5,0.31
cofly,513,6,30,862.22,0.25,89.0,37.5,0.31
cofly,514,6,30,910.77,0.25,89.0,37.5,0.31
cofly,515,6,30,884.86,0.25,89.0,37.5,0.31
cofly,1024,6,30,875.92,0.25,89.0,37.5,0.31
cofly,1025,6,30,892.64,0.25,89.0,37.5,0.31
cofly,1026,6,30,786.02,0.25,89.0,37.5,0.31
cofly,1027,6,30,1083.24,0.25,89.0,37.5,0.31
