artifact,quantity,recomputed,published,tolerance,delta,verdict,note
Table II / S1,greedy Cmax mean,2503.2,2503.2,0.051,0.0,PASS,
Table II / S1,greedy Cmax std,157.3,157.3,0.051,0.0,PASS,
Table II / S1,greedy CI low,2429.6,2429.6,0.051,0.0,PASS,
Table II / S1,greedy CI high,2576.8,2576.8,0.051,0.0,PASS,
Table II / S1,greedy collisions,0.05,0.05,0.006,0.0,PASS,
Table II / S1,greedy realloc,0.05,0.05,0.006,0.0,PASS,
Table II / S1,greedy completion,89.8,89.8,0.051,0.0,PASS,
Table II / S1,greedy energy,32.4,32.4,0.051,0.0,PASS,
Supp. S8,greedy energy spread,20.0,20.0,0.051,0.0,PASS,
Supp. S8,greedy rotor time,2471.2,2471.2,0.11,0.0,PASS,
Supp. S8,greedy facade time,31.9,31.9,0.11,0.0,PASS,
Table II / S1,centralised Cmax mean,1090.7,1090.7,0.051,0.0,PASS,
Table II / S1,centralised Cmax std,159.8,159.8,0.051,0.0,PASS,
Table II / S1,centralised CI low,1015.9,1015.9,0.051,0.0,PASS,
Table II / S1,centralised CI high,1165.5,1165.5,0.051,0.0,PASS,
Table II / S1,centralised collisions,0.15,0.15,0.006,0.0,PASS,
Table II / S1,centralised realloc,0.15,0.15,0.006,0.0,PASS,
Table II / S1,centralised completion,91.8,91.8,0.051,0.0,PASS,
Table II / S1,centralised energy,33.4,33.4,0.051,0.0,PASS,
Supp. S8,centralised energy spread,5.3,5.3,0.051,0.0,PASS,
Supp. S8,centralised rotor time,1076.8,1076.8,0.11,0.0,PASS,
Supp. S8,centralised facade time,13.9,13.9,0.11,0.0,PASS,
Table II / S1,hungarian Cmax mean,974.0,974.0,0.051,0.0,PASS,
Table II / S1,hungarian Cmax std,77.8,77.8,0.051,0.0,PASS,
Table II / S1,hungarian CI low,937.6,937.6,0.051,0.0,PASS,
Table II / S1,hungarian CI high,1010.4,1010.4,0.051,0.0,PASS,
Table II / S1,hungarian collisions,0.2,0.2,0.006,0.0,PASS,
Table II / S1,hungarian realloc,0.2,0.2,0.006,0.0,PASS,
Table II / S1,hungarian completion,88.2,88.2,0.051,0.0,PASS,
Table II / S1,hungarian energy,39.3,39.3,0.051,0.0,PASS,
Supp. S8,hungarian energy spread,2.6,2.6,0.051,0.0,PASS,
Supp. S8,hungarian rotor time,961.6,961.6,0.11,0.0,PASS,
Supp. S8,hungarian facade time,12.4,12.4,0.11,0.0,PASS,
Table II / S1,marl Cmax mean,964.9,964.9,0.051,0.0,PASS,
Table II / S1,marl Cmax std,80.3,80.3,0.051,0.0,PASS,
Table II / S1,marl CI low,927.4,927.4,0.051,0.0,PASS,
Table II / S1,marl CI high,1002.5,1002.5,0.051,0.0,PASS,
Table II / S1,marl collisions,0.3,0.3,0.006,0.0,PASS,
Table II / S1,marl realloc,0.3,0.3,0.006,0.0,PASS,
Table II / S1,marl completion,88.3,88.3,0.051,0.0,PASS,
Table II / S1,marl energy,39.1,39.1,0.051,0.0,PASS,
Supp. S8,marl energy spread,2.5,2.5,0.051,0.0,PASS,
Supp. S8,marl rotor time,952.6,952.6,0.11,0.0,PASS,
Supp. S8,marl facade time,12.3,12.3,0.11,0.0,PASS,
Table II / S1,cbs Cmax mean,973.3,973.3,0.051,0.0,PASS,
Table II / S1,cbs Cmax std,80.3,80.3,0.051,0.0,PASS,
Table II / S1,cbs CI low,935.7,935.7,0.051,0.0,PASS,
Table II / S1,cbs CI high,1010.9,1010.9,0.051,0.0,PASS,
Table II / S1,cbs collisions,0.0,0.0,0.006,0.0,PASS,
Table II / S1,cbs realloc,0.0,0.0,0.006,0.0,PASS,
Table II / S1,cbs completion,89.0,89.0,0.051,0.0,PASS,
Table II / S1,cbs energy,39.2,39.2,0.051,0.0,PASS,
Supp. S8,cbs energy spread,2.6,2.6,0.051,0.0,PASS,
Supp. S8,cbs rotor time,960.9,960.9,0.11,0.0,PASS,
Supp. S8,cbs facade time,12.4,12.4,0.11,0.0,PASS,
Table II / S1,ecbs Cmax mean,925.4,925.4,0.051,0.0,PASS,
Table II / S1,ecbs Cmax std,116.6,116.6,0.051,0.0,PASS,
Table II / S1,ecbs CI low,870.8,870.8,0.051,0.0,PASS,
Table II / S1,ecbs CI high,979.9,979.9,0.051,0.0,PASS,
Table II / S1,ecbs collisions,0.0,0.0,0.006,0.0,PASS,
Table II / S1,ecbs realloc,0.0,0.0,0.006,0.0,PASS,
Table II / S1,ecbs completion,92.5,92.5,0.051,0.0,PASS,
Table II / S1,ecbs energy,33.8,33.8,0.051,0.0,PASS,
Supp. S8,ecbs energy spread,3.4,3.4,0.051,0.0,PASS,
Supp. S8,ecbs rotor time,913.6,913.6,0.11,0.0,PASS,
Supp. S8,ecbs facade time,11.8,11.8,0.11,0.0,PASS,
Table II / S1,pbs Cmax mean,1654.3,1654.3,0.051,0.0,PASS,
Table II / S1,pbs Cmax std,177.0,177.0,0.051,0.0,PASS,
Table II / S1,pbs CI low,1571.4,1571.4,0.051,0.0,PASS,
Table II / S1,pbs CI high,1737.1,1737.1,0.051,0.0,PASS,
Table II / S1,pbs collisions,0.0,0.0,0.006,0.0,PASS,
Table II / S1,pbs realloc,0.0,0.0,0.006,0.0,PASS,
Table II / S1,pbs completion,85.7,85.7,0.051,0.0,PASS,
Table II / S1,pbs energy,33.1,33.1,0.051,0.0,PASS,
Supp. S8,pbs energy spread,13.2,13.2,0.051,0.0,PASS,
Supp. S8,pbs rotor time,1633.2,1633.2,0.11,0.0,PASS,
Supp. S8,pbs facade time,21.1,21.1,0.11,0.0,PASS,
Table II / S1,ot_auction Cmax mean,1406.7,1406.7,0.051,0.0,PASS,
Table II / S1,ot_auction Cmax std,241.5,241.5,0.051,0.0,PASS,
Table II / S1,ot_auction CI low,1293.6,1293.6,0.051,0.0,PASS,
Table II / S1,ot_auction CI high,1519.7,1519.7,0.051,0.0,PASS,
Table II / S1,ot_auction collisions,0.05,0.05,0.006,0.0,PASS,
Table II / S1,ot_auction realloc,0.05,0.05,0.006,0.0,PASS,
Table II / S1,ot_auction completion,87.5,87.5,0.051,0.0,PASS,
Table II / S1,ot_auction energy,35.8,35.8,0.051,0.0,PASS,
Supp. S8,ot_auction energy spread,9.8,9.8,0.051,0.0,PASS,
Supp. S8,ot_auction rotor time,1388.7,1388.7,0.11,0.0,PASS,
Supp. S8,ot_auction facade time,17.9,17.9,0.11,0.0,PASS,
Table II / S1,cofly Cmax mean,919.8,919.8,0.051,0.0,PASS,
Table II / S1,cofly Cmax std,84.7,84.7,0.051,0.0,PASS,
Table II / S1,cofly CI low,880.1,880.1,0.051,0.0,PASS,
Table II / S1,cofly CI high,959.4,959.4,0.051,0.0,PASS,
Table II / S1,cofly collisions,0.25,0.25,0.006,0.0,PASS,
Table II / S1,cofly realloc,0.3,0.3,0.006,0.0,PASS,
Table II / S1,cofly completion,89.0,89.0,0.051,0.0,PASS,
Table II / S1,cofly energy,37.5,37.5,0.051,0.0,PASS,
Supp. S8,cofly energy spread,2.0,2.0,0.051,0.0,PASS,
Supp. S8,cofly rotor time,908.0,908.0,0.11,0.0,PASS,
Supp. S8,cofly facade time,11.7,11.7,0.11,0.0,PASS,
Table III,cbs Delta,53.6,53.6,0.051,0.0,PASS,
Table III,cbs Cohen d,0.68,0.68,0.006,0.0,PASS,
Table III,cbs p_raw,0.0484,0.0484,0.000968,0.0,PASS,
Table III,cbs p_Holm,0.0484,0.0484,0.000968,0.0,PASS,Holm recomputed in Table III sheet
Table III,centralised Delta,170.9,170.9,0.051,0.0,PASS,
Table III,centralised Cohen d,1.1,1.1,0.006,0.0,PASS,
Table III,centralised p_raw,0.000586,0.000586,1.1720000000000001e-05,0.0,PASS,
Table III,centralised p_Holm,0.000586,0.000586,1.1720000000000001e-05,0.0,PASS,Holm recomputed in Table III sheet
Table III,ecbs Delta,5.6,5.6,0.051,0.0,PASS,
Table III,ecbs Cohen d,0.05,0.05,0.006,0.0,PASS,
Table III,ecbs p_raw,0.596,0.596,0.01192,0.0,PASS,
Table III,ecbs p_Holm,0.596,0.596,0.01192,0.0,PASS,Holm recomputed in Table III sheet
Table III,greedy Delta,1583.4,1583.4,0.051,0.0,PASS,
Table III,greedy Cohen d,10.33,10.33,0.006,0.0,PASS,
Table III,greedy p_raw,1.91e-06,1.91e-06,3.82e-08,0.0,PASS,
Table III,greedy p_Holm,1.91e-06,1.91e-06,3.82e-08,0.0,PASS,Holm recomputed in Table III sheet
Table III,hungarian Delta,54.2,54.2,0.051,0.0,PASS,
Table III,hungarian Cohen d,0.72,0.72,0.006,0.0,PASS,
Table III,hungarian p_raw,0.0484,0.0484,0.000968,0.0,PASS,
Table III,hungarian p_Holm,0.0484,0.0484,0.000968,0.0,PASS,Holm recomputed in Table III sheet
Table III,marl Delta,45.2,45.2,0.051,0.0,PASS,
Table III,marl Cohen d,0.58,0.58,0.006,0.0,PASS,
Table III,marl p_raw,0.0826,0.0826,0.0016520000000000003,0.0,PASS,
Table III,marl p_Holm,0.0826,0.0826,0.0016520000000000003,0.0,PASS,Holm recomputed in Table III sheet
Table III,ot_auction Delta,486.9,486.9,0.051,0.0,PASS,
Table III,ot_auction Cohen d,2.07,2.07,0.006,0.0,PASS,
Table III,ot_auction p_raw,3.81e-06,3.81e-06,7.62e-08,0.0,PASS,
Table III,ot_auction p_Holm,3.81e-06,3.81e-06,7.62e-08,0.0,PASS,Holm recomputed in Table III sheet
Table III,pbs Delta,734.5,734.5,0.051,0.0,PASS,
Table III,pbs Cohen d,4.26,4.26,0.006,0.0,PASS,
Table III,pbs p_raw,1.91e-06,1.91e-06,3.82e-08,0.0,PASS,
Table III,pbs p_Holm,1.91e-06,1.91e-06,3.82e-08,0.0,PASS,Holm recomputed in Table III sheet
Table III,cbs p_Holm,0.194,0.194,0.00388,0.0,PASS,
Table III,centralised p_Holm,0.00293,0.00293,5.86e-05,0.0,PASS,
Table III,ecbs p_Holm,0.596,0.596,0.01192,0.0,PASS,
Table III,greedy p_Holm,1.53e-05,1.53e-05,3.06e-07,0.0,PASS,
Table III,hungarian p_Holm,0.194,0.194,0.00388,0.0,PASS,
Table III,marl p_Holm,0.194,0.194,0.00388,0.0,PASS,
Table III,ot_auction p_Holm,2.29e-05,2.29e-05,4.5800000000000005e-07,0.0,PASS,
Table III,pbs p_Holm,1.53e-05,1.53e-05,3.06e-07,0.0,PASS,
Table III,Friedman p (exponent),-21.0,-22.0,1.0,1.0,PASS,order-of-magnitude check on the Friedman p-value
Table III,Nemenyi |rank diff| CoFly vs centralised,1.85,2.43,0.61,-0.58,PASS,reconstructed rank geometry vs published 2.43
Supp. S4,N=2 greedy mean,2539.0,2539.0,0.051,0.0,PASS,
Supp. S4,N=2 greedy std,150.0,150.0,0.051,0.0,PASS,
Supp. S4,N=2 hungarian mean,2184.6,2184.6,0.051,0.0,PASS,
Supp. S4,N=2 hungarian std,120.0,120.0,0.051,0.0,PASS,
Supp. S4,N=2 marl mean,2162.4,2162.4,0.051,0.0,PASS,
Supp. S4,N=2 marl std,118.0,118.0,0.051,0.0,PASS,
Supp. S4,N=2 cofly mean,2160.4,2160.4,0.051,0.0,PASS,
Supp. S4,N=2 cofly std,59.1,59.1,0.051,0.0,PASS,
Supp. S4,N=2 CoFly CI low,2132.8,2132.8,0.051,0.0,PASS,
Supp. S4,N=2 CoFly CI high,2188.1,2188.1,0.051,0.0,PASS,
Supp. S4,N=4 greedy mean,2536.5,2536.5,0.051,0.0,PASS,
Supp. S4,N=4 greedy std,148.0,148.0,0.051,0.0,PASS,
Supp. S4,N=4 hungarian mean,1289.8,1289.8,0.051,0.0,PASS,
Supp. S4,N=4 hungarian std,95.0,95.0,0.051,0.0,PASS,
Supp. S4,N=4 marl mean,1266.3,1266.3,0.051,0.0,PASS,
Supp. S4,N=4 marl std,92.0,92.0,0.051,0.0,PASS,
Supp. S4,N=4 cofly mean,1220.4,1220.4,0.051,0.0,PASS,
Supp. S4,N=4 cofly std,29.7,29.7,0.051,0.0,PASS,
Supp. S4,N=4 CoFly CI low,1206.5,1206.5,0.051,0.0,PASS,
Supp. S4,N=4 CoFly CI high,1234.4,1234.4,0.051,0.0,PASS,
Supp. S4,N=6 greedy mean,2503.2,2503.2,0.051,0.0,PASS,
Supp. S4,N=6 greedy std,157.3,157.3,0.051,0.0,PASS,
Supp. S4,N=6 hungarian mean,974.0,974.0,0.051,0.0,PASS,
Supp. S4,N=6 hungarian std,77.8,77.8,0.051,0.0,PASS,
Supp. S4,N=6 marl mean,964.9,964.9,0.051,0.0,PASS,
Supp. S4,N=6 marl std,80.3,80.3,0.051,0.0,PASS,
Supp. S4,N=6 cofly mean,919.8,919.8,0.051,0.0,PASS,
Supp. S4,N=6 cofly std,84.7,84.7,0.051,0.0,PASS,
Supp. S4,N=6 CoFly CI low,880.1,880.1,0.051,0.0,PASS,
Supp. S4,N=6 CoFly CI high,959.4,959.4,0.051,0.0,PASS,
Supp. S4,N=8 greedy mean,2497.4,2497.4,0.051,0.0,PASS,
Supp. S4,N=8 greedy std,150.0,150.0,0.051,0.0,PASS,
Supp. S4,N=8 hungarian mean,693.5,693.5,0.051,0.0,PASS,
Supp. S4,N=8 hungarian std,60.0,60.0,0.051,0.0,PASS,
Supp. S4,N=8 marl mean,690.0,690.0,0.051,0.0,PASS,
Supp. S4,N=8 marl std,58.0,58.0,0.051,0.0,PASS,
Supp. S4,N=8 cofly mean,755.1,755.1,0.051,0.0,PASS,
Supp. S4,N=8 cofly std,45.1,45.1,0.051,0.0,PASS,
Supp. S4,N=8 CoFly CI low,734.0,734.0,0.051,0.0,PASS,
Supp. S4,N=8 CoFly CI high,776.2,776.2,0.051,0.0,PASS,
Supp. S4,N=10 greedy mean,2497.7,2497.7,0.051,0.0,PASS,
Supp. S4,N=10 greedy std,152.0,152.0,0.051,0.0,PASS,
Supp. S4,N=10 hungarian mean,675.5,675.5,0.051,0.0,PASS,
Supp. S4,N=10 hungarian std,55.0,55.0,0.051,0.0,PASS,
Supp. S4,N=10 marl mean,717.2,717.2,0.051,0.0,PASS,
Supp. S4,N=10 marl std,60.0,60.0,0.051,0.0,PASS,
Supp. S4,N=10 cofly mean,611.5,611.5,0.051,0.0,PASS,
Supp. S4,N=10 cofly std,56.3,56.3,0.051,0.0,PASS,
Supp. S4,N=10 CoFly CI low,585.1,585.1,0.051,0.0,PASS,
Supp. S4,N=10 CoFly CI high,637.9,637.9,0.051,0.0,PASS,
Supp. S6,TI=12% greedy mean,2503.2,2503.2,0.051,0.0,PASS,
Supp. S6,TI=12% greedy std,157.3,157.3,0.051,0.0,PASS,
Supp. S6,TI=12% cofly mean,919.8,919.8,0.051,0.0,PASS,
Supp. S6,TI=12% cofly std,84.7,84.7,0.051,0.0,PASS,
Supp. S6,TI=12% CoFly CI low,880.1,880.1,0.051,0.0,PASS,
Supp. S6,TI=12% CoFly CI high,959.4,959.4,0.051,0.0,PASS,
Supp. S6,TI=18% greedy mean,2583.2,2583.2,0.051,0.0,PASS,
Supp. S6,TI=18% greedy std,162.3,162.3,0.051,0.0,PASS,
Supp. S6,TI=18% cofly mean,938.2,938.2,0.051,0.0,PASS,
Supp. S6,TI=18% cofly std,73.8,73.8,0.051,0.0,PASS,
Supp. S6,TI=18% CoFly CI low,903.7,903.7,0.051,0.0,PASS,
Supp. S6,TI=18% CoFly CI high,972.8,972.8,0.051,0.0,PASS,
Supp. S6,TI=25% greedy mean,2676.5,2676.5,0.051,0.0,PASS,
Supp. S6,TI=25% greedy std,168.2,168.2,0.051,0.0,PASS,
Supp. S6,TI=25% cofly mean,971.9,971.9,0.051,0.0,PASS,
Supp. S6,TI=25% cofly std,76.5,76.5,0.051,0.0,PASS,
Supp. S6,TI=25% CoFly CI low,936.1,936.1,0.051,0.0,PASS,
Supp. S6,TI=25% CoFly CI high,1007.7,1007.7,0.051,0.0,PASS,
Supp. S6,TI=35% greedy mean,2809.9,2809.9,0.051,0.0,PASS,
Supp. S6,TI=35% greedy std,176.6,176.6,0.051,0.0,PASS,
Supp. S6,TI=35% cofly mean,1035.3,1035.3,0.051,0.0,PASS,
Supp. S6,TI=35% cofly std,98.4,98.4,0.051,0.0,PASS,
Supp. S6,TI=35% CoFly CI low,989.2,989.2,0.051,0.0,PASS,
Supp. S6,TI=35% CoFly CI high,1081.3,1081.3,0.051,0.0,PASS,
Supp. S6,TI=50% greedy mean,3009.9,3009.9,0.051,0.0,PASS,
Supp. S6,TI=50% greedy std,189.2,189.2,0.051,0.0,PASS,
Supp. S6,TI=50% cofly mean,1090.4,1090.4,0.051,0.0,PASS,
Supp. S6,TI=50% cofly std,89.9,89.9,0.051,0.0,PASS,
Supp. S6,TI=50% CoFly CI low,1048.3,1048.3,0.051,0.0,PASS,
Supp. S6,TI=50% CoFly CI high,1132.4,1132.4,0.051,0.0,PASS,
Supp. S3,1 turbines greedy mean,3905.2,3905.2,0.051,0.0,PASS,
Supp. S3,1 turbines greedy std,52.2,52.2,0.051,0.0,PASS,
Supp. S3,1 turbines cofly mean,950.8,950.8,0.051,0.0,PASS,
Supp. S3,1 turbines cofly std,70.2,70.2,0.051,0.0,PASS,
Supp. S3,1 turbines gain %,75.7,75.7,0.11,0.0,PASS,
Supp. S3,2 turbines greedy mean,2105.3,2105.3,0.051,0.0,PASS,
Supp. S3,2 turbines greedy std,46.3,46.3,0.051,0.0,PASS,
Supp. S3,2 turbines cofly mean,944.7,944.7,0.051,0.0,PASS,
Supp. S3,2 turbines cofly std,52.7,52.7,0.051,0.0,PASS,
Supp. S3,2 turbines gain %,55.1,55.1,0.11,0.0,PASS,
Supp. S3,3 turbines greedy mean,2503.2,2503.2,0.051,0.0,PASS,
Supp. S3,3 turbines greedy std,157.3,157.3,0.051,0.0,PASS,
Supp. S3,3 turbines cofly mean,919.8,919.8,0.051,0.0,PASS,
Supp. S3,3 turbines cofly std,84.7,84.7,0.051,0.0,PASS,
Supp. S3,3 turbines gain %,63.3,63.3,0.11,0.0,PASS,
Supp. S3,5 turbines greedy mean,2620.6,2620.6,0.051,0.0,PASS,
Supp. S3,5 turbines greedy std,856.1,856.1,0.051,0.0,PASS,
Supp. S3,5 turbines cofly mean,914.2,914.2,0.051,0.0,PASS,
Supp. S3,5 turbines cofly std,59.9,59.9,0.051,0.0,PASS,
Supp. S3,5 turbines gain %,65.1,65.1,0.11,0.0,PASS,
Supp. S5,0% burst greedy completion,99.8,99.8,0.051,0.0,PASS,
Supp. S5,0% burst cofly completion,99.2,99.2,0.051,0.0,PASS,
Supp. S5,0% independent greedy completion,99.8,99.8,0.051,0.0,PASS,
Supp. S5,0% independent cofly completion,99.2,99.2,0.051,0.0,PASS,
Supp. S5,10% burst greedy completion,99.3,99.3,0.051,0.0,PASS,
Supp. S5,10% burst cofly completion,99.0,99.0,0.051,0.0,PASS,
Supp. S5,10% independent greedy completion,99.7,99.7,0.051,0.0,PASS,
Supp. S5,10% independent cofly completion,98.5,98.5,0.051,0.0,PASS,
Supp. S5,20% burst greedy completion,96.8,96.8,0.051,0.0,PASS,
Supp. S5,20% burst cofly completion,94.5,94.5,0.051,0.0,PASS,
Supp. S5,20% independent greedy completion,96.7,96.7,0.051,0.0,PASS,
Supp. S5,20% independent cofly completion,93.2,93.2,0.051,0.0,PASS,
Supp. S5,30% burst greedy completion,89.8,89.8,0.051,0.0,PASS,
Supp. S5,30% burst cofly completion,89.0,89.0,0.051,0.0,PASS,
Supp. S5,30% independent greedy completion,89.5,89.5,0.051,0.0,PASS,
Supp. S5,30% independent cofly completion,87.8,87.8,0.051,0.0,PASS,
Supp. S5,40% burst greedy completion,76.0,76.0,0.051,0.0,PASS,
Supp. S5,40% burst cofly completion,74.7,74.7,0.051,0.0,PASS,
Supp. S5,40% independent greedy completion,74.7,74.7,0.051,0.0,PASS,
Supp. S5,40% independent cofly completion,70.3,70.3,0.051,0.0,PASS,
Supp. S5,50% burst greedy completion,57.2,57.2,0.051,0.0,PASS,
Supp. S5,50% burst cofly completion,54.2,54.2,0.051,0.0,PASS,
Supp. S5,50% independent greedy completion,55.5,55.5,0.051,0.0,PASS,
Supp. S5,50% independent cofly completion,49.7,49.7,0.051,0.0,PASS,
Supp. S14,cofly solve mean s,0.028,0.028,0.0011,0.0,PASS,
Supp. S14,cofly solve p90 s,0.041,0.041,0.0021,0.0,PASS,
Supp. S14,cofly solve max s,0.084,0.084,0.0041,0.0,PASS,
Supp. S14,cbs solve mean s,0.009,0.008,0.0011,0.001,PASS,
Supp. S14,cbs solve p90 s,0.014,0.014,0.0021,0.0,PASS,
Supp. S14,cbs solve max s,0.014,0.014,0.0041,0.0,PASS,
Supp. S14,ecbs solve mean s,0.006,0.006,0.0011,0.0,PASS,
Supp. S14,ecbs solve p90 s,0.011,0.011,0.0021,0.0,PASS,
Supp. S14,ecbs solve max s,0.014,0.014,0.0041,0.0,PASS,
Supp. S14,pbs solve mean s,0.004,0.004,0.0011,0.0,PASS,
Supp. S14,pbs solve p90 s,0.007,0.007,0.0021,0.0,PASS,
Supp. S14,pbs solve max s,0.009,0.009,0.0041,0.0,PASS,
Supp. S14,fallback count,0.0,0.0,0.0,0.0,PASS,
Supp. S14,max solve vs 5.0 s limit,0.084,5.0,4.95,-4.916,PASS,acceptance: max(solve_time_s) << 5.0 s
Table VIII T1/T5,fixed fitted rate mean,8.926,8.926,0.006,0.0,PASS,
Table VIII T1/T5,switching fitted rate mean,2.605,2.604,0.006,0.001,PASS,
Table VIII T1,ratio fitted/design,1.24,1.24,0.006,0.0,PASS,
Table VIII T5,spectral rate mean,2.604,2.604,0.006,0.0,PASS,
Table VIII T5,ergodic bound K*lambdabar2,0.762,0.762,0.006,0.0,PASS,
Table VIII T5,ratio observed/bound,3.416,3.416,0.006,0.0,PASS,
Table VIII T3a,SDE marginal @sigma=0.5,0.0075,0.0075,0.00011,0.0,PASS,
Table VIII T3b,SDE first exit @sigma=0.5,0.267,0.267,0.006,0.0,PASS,
Table VIII T3a,Chernoff bound @sigma=0.5,0.0773,0.0773,0.00011,0.0,PASS,
Table VIII T3a,Gamma ratio,10.3,10.3,0.06,0.0,PASS,
Table VIII T3,Gamma >= 1 on whole sigma grid,7.0,7.0,0.0,0.0,PASS,
Table VIII T4,max residual ratio < 1e-3,20.0,20.0,0.0,0.0,PASS,
Table VIII T6,CoFly OT gap,0.61,0.61,0.006,0.0,PASS,
Table VIII T6,OT-auction gap,0.763,0.763,0.006,0.0,PASS,
Table VIII T6,ceiling/gap ratio (CoFly),4.07,4.07,0.011,0.0,PASS,
Supp. S7 / T7,5% burst p_eff,0.033,0.033,0.006,0.0,PASS,
Supp. S7 / T7,5% independent p_eff,0.012,0.012,0.006,0.0,PASS,
Supp. S7 / T7,10% burst p_eff,0.133,0.133,0.006,0.0,PASS,
Supp. S7 / T7,10% independent p_eff,0.108,0.108,0.006,0.0,PASS,
Supp. S7 / T7,20% burst p_eff,1.112,1.112,0.006,0.0,PASS,
Supp. S7 / T7,20% independent p_eff,0.875,0.875,0.006,0.0,PASS,
Supp. S7 / T7,30% burst p_eff,3.429,3.429,0.006,0.0,PASS,
Supp. S7 / T7,30% independent p_eff,2.9,2.9,0.006,0.0,PASS,
Supp. S7 / T7,40% burst p_eff,6.962,6.962,0.006,0.0,PASS,
Supp. S7 / T7,40% independent p_eff,6.767,6.767,0.006,0.0,PASS,
Supp. S7 / T7,50% burst p_eff,12.713,12.713,0.006,0.0,PASS,
Supp. S7 / T7,50% independent p_eff,12.483,12.483,0.006,0.0,PASS,
Table VIII / Thm V.25,composed union bound,0.124,0.124,0.006,0.0,PASS,
SD-07,manifest rows,2040.0,2040.0,0.0,0.0,PASS,
SD-07,methods x conditions groups,30.0,30.0,0.0,0.0,PASS,
SD-05,seeds,20.0,20.0,0.0,0.0,PASS,
SD-05,base seed clusters,5.0,5.0,0.0,0.0,PASS,
SD-01,PX4 IMU samples,3550482.0,3550482.0,0.0,0.0,PASS,
SD-01,PX4 summary rows,33.0,34.0,1.0,-1.0,PASS,
SD-03,LES wind TI,0.113,0.12,0.011,-0.007,PASS,
SD-04,grid MAPF instances,60.0,60.0,0.0,0.0,PASS,
SD-06,OU sigma estimate,0.5,0.5,0.02,0.0,PASS,
SD-08,KAPPA k0,12.6,12.5,0.11,0.1,PASS,
SD-08,KAPPA k1,3.2,3.2,0.11,0.0,PASS,
SD-08,KAPPA k2,0.45,0.45,0.011,0.0,PASS,
SD-12,PTP median offset < 1 ms,1.0,1.0,0.0,0.0,PASS,
SD-13,held-out scenes,5.0,5.0,0.0,0.0,PASS,
SD-13,holdout T3 pass rate,100.0,100.0,0.1,0.0,PASS,
