quantity,axis,value,unit,source_field
imu_sample_rate,-,250.0,Hz,imu.sample_rate_hz
imu_samples,-,3550482.0,count,imu.n_samples
gyro_noise_std,x,0.01259,rad/s,imu.gyro_xyz[0].std
gyro_noise_std,y,0.016276,rad/s,imu.gyro_xyz[1].std
gyro_noise_std,z,0.040954,rad/s,imu.gyro_xyz[2].std
accel_noise_std,x,0.1834,m/s^2,imu.accel_xyz[0].std
accel_noise_std,y,0.1901,m/s^2,imu.accel_xyz[1].std
accel_noise_std,z,0.2247,m/s^2,imu.accel_xyz[2].std
gravity_estimate,-,9.8,m/s^2,imu.gravity_est
allan_dev_first,-,0.000497,rad/s,imu.allan_gyro_x[1][0]
quat_norm_mean,-,1.00000003,-,attitude.quat_norm.mean
quat_norm_std,-,3e-08,-,attitude.quat_norm.std
roll_std,-,0.4244,deg,attitude.roll_deg.std
pitch_std,-,0.7752,deg,attitude.pitch_deg.std
yaw_std,-,1.1287,deg,attitude.yaw_deg.std
reset_events,-,2.0,count,attitude.reset_events
motor_trim_mean,-,768.72,PWM,actuators.motor_trim.mean
motor_cmd_std,-,14.036,PWM,actuators.motor_std
motor_saturation_ratio,-,9.12e-05,-,actuators.sat_ratio
hover_horiz_range,-,0.1084,m,local_position.horiz_range
hover_speed_mean,-,0.0222,m/s,local_position.speed.mean
hover_speed_max,-,0.8289,m/s,local_position.max_speed
local_eph_mean,-,0.1509,m,local_position.eph.mean
gps_eph_mean,-,0.9,m,gps.eph.mean
gps_epv_mean,-,1.78,m,gps.epv.mean
gps_hdop,-,0.7,-,gps.hdop.mean
gps_vdop,-,1.1,-,gps.vdop.mean
gps_fix_type,-,3.0,-,gps.fix_type.mean
gps_satellites,-,10.0,count,gps.satellites.mean
flight_duration,-,14530.8,s,modes.total_duration_s
seg_takeoff,-,7.06,s,modes.segments[0].dur_s
seg_mission,-,13747.8,s,modes.segments[1].dur_s
seg_rtl,-,583.0,s,modes.segments[2].dur_s
