f_hz,PSD_les,PSD_dryden_fit
0.01953,5.887503,5.953101
0.03906,3.114202,2.627147
0.05859,0.88826,1.360402
0.07812,0.659932,0.812159
0.09766,0.366318,0.534968
0.11719,0.266359,0.377497
0.13672,0.281587,0.280068
0.15625,0.196564,0.215802
0.17578,0.233312,0.171264
0.19531,0.172854,0.139163
0.21484,0.083398,0.115281
0.23438,0.110711,0.097042
0.25391,0.093586,0.082802
0.27344,0.104615,0.071475
0.29297,0.049266,0.062318
0.3125,0.040563,0.054812
0.33203,0.043488,0.048583
0.35156,0.042615,0.043357
0.37109,0.031136,0.03893
0.39062,0.025567,0.035147
0.41016,0.030732,0.031889
0.42969,0.02935,0.029064
0.44922,0.021308,0.026598
0.46875,0.021138,0.024433
0.48828,0.019964,0.022522
0.50781,0.017165,0.020826
0.52734,0.020986,0.019315
0.54688,0.015864,0.017962
0.56641,0.016968,0.016747
0.58594,0.014709,0.015651
0.60547,0.008538,0.014659
0.625,0.006587,0.013758
0.64453,0.007399,0.012938
0.66406,0.006584,0.012189
0.68359,0.009515,0.011503
0.70312,0.009131,0.010873
0.72266,0.004641,0.010294
0.74219,0.0056,0.00976
0.76172,0.011485,0.009266
0.78125,0.013052,0.008809
0.80078,0.007906,0.008385
0.82031,0.006389,0.007991
0.83984,0.0052,0.007624
0.85938,0.002476,0.007281
0.87891,0.003075,0.006962
0.89844,0.00414,0.006662
0.91797,0.006947,0.006382
0.9375,0.008454,0.006119
0.95703,0.01048,0.005872
0.97656,0.005917,0.00564
0.99609,0.005,0.005421
1.01562,0.003977,0.005214
1.03516,0.002088,0.00502
1.05469,0.002869,0.004835
1.07422,0.002843,0.004661
1.09375,0.003284,0.004496
1.11328,0.003191,0.00434
1.13281,0.00252,0.004192
1.15234,0.002768,0.004051
1.17188,0.003397,0.003917
1.19141,0.003229,0.00379
1.21094,0.00267,0.003669
1.23047,0.003145,0.003553
1.25,0.003924,0.003443
1.26953,0.002826,0.003338
1.28906,0.00308,0.003237
1.30859,0.00386,0.003142
1.32812,0.005062,0.00305
1.34766,0.003443,0.002962
1.36719,0.00206,0.002878
1.38672,0.004558,0.002798
1.40625,0.003602,0.002721
1.42578,0.002002,0.002647
1.44531,0.002731,0.002575
1.46484,0.001544,0.002507
1.48438,0.002461,0.002442
1.50391,0.003664,0.002379
1.52344,0.003438,0.002318
1.54297,0.003707,0.00226
1.5625,0.002577,0.002204
1.58203,0.001719,0.00215
1.60156,0.00235,0.002098
1.62109,0.00187,0.002047
1.64062,0.001405,0.001999
1.66016,0.002007,0.001952
1.67969,0.002713,0.001907
1.69922,0.001779,0.001863
1.71875,0.001533,0.001821
1.73828,0.001244,0.001781
1.75781,0.001251,0.001741
1.77734,0.001503,0.001703
1.79688,0.001151,0.001666
1.81641,0.001072,0.001631
1.83594,0.001142,0.001596
1.85547,0.000794,0.001563
1.875,0.001614,0.00153
1.89453,0.001697,0.001499
1.91406,0.001578,0.001469
1.93359,0.001464,0.001439
1.95312,0.000915,0.001411
1.97266,0.001273,0.001383
1.99219,0.001392,0.001356
2.01172,0.001635,0.00133
2.03125,0.001515,0.001304
2.05078,0.001343,0.001279
2.07031,0.000797,0.001255
2.08984,0.000909,0.001232
2.10938,0.000819,0.001209
2.12891,0.001113,0.001187
2.14844,0.001167,0.001166
2.16797,0.000994,0.001145
2.1875,0.000686,0.001124
2.20703,0.001131,0.001105
2.22656,0.00147,0.001085
2.24609,0.001209,0.001067
2.26562,0.001214,0.001048
2.28516,0.001032,0.00103
2.30469,0.000643,0.001013
2.32422,0.001338,0.000996
2.34375,0.001652,0.00098
2.36328,0.001968,0.000963
2.38281,0.00134,0.000948
2.40234,0.000887,0.000932
2.42188,0.000894,0.000917
2.44141,0.000988,0.000903
2.46094,0.000765,0.000888
2.48047,0.001257,0.000875
2.5,0.001351,0.000861
2.51953,0.000844,0.000848
2.53906,0.000881,0.000835
2.55859,0.000643,0.000822
2.57812,0.000518,0.00081
2.59766,0.000769,0.000797
2.61719,0.000567,0.000786
2.63672,0.000678,0.000774
2.65625,0.000974,0.000763
2.67578,0.000586,0.000752
2.69531,0.001287,0.000741
2.71484,0.001304,0.00073
2.73438,0.000543,0.00072
2.75391,0.00058,0.00071
2.77344,0.000868,0.0007
2.79297,0.000816,0.00069
2.8125,0.000557,0.00068
2.83203,0.000405,0.000671
2.85156,0.00047,0.000662
2.87109,0.000725,0.000653
2.89062,0.000666,0.000644
2.91016,0.000577,0.000635
2.92969,0.000815,0.000627
2.94922,0.001025,0.000619
2.96875,0.000926,0.000611
2.98828,0.000732,0.000603
3.00781,0.00087,0.000595
3.02734,0.000824,0.000587
3.04688,0.000787,0.00058
3.06641,0.001145,0.000572
3.08594,0.000437,0.000565
3.10547,0.000623,0.000558
3.125,0.001084,0.000551
3.14453,0.00085,0.000544
3.16406,0.000652,0.000538
3.18359,0.000469,0.000531
3.20312,0.000785,0.000524
3.22266,0.001408,0.000518
3.24219,0.0006,0.000512
3.26172,0.000672,0.000506
3.28125,0.000583,0.0005
3.30078,0.00044,0.000494
3.32031,0.000638,0.000488
3.33984,0.000713,0.000482
3.35938,0.000491,0.000477
3.37891,0.000494,0.000471
3.39844,0.000528,0.000466
3.41797,0.000711,0.000461
3.4375,0.00069,0.000455
3.45703,0.000659,0.00045
3.47656,0.000505,0.000445
3.49609,0.000524,0.00044
3.51562,0.000503,0.000435
3.53516,0.000629,0.000431
3.55469,0.0006,0.000426
3.57422,0.000452,0.000421
3.59375,0.000727,0.000417
3.61328,0.000514,0.000412
3.63281,0.000578,0.000408
3.65234,0.0005,0.000403
3.67188,0.000571,0.000399
3.69141,0.000552,0.000395
3.71094,0.000676,0.000391
3.73047,0.000813,0.000387
3.75,0.000619,0.000383
3.76953,0.000552,0.000379
3.78906,0.000766,0.000375
3.80859,0.00077,0.000371
3.82812,0.00061,0.000367
3.84766,0.000482,0.000363
3.86719,0.000368,0.00036
3.88672,0.000447,0.000356
3.90625,0.000682,0.000353
3.92578,0.000443,0.000349
3.94531,0.00033,0.000346
3.96484,0.00033,0.000342
3.98438,0.000482,0.000339
4.00391,0.00069,0.000336
4.02344,0.001117,0.000332
4.04297,0.000941,0.000329
4.0625,0.000496,0.000326
4.08203,0.00044,0.000323
4.10156,0.000488,0.00032
4.12109,0.00047,0.000317
4.14062,0.00028,0.000314
4.16016,0.000474,0.000311
4.17969,0.000394,0.000308
4.19922,0.000398,0.000305
4.21875,0.000457,0.000302
4.23828,0.000575,0.0003
4.25781,0.000556,0.000297
4.27734,0.000345,0.000294
4.29688,0.000463,0.000291
4.31641,0.000409,0.000289
4.33594,0.000385,0.000286
4.35547,0.000719,0.000284
4.375,0.000764,0.000281
4.39453,0.000601,0.000279
4.41406,0.000536,0.000276
4.43359,0.000531,0.000274
4.45312,0.000695,0.000271
4.47266,0.000412,0.000269
4.49219,0.000325,0.000267
4.51172,0.000672,0.000264
4.53125,0.000659,0.000262
4.55078,0.000661,0.00026
4.57031,0.00057,0.000258
4.58984,0.00047,0.000255
4.60938,0.000345,0.000253
4.62891,0.000307,0.000251
4.64844,0.000557,0.000249
4.66797,0.000509,0.000247
4.6875,0.000534,0.000245
4.70703,0.000705,0.000243
4.72656,0.000918,0.000241
4.74609,0.000887,0.000239
4.76562,0.000665,0.000237
4.78516,0.000522,0.000235
4.80469,0.000441,0.000233
4.82422,0.000348,0.000231
4.84375,0.000372,0.000229
4.86328,0.000505,0.000228
4.88281,0.000483,0.000226
4.90234,0.00061,0.000224
4.92188,0.000736,0.000222
4.94141,0.000642,0.00022
4.96094,0.000617,0.000219
4.98047,0.00052,0.000217
5.0,0.000262,0.000215
