t,u,v,w
0.0,8.0,0.31,-0.08
0.1,8.0406,0.2724,-0.072
0.2,8.0311,0.3327,-0.1794
0.3,7.745,0.379,-0.1071
0.4,7.6703,0.4291,-0.1846
0.5,7.5783,0.4262,-0.1761
0.6,7.6048,0.5715,-0.3207
0.7,7.6637,0.6368,-0.2402
0.8,7.807,0.5628,-0.2508
0.9,7.8744,0.4822,-0.3234
1.0,7.9111,0.2988,-0.2899
1.1,7.8518,0.5211,-0.2424
1.2,7.8444,0.5056,-0.297
1.3,7.7601,0.3585,-0.2794
1.4,7.7773,0.5146,-0.2693
1.5,7.7877,0.3584,-0.2191
1.6,7.8727,0.2711,-0.235
1.7,7.9297,0.3256,-0.2088
1.8,8.0186,0.315,-0.2018
1.9,8.19,0.3545,-0.1657
2.0,8.2252,0.3252,-0.1746
2.1,8.1462,0.1929,-0.1034
2.2,7.9673,0.1551,-0.16
2.3,7.9381,0.0793,-0.2254
2.4,7.9175,-0.1465,-0.2864
2.5,7.8635,-0.0415,-0.3518
2.6,7.7544,-0.0295,-0.3052
2.7,7.8119,-0.1563,-0.2383
2.8,7.8847,-0.0756,-0.2854
2.9,7.8992,-0.0078,-0.2778
3.0,7.8841,-0.0835,-0.2556
3.1,7.8555,-0.0059,-0.2627
3.2,7.7332,0.1525,-0.1963
3.3,7.7898,-0.0197,-0.0376
3.4,7.8367,-0.0025,-0.1001
3.5,7.8308,0.0037,-0.0031
3.6,7.8687,-0.1169,-0.0418
3.7,7.8302,0.0826,0.0281
3.8,7.7201,0.1112,-0.0087
3.9,7.7849,-0.0895,-0.0115
4.0,7.7223,-0.1825,0.0845
4.1,7.6582,-0.3511,-0.0128
4.2,7.6593,-0.5304,-0.0522
4.3,7.7294,-0.5715,-0.0112
4.4,7.8313,-0.6247,-0.1943
4.5,8.0084,-0.7338,-0.1291
4.6,7.8857,-0.7008,-0.2652
4.7,7.7655,-0.6531,-0.1696
4.8,7.8368,-0.5725,-0.1433
4.9,7.7107,-0.5656,-0.0119
5.0,7.851,-0.4723,-0.0287
5.1,7.9793,-0.4669,-0.0655
5.2,7.9947,-0.4642,-0.0563
5.3,7.9362,-0.6106,-0.0069
5.4,7.9523,-0.7493,0.0537
5.5,7.7382,-0.8475,0.1645
5.6,7.7854,-0.835,0.1674
5.7,7.8303,-0.9441,0.1651
5.8,7.7867,-0.8698,0.1123
5.9,7.8383,-0.8274,0.0978
6.0,7.8589,-0.696,-0.0046
6.1,7.9834,-0.5539,0.0066
6.2,7.9257,-0.5726,0.1513
6.3,7.9181,-0.458,0.228
6.4,8.0392,-0.2285,0.3508
6.5,8.0035,-0.3076,0.3903
6.6,7.9483,-0.4224,0.4098
6.7,7.9643,-0.5373,0.3352
6.8,8.023,-0.486,0.2949
6.9,7.9434,-0.5418,0.2254
7.0,7.8891,-0.5213,0.242
7.1,7.9308,-0.5253,0.249
7.2,8.0186,-0.5967,0.1057
7.3,8.1556,-0.5767,0.0367
7.4,8.0532,-0.5595,0.0525
7.5,8.1752,-0.6225,0.139
7.6,8.0771,-0.4903,0.0626
7.7,7.9902,-0.3163,0.0046
7.8,8.1022,-0.5881,-0.0531
7.9,8.1454,-0.445,0.015
8.0,8.2021,-0.4107,-0.0444
8.1,8.2118,-0.2806,0.0001
8.2,8.2798,-0.0214,-0.002
8.3,8.2374,-0.1549,0.0371
8.4,8.1729,-0.2103,-0.0515
8.5,8.0824,-0.3429,-0.1223
8.6,8.067,-0.2126,-0.1426
8.7,8.0281,-0.3072,-0.074
8.8,8.0753,-0.2017,-0.2357
8.9,8.1286,0.0317,-0.2621
9.0,8.1235,0.0732,-0.3932
9.1,8.0488,0.027,-0.3659
9.2,8.0603,0.1892,-0.1766
9.3,8.0018,0.0227,-0.2564
9.4,8.0107,-0.1319,-0.313
9.5,7.8842,-0.0728,-0.3307
9.6,8.0193,-0.0106,-0.4049
9.7,8.0768,-0.0343,-0.3787
9.8,8.1523,0.0336,-0.3223
9.9,8.3115,0.1071,-0.2647
10.0,8.2166,-0.0581,-0.3027
10.1,8.3208,0.0572,-0.3076
10.2,8.1846,0.028,-0.2493
10.3,8.2809,0.0458,-0.3008
10.4,8.2163,0.1179,-0.2246
10.5,8.1451,0.1317,-0.2619
10.6,8.1023,0.1525,-0.2315
10.7,8.0055,0.2419,-0.1638
10.8,8.1387,0.1536,-0.1834
10.9,8.3072,0.0917,-0.0815
11.0,8.1931,0.1351,-0.0045
11.1,8.1519,0.2453,-0.0886
11.2,8.1587,0.3618,0.0004
11.3,8.2689,0.4727,-0.0272
11.4,8.3212,0.3141,-0.0192
11.5,8.3137,0.2574,-0.0734
11.6,8.2386,0.2694,-0.0822
11.7,8.2567,0.2493,-0.0759
11.8,8.2794,0.0635,-0.0391
11.9,8.3507,0.1534,-0.127
12.0,8.4592,0.223,-0.171
12.1,8.4892,0.1456,-0.0363
12.2,8.3506,-0.0096,0.0104
12.3,8.3881,-0.139,-0.1165
12.4,8.4245,-0.1201,-0.1339
12.5,8.5755,-0.0448,-0.0507
12.6,8.6284,-0.261,0.0096
12.7,8.5891,-0.2337,0.067
12.8,8.5929,-0.3636,0.1004
12.9,8.4328,-0.3032,0.066
13.0,8.4091,-0.3777,0.1396
13.1,8.4783,-0.419,0.1103
13.2,8.4579,-0.5541,0.0303
13.3,8.6318,-0.4778,0.1021
13.4,8.6246,-0.4692,0.2429
13.5,8.6516,-0.3795,0.1256
13.6,8.8841,-0.477,0.067
13.7,8.8407,-0.4806,-0.0534
13.8,8.9281,-0.429,-0.164
13.9,8.9224,-0.2805,-0.0948
14.0,8.9076,-0.3912,-0.1591
14.1,9.0107,-0.401,-0.106
14.2,9.0961,-0.3649,-0.1046
14.3,9.0694,-0.3778,-0.0886
14.4,8.8644,-0.3972,-0.0448
14.5,8.8164,-0.5668,-0.1542
14.6,8.9122,-0.5544,-0.2211
14.7,8.8576,-0.5119,-0.1321
14.8,8.7213,-0.5088,-0.2153
14.9,8.5839,-0.4027,-0.223
15.0,8.4903,-0.4546,-0.274
15.1,8.5226,-0.317,-0.2817
15.2,8.5248,-0.4428,-0.2663
15.3,8.5432,-0.4573,-0.3649
15.4,8.5609,-0.1578,-0.2076
15.5,8.4861,-0.2662,-0.0651
15.6,8.4355,-0.2847,-0.1545
15.7,8.2399,-0.2993,-0.1619
15.8,8.1471,-0.3664,-0.1405
15.9,8.2558,-0.1947,-0.0695
16.0,8.2255,-0.1999,-0.1716
16.1,8.2378,-0.2629,-0.1543
16.2,8.2339,-0.1674,-0.0848
16.3,8.1497,-0.3628,-0.276
16.4,8.1965,-0.4271,-0.2718
16.5,8.2249,-0.1636,-0.3688
16.6,8.1805,0.0931,-0.5036
16.7,8.2184,0.1377,-0.572
16.8,8.2207,0.0328,-0.496
16.9,8.2606,0.0244,-0.5047
17.0,8.1901,-0.0012,-0.4909
17.1,8.087,0.0067,-0.4715
17.2,8.1401,-0.0538,-0.5525
17.3,8.1908,-0.1911,-0.5538
17.4,8.3157,-0.1376,-0.4897
17.5,8.2997,-0.3139,-0.6218
17.6,8.3879,-0.3441,-0.6193
17.7,8.2889,-0.1901,-0.6414
17.8,8.3401,-0.114,-0.6249
17.9,8.329,-0.1627,-0.6004
18.0,8.3234,-0.0397,-0.5376
18.1,8.3395,-0.1046,-0.4574
18.2,8.35,0.0021,-0.5383
18.3,8.2769,-0.0139,-0.534
18.4,8.3271,0.1129,-0.3728
18.5,8.2148,-0.1385,-0.3981
18.6,8.1741,-0.173,-0.4291
18.7,8.2724,-0.1383,-0.5177
18.8,8.2254,-0.1137,-0.5157
18.9,8.1864,-0.1385,-0.5778
19.0,8.1268,-0.1468,-0.5991
19.1,8.0394,-0.2516,-0.5331
19.2,7.8369,-0.13,-0.4282
19.3,7.9428,-0.1421,-0.3835
19.4,8.0263,-0.408,-0.2461
19.5,8.0364,-0.2994,-0.3422
19.6,7.9699,-0.3348,-0.3316
19.7,7.948,-0.1749,-0.4192
19.8,8.1618,-0.1329,-0.3773
19.9,8.1741,-0.0832,-0.4896
20.0,8.0842,-0.084,-0.4515
20.1,8.1332,-0.0937,-0.4714
20.2,8.1396,0.0383,-0.4361
20.3,8.0305,0.2184,-0.5172
20.4,7.981,0.0667,-0.4442
20.5,8.0437,0.04,-0.4936
20.6,8.113,0.1849,-0.4714
20.7,8.1357,0.043,-0.3561
20.8,8.1353,0.0613,-0.3248
20.9,8.0575,-0.0566,-0.3218
21.0,8.0246,0.0913,-0.3598
21.1,8.0275,0.0046,-0.3679
21.2,7.9628,-0.056,-0.3207
21.3,8.0992,0.0051,-0.2941
21.4,8.2254,0.1332,-0.2569
21.5,8.0404,0.0754,-0.1997
21.6,7.926,0.0102,-0.0774
21.7,7.8503,0.3093,-0.2128
21.8,7.7095,0.2659,-0.3695
21.9,7.6859,0.0322,-0.3704
22.0,7.65,0.2467,-0.407
22.1,7.6858,0.3022,-0.3851
22.2,7.6937,0.3075,-0.349
22.3,7.6191,0.111,-0.342
22.4,7.5904,0.125,-0.3879
22.5,7.5644,0.1752,-0.3877
22.6,7.567,0.2138,-0.3554
22.7,7.7133,0.135,-0.3531
22.8,7.7929,-0.0542,-0.4742
22.9,7.7155,0.0284,-0.6021
23.0,7.76,0.033,-0.5693
23.1,7.7851,0.1347,-0.683
23.2,7.7381,0.0884,-0.7081
23.3,7.8444,0.1847,-0.6969
23.4,7.7811,0.2494,-0.7287
23.5,7.8049,0.102,-0.7404
23.6,7.8904,0.1091,-0.7798
23.7,7.9201,0.0041,-0.8649
23.8,8.022,-0.009,-0.7566
23.9,7.9681,0.0006,-0.6956
24.0,7.8944,0.0075,-0.679
24.1,7.8694,-0.0949,-0.565
24.2,7.8118,-0.1557,-0.5156
24.3,7.7797,-0.2307,-0.5864
24.4,7.8306,-0.0971,-0.6021
24.5,7.7069,-0.0934,-0.7016
24.6,7.858,-0.0463,-0.6046
24.7,8.0144,0.0028,-0.6725
24.8,7.8711,0.0023,-0.7254
24.9,7.8927,-0.0879,-0.8064
25.0,7.7149,-0.0453,-0.7882
25.1,7.7739,-0.0934,-0.887
25.2,7.8108,-0.0118,-0.7969
25.3,7.7831,-0.0655,-0.8583
25.4,7.7842,-0.0143,-0.7036
25.5,7.7788,-0.1332,-0.7
25.6,7.8188,-0.0268,-0.7893
25.7,7.6995,-0.1031,-0.6915
25.8,7.7611,-0.3,-0.6984
25.9,7.7578,-0.2829,-0.8423
26.0,7.789,-0.3115,-0.6487
26.1,7.7425,-0.2849,-0.6313
26.2,7.8457,-0.1356,-0.6179
26.3,7.7617,-0.2789,-0.6967
26.4,7.8247,-0.1185,-0.6556
26.5,7.7826,-0.1939,-0.6333
26.6,7.9355,-0.4632,-0.6523
26.7,7.9098,-0.2736,-0.6194
26.8,8.0175,-0.1186,-0.4229
26.9,8.0625,0.078,-0.3921
27.0,8.0862,-0.141,-0.3502
27.1,8.1072,-0.2446,-0.2284
27.2,8.1338,-0.1004,-0.1942
27.3,8.102,-0.0264,-0.1745
27.4,8.1277,0.0134,-0.2048
27.5,8.2053,0.1253,-0.2031
27.6,8.0995,0.1121,-0.2107
27.7,8.1654,0.2352,-0.1256
27.8,8.3018,0.3047,-0.0621
27.9,8.4206,0.1161,-0.2001
28.0,8.4973,0.1572,-0.1877
28.1,8.4038,0.0764,-0.0699
28.2,8.3825,0.1198,-0.2248
28.3,8.4416,0.2189,-0.3461
28.4,8.571,0.1658,-0.3914
28.5,8.6198,0.1495,-0.3077
28.6,8.5971,0.2557,-0.348
28.7,8.6353,0.2907,-0.3955
28.8,8.5964,0.3644,-0.4347
28.9,8.6001,0.3601,-0.4535
29.0,8.5068,0.4146,-0.4011
29.1,8.6076,0.4624,-0.4845
29.2,8.4692,0.537,-0.4877
29.3,8.5337,0.6132,-0.5307
29.4,8.4823,0.5089,-0.515
29.5,8.5865,0.4136,-0.4101
29.6,8.507,0.2571,-0.3379
29.7,8.5942,0.251,-0.3971
29.8,8.6419,0.328,-0.3523
29.9,8.5474,0.3069,-0.4215
30.0,8.501,0.3865,-0.3463
30.1,8.466,0.3986,-0.4026
30.2,8.2435,0.3788,-0.339
30.3,8.0542,0.4376,-0.2696
30.4,8.0438,0.4014,-0.2949
30.5,7.9127,0.3846,-0.2123
30.6,8.0212,0.3598,-0.1486
30.7,7.9266,0.2758,-0.1404
30.8,7.9489,0.3164,-0.2526
30.9,8.05,0.2316,-0.1498
31.0,8.0986,0.0372,-0.0295
31.1,8.1252,0.0506,-0.0864
31.2,8.1052,0.1041,-0.1402
31.3,8.1366,-0.1253,0.0185
31.4,8.0639,-0.1897,-0.0216
31.5,7.9635,-0.0882,0.0291
31.6,7.9572,0.0703,-0.0243
31.7,7.8518,0.1491,0.0662
31.8,7.8351,0.1538,-0.015
31.9,7.8328,0.1361,0.0344
32.0,7.8612,0.0285,0.0487
32.1,7.8025,0.2511,0.2138
32.2,7.8831,0.1094,0.1721
32.3,7.884,-0.0715,0.1972
32.4,7.759,-0.1843,0.2264
32.5,7.7338,-0.2415,0.137
32.6,7.8973,-0.092,0.1835
32.7,7.9888,-0.1135,0.165
32.8,7.9838,-0.0118,0.103
32.9,7.9792,-0.151,0.0465
33.0,7.9207,-0.0724,0.1217
33.1,7.9243,-0.0394,0.1436
33.2,8.0514,0.07,0.1478
33.3,7.9795,0.0328,0.2661
33.4,8.0075,-0.113,0.2089
33.5,7.8596,-0.2396,0.243
33.6,7.7732,-0.2779,0.3488
33.7,7.8485,-0.1401,0.3213
33.8,7.9026,-0.1814,0.3141
33.9,7.8307,-0.327,0.2706
34.0,7.8206,-0.3357,0.2855
34.1,7.8888,-0.1912,0.233
34.2,8.0533,-0.1373,0.191
34.3,8.043,-0.2408,0.15
34.4,8.0337,-0.2301,0.1111
34.5,8.0836,-0.2614,0.0713
34.6,8.0936,-0.2924,0.079
34.7,7.9819,-0.1726,0.1167
34.8,8.2114,-0.2717,0.1914
34.9,8.2875,-0.2507,0.2606
35.0,8.2826,-0.1655,0.2176
35.1,8.2088,-0.1232,0.1596
35.2,8.2336,-0.0329,0.3288
35.3,8.356,-0.1183,0.2754
35.4,8.3565,-0.0782,0.1703
35.5,8.2711,-0.1291,0.1681
35.6,8.4351,0.0032,0.1151
35.7,8.4873,-0.0439,0.1851
35.8,8.4913,0.0251,0.101
35.9,8.4449,0.0622,0.129
36.0,8.3923,0.1163,0.0151
36.1,8.5375,0.0494,0.0506
36.2,8.4103,-0.1034,0.0696
36.3,8.4649,0.0358,0.1712
36.4,8.5084,0.0556,0.1728
36.5,8.5947,0.0988,0.1625
36.6,8.6289,0.2138,0.2069
36.7,8.6401,0.3504,0.2335
36.8,8.6007,0.4034,0.268
36.9,8.6053,0.2719,0.2882
37.0,8.5924,0.1499,0.3496
37.1,8.7101,-0.0189,0.3096
37.2,8.6492,-0.1123,0.3073
37.3,8.8593,-0.0831,0.4063
37.4,8.8888,-0.1986,0.3925
37.5,8.7828,-0.265,0.3791
37.6,8.7594,-0.0561,0.3287
37.7,8.807,-0.0844,0.3294
37.8,8.824,-0.0241,0.4561
37.9,8.6909,-0.0391,0.3512
38.0,8.8702,0.0312,0.4838
38.1,8.878,0.0567,0.5326
38.2,8.9863,0.1989,0.6076
38.3,9.0187,0.3592,0.5877
38.4,9.0495,0.2905,0.6812
38.5,8.9652,0.4374,0.6635
38.6,8.951,0.2476,0.6173
38.7,8.96,0.1074,0.6033
38.8,8.9529,0.0855,0.6001
38.9,9.022,0.1539,0.695
39.0,9.2162,0.2617,0.7871
39.1,9.2027,0.2986,0.8456
39.2,9.1194,0.146,0.9201
39.3,9.1811,-0.0358,0.8316
39.4,9.1666,0.1639,0.78
39.5,9.0915,0.2174,0.8443
39.6,9.1607,0.1995,0.9029
39.7,9.2378,0.3011,0.9173
39.8,9.1627,0.158,0.8373
39.9,9.1037,-0.0249,0.8323
40.0,9.1673,-0.1941,0.7372
40.1,9.0394,-0.3184,0.8521
40.2,9.0368,-0.41,0.9377
40.3,9.1366,-0.3011,0.9285
40.4,9.0057,-0.3835,0.9349
40.5,8.9627,-0.5944,1.0732
40.6,8.9909,-0.8839,1.0723
40.7,8.9537,-0.8633,1.0099
40.8,8.9293,-0.8996,0.9415
40.9,8.9953,-0.8065,0.9244
41.0,9.0849,-0.846,0.9074
41.1,9.0616,-0.7806,1.0019
41.2,9.1728,-0.7079,1.1144
41.3,9.2421,-0.7345,1.1197
41.4,9.1148,-0.6309,1.1421
41.5,9.1859,-0.6574,1.0906
41.6,9.1952,-0.7158,1.0759
41.7,9.2006,-0.681,1.172
41.8,9.0511,-0.6257,1.1678
41.9,9.019,-0.6136,1.1382
42.0,9.0525,-0.5103,1.1213
42.1,9.0343,-0.3725,1.1381
42.2,9.0878,-0.3974,1.1436
42.3,9.1093,-0.3911,1.1937
42.4,9.2352,-0.6156,1.2603
42.5,9.2967,-0.1999,1.2229
42.6,9.2603,-0.0976,1.2349
42.7,9.3386,-0.2728,1.2858
42.8,9.4129,-0.3056,1.2609
42.9,9.4349,-0.3772,1.1837
43.0,9.4056,-0.4215,1.1134
43.1,9.4048,-0.482,1.1077
43.2,9.2338,-0.4825,1.1513
43.3,9.316,-0.4493,1.1072
43.4,9.1919,-0.5178,0.9967
43.5,9.2065,-0.5077,0.8638
43.6,9.2026,-0.4998,0.7968
43.7,9.232,-0.4719,0.7456
43.8,9.2269,-0.3378,0.6415
43.9,8.973,-0.3455,0.6677
44.0,9.2038,-0.3861,0.7238
44.1,9.1664,-0.3796,0.635
44.2,9.0922,-0.361,0.6215
44.3,9.1335,-0.4526,0.6125
44.4,9.251,-0.3321,0.5278
44.5,9.2967,-0.2381,0.5631
44.6,9.289,-0.2653,0.5002
44.7,9.5379,-0.2088,0.4613
44.8,9.4347,-0.203,0.4982
44.9,9.3967,-0.004,0.6112
45.0,9.468,0.1323,0.6189
45.1,9.3714,-0.1032,0.5056
45.2,9.3803,-0.1678,0.3106
45.3,9.3756,-0.0139,0.2921
45.4,9.4171,-0.0828,0.2706
45.5,9.3202,-0.2765,0.1789
45.6,9.3413,-0.0832,0.1363
45.7,9.2078,-0.1701,0.0698
45.8,9.2149,-0.0219,0.0746
45.9,9.2408,-0.1251,-0.0175
46.0,9.2518,-0.1068,-0.1497
46.1,9.1067,-0.1948,-0.1189
46.2,9.1179,-0.2458,-0.1643
46.3,8.9827,-0.1403,-0.1546
46.4,8.934,-0.0156,-0.0714
46.5,8.9779,0.2928,-0.0573
46.6,8.9892,0.2931,-0.1319
46.7,8.9599,0.1632,-0.1491
46.8,8.9482,0.0317,-0.188
46.9,9.0568,0.0082,-0.2067
47.0,9.0041,0.1195,-0.2675
47.1,8.9218,0.1297,-0.2571
47.2,8.9496,0.2376,-0.1754
47.3,8.8773,0.3313,-0.0483
47.4,8.8494,0.5315,0.0359
47.5,8.9329,0.7233,0.0722
47.6,8.9215,0.8871,0.1616
47.7,9.0071,0.8406,0.101
47.8,9.1196,0.9365,0.1088
47.9,9.0916,0.9941,0.0703
48.0,9.2445,0.9352,0.1472
48.1,9.1473,0.873,0.0894
48.2,9.0622,0.7715,-0.061
48.3,9.0343,0.5956,-0.0719
48.4,9.1775,0.7557,0.0257
48.5,9.0868,0.8526,0.1513
48.6,9.1656,0.9259,0.1861
48.7,9.1644,1.0911,0.2002
48.8,9.1874,1.1134,0.0153
48.9,9.1098,1.1036,0.0216
49.0,9.2231,1.0484,0.0243
49.1,9.1558,1.2439,-0.0464
49.2,9.2558,1.1911,-0.0674
49.3,9.2901,1.107,0.0134
49.4,9.2226,1.2746,-0.0163
49.5,9.3694,1.1726,-0.0509
49.6,9.2215,0.9178,0.0326
49.7,9.2971,0.915,0.1755
49.8,9.2535,1.0755,0.2064
49.9,9.3946,1.1802,0.0999
50.0,9.3923,1.1952,0.1066
50.1,9.4029,1.171,0.0808
50.2,9.5134,1.1136,0.0781
50.3,9.462,1.2242,0.0858
50.4,9.4149,1.2324,0.1512
50.5,9.3767,1.1357,0.1694
50.6,9.2739,1.1172,0.3041
50.7,9.2344,1.2343,0.2614
50.8,9.1519,1.2878,0.2693
50.9,9.2368,1.2563,0.2162
51.0,9.1747,1.151,0.1723
51.1,9.124,1.2147,0.1614
51.2,9.0436,1.2004,0.0987
51.3,9.0595,1.1416,0.2588
51.4,8.8335,1.1677,0.2454
51.5,8.9075,1.0807,0.2881
51.6,8.931,1.2986,0.1734
51.7,8.9247,1.459,0.1386
51.8,8.8685,1.3747,0.1188
51.9,8.9049,1.2505,0.1152
52.0,9.0767,1.1837,0.0874
52.1,9.0018,1.2373,0.0457
52.2,8.9012,1.1936,0.1605
52.3,8.8638,1.3233,0.1244
52.4,8.7963,1.3823,0.0419
52.5,8.7662,1.3743,0.1337
52.6,8.8568,1.4131,0.1915
52.7,8.9257,1.3268,0.341
52.8,8.991,1.0807,0.4139
52.9,8.8816,1.2065,0.3828
53.0,8.9785,0.9838,0.4111
53.1,9.1212,1.0125,0.4041
53.2,9.009,1.0884,0.3768
53.3,9.0579,0.8901,0.4465
53.4,8.9738,1.1302,0.4581
53.5,8.9196,1.1711,0.3994
53.6,8.8783,1.146,0.494
53.7,8.995,1.1387,0.607
53.8,8.9444,1.2798,0.6963
53.9,9.009,1.0971,0.5949
54.0,8.8939,1.1948,0.681
54.1,9.0138,1.2582,0.6418
54.2,8.867,1.341,0.6287
54.3,8.8855,1.4454,0.7252
54.4,8.9439,1.2543,0.69
54.5,8.9396,1.3121,0.7225
54.6,8.8925,1.3752,0.6199
54.7,8.8807,1.4977,0.6604
54.8,8.7523,1.4965,0.7134
54.9,8.762,1.4863,0.7039
55.0,8.6888,1.3096,0.8722
55.1,8.7391,1.0771,0.8613
55.2,8.8497,0.9906,0.8651
55.3,8.881,0.7424,0.8812
55.4,8.8016,0.7196,0.8723
55.5,8.741,0.6147,0.9201
55.6,8.6912,0.5394,0.8061
55.7,8.6458,0.6686,0.788
55.8,8.6699,0.6423,0.5593
55.9,8.7347,0.6166,0.5461
56.0,8.6772,0.4766,0.5747
56.1,8.6173,0.4939,0.4823
56.2,8.5653,0.4882,0.5315
56.3,8.6429,0.4618,0.5451
56.4,8.6725,0.3655,0.5056
56.5,8.6927,0.1232,0.622
56.6,8.6303,0.063,0.5947
56.7,8.6035,-0.1532,0.5131
56.8,8.5624,-0.1262,0.5561
56.9,8.5959,0.0033,0.5062
57.0,8.556,0.0326,0.5097
57.1,8.611,-0.0777,0.3787
57.2,8.6216,-0.2566,0.3986
57.3,8.5374,-0.2012,0.4732
57.4,8.4846,-0.2869,0.4553
57.5,8.4455,-0.1202,0.4966
57.6,8.482,-0.2468,0.456
57.7,8.5348,-0.1704,0.5201
57.8,8.4718,0.0688,0.6119
57.9,8.4403,0.1071,0.535
58.0,8.4114,0.0133,0.505
58.1,8.436,0.0213,0.5646
58.2,8.4955,-0.1718,0.5243
58.3,8.5886,-0.2878,0.4524
58.4,8.5871,-0.0506,0.4162
58.5,8.3779,-0.0737,0.3551
58.6,8.3028,-0.0001,0.29
58.7,8.3276,-0.1234,0.1534
58.8,8.3838,0.0812,0.1677
58.9,8.5831,0.1084,-0.0114
59.0,8.6434,-0.0379,-0.019
59.1,8.5973,0.1707,0.0621
59.2,8.528,0.0572,0.214
59.3,8.6147,0.2332,0.3413
59.4,8.6212,0.2938,0.315
59.5,8.6611,0.3368,0.2386
59.6,8.6841,0.413,0.2648
59.7,8.7232,0.1256,0.3185
59.8,8.738,-0.0241,0.3118
59.9,8.6609,-0.0179,0.3093
60.0,8.5357,-0.0881,0.2551
60.1,8.5517,-0.2004,0.2282
60.2,8.5985,-0.1523,0.2349
60.3,8.5306,-0.2972,0.2794
60.4,8.5036,-0.2019,0.1932
60.5,8.4033,-0.1232,0.1886
60.6,8.452,-0.2168,0.1311
60.7,8.43,-0.1301,0.0173
60.8,8.2529,-0.1458,0.069
60.9,8.2162,-0.2085,-0.052
61.0,8.1474,-0.3183,-0.097
61.1,8.048,-0.3083,-0.074
61.2,8.1319,-0.526,-0.1012
61.3,8.1433,-0.4418,-0.0751
61.4,8.1706,-0.3173,0.0214
61.5,8.1949,-0.4029,-0.031
61.6,8.3025,-0.4978,-0.0331
61.7,8.1514,-0.4392,-0.1907
61.8,8.1141,-0.5216,-0.1547
61.9,8.0256,-0.5916,-0.1735
62.0,8.1437,-0.5134,-0.2753
62.1,8.2383,-0.5386,-0.2185
62.2,8.0981,-0.4532,-0.1529
62.3,8.0449,-0.5076,-0.2091
62.4,7.953,-0.5897,-0.2164
62.5,7.9985,-0.5862,-0.1634
62.6,8.0517,-0.4636,-0.1891
62.7,8.0785,-0.5027,-0.2039
62.8,8.1362,-0.463,-0.0918
62.9,8.0466,-0.502,-0.1047
63.0,8.0158,-0.5562,-0.0406
63.1,8.0393,-0.5543,0.0161
63.2,8.0522,-0.5427,-0.0206
63.3,8.0901,-0.6129,-0.0454
63.4,8.0864,-0.7576,-0.2103
63.5,8.2954,-0.629,-0.278
63.6,8.2871,-0.6743,-0.1916
63.7,8.2522,-0.6116,-0.1405
63.8,8.3386,-0.417,-0.1057
63.9,8.2437,-0.2834,-0.0912
64.0,8.2844,-0.3962,-0.009
64.1,8.2789,-0.3651,-0.0046
64.2,8.3407,-0.403,0.0395
64.3,8.4217,-0.2535,0.1015
64.4,8.322,-0.1883,0.1362
64.5,8.4995,-0.0414,0.1743
64.6,8.6086,-0.0286,0.1995
64.7,8.5139,0.0366,0.137
64.8,8.5687,0.0644,0.2365
64.9,8.547,0.179,0.3466
65.0,8.5646,0.1614,0.386
65.1,8.6069,0.3396,0.3431
65.2,8.6851,0.2233,0.3224
65.3,8.7375,0.0635,0.2708
65.4,8.8753,-0.0219,0.1831
65.5,8.862,-0.2384,0.1606
65.6,8.9067,-0.2036,0.0546
65.7,9.0869,-0.1467,0.0579
65.8,8.9503,-0.2584,-0.0061
65.9,8.7951,-0.2769,-0.0456
66.0,8.7159,-0.2709,-0.0486
66.1,8.7874,-0.2373,-0.0443
66.2,8.7654,-0.1968,-0.0011
66.3,8.7264,-0.0446,-0.0422
66.4,8.7915,-0.1301,-0.0286
66.5,8.8893,-0.1403,0.0509
66.6,9.0604,-0.0702,0.0578
66.7,9.0804,-0.1896,0.0075
66.8,9.0648,-0.2592,0.1067
66.9,9.1352,-0.2705,0.1579
67.0,9.2465,-0.316,0.2373
67.1,9.2024,-0.1433,0.2467
67.2,9.3194,-0.1197,0.3645
67.3,9.2674,-0.0016,0.3298
67.4,9.1602,-0.2649,0.317
67.5,9.0374,-0.2006,0.2459
67.6,9.0667,-0.1865,0.2211
67.7,8.8874,-0.2993,0.2282
67.8,8.9507,-0.2182,0.2031
67.9,8.9698,-0.3413,0.1407
68.0,8.8957,-0.2965,0.1266
68.1,8.9476,-0.2315,0.1461
68.2,8.9901,-0.3043,0.1406
68.3,8.8295,-0.3226,0.1424
68.4,8.8884,-0.3584,0.2844
68.5,8.9608,-0.5723,0.1891
68.6,9.0633,-0.4353,0.1554
68.7,8.9698,-0.4638,0.1738
68.8,9.0594,-0.2864,0.1039
68.9,8.9466,-0.2829,0.1267
69.0,9.0784,-0.4224,0.1574
69.1,8.9752,-0.6506,0.1795
69.2,8.8634,-0.6442,0.0949
69.3,9.1263,-0.6793,0.1181
69.4,9.137,-0.6067,0.0108
69.5,9.1297,-0.6117,0.0181
69.6,9.0871,-0.6056,0.0828
69.7,9.2452,-0.5812,0.0141
69.8,9.1353,-0.4732,-0.0668
69.9,9.1319,-0.4704,-0.1872
70.0,9.0576,-0.5552,-0.1969
70.1,9.2512,-0.4894,-0.1161
70.2,9.0361,-0.5296,-0.1346
70.3,9.0908,-0.2559,-0.1209
70.4,9.0301,-0.3747,-0.0269
70.5,9.0522,-0.3695,-0.0931
70.6,8.9576,-0.3609,-0.1334
70.7,9.0906,-0.24,-0.1524
70.8,9.2097,-0.2273,-0.1122
70.9,9.2886,-0.2033,-0.0996
71.0,9.1918,-0.2033,-0.0649
71.1,9.1901,-0.2375,-0.0453
71.2,9.0681,-0.3405,-0.0496
71.3,9.1253,-0.4833,-0.0658
71.4,9.1121,-0.7586,-0.0628
71.5,9.0764,-0.7699,0.0362
71.6,9.1317,-0.7984,0.0878
71.7,9.2647,-0.8167,0.002
71.8,9.2653,-0.8052,0.0169
71.9,9.2948,-1.0071,0.0017
72.0,9.2858,-0.9916,0.0912
72.1,9.244,-1.1065,0.2042
72.2,9.2769,-1.0999,0.1821
72.3,9.2107,-1.2212,0.1166
72.4,9.26,-1.0356,0.1261
72.5,9.0744,-0.768,0.1724
72.6,9.0808,-1.0021,0.0952
72.7,9.0723,-0.9721,-0.0025
72.8,9.0703,-0.8615,0.057
72.9,9.0529,-0.8621,0.0602
73.0,9.1298,-1.1043,-0.0205
73.1,9.0797,-1.2107,0.0609
73.2,8.9931,-1.2902,0.1371
73.3,9.1114,-1.1247,0.1133
73.4,9.2102,-1.1532,0.1908
73.5,9.1746,-1.117,0.2504
73.6,8.9754,-1.1788,0.3516
73.7,9.1214,-1.2344,0.3884
73.8,9.2798,-1.2049,0.4693
73.9,9.2898,-1.2148,0.3193
74.0,9.3188,-1.4028,0.3118
74.1,9.3755,-1.4053,0.4088
74.2,9.4771,-1.4302,0.2689
74.3,9.6134,-1.3882,0.1309
74.4,9.5274,-1.3154,0.1171
74.5,9.4895,-1.2462,0.076
74.6,9.4878,-1.176,0.0735
74.7,9.5034,-1.1579,0.0672
74.8,9.3798,-0.9312,0.0904
74.9,9.3616,-0.844,0.1957
75.0,9.4075,-0.6958,0.2534
75.1,9.4316,-0.5304,0.1478
75.2,9.5332,-0.2636,0.0799
75.3,9.5671,-0.1643,0.0668
75.4,9.5469,-0.2433,0.0727
75.5,9.672,-0.0321,0.1122
75.6,9.7191,-0.0143,0.049
75.7,9.6556,-0.0339,0.0381
75.8,9.6959,-0.1434,0.1039
75.9,9.6271,-0.1078,0.1698
76.0,9.725,-0.2173,0.2859
76.1,9.771,-0.1855,0.3916
76.2,9.7283,-0.3243,0.2325
76.3,9.5786,-0.3394,0.17
76.4,9.6543,-0.082,0.1343
76.5,9.7716,-0.2256,0.1912
76.6,9.8524,-0.3165,0.1991
76.7,9.83,-0.2842,0.0884
76.8,9.9358,-0.0026,0.1308
76.9,10.0071,-0.0706,0.2197
77.0,10.0376,-0.1504,0.2257
77.1,10.0469,0.0523,0.2908
77.2,10.1328,-0.006,0.267
77.3,9.9715,-0.0103,0.2767
77.4,10.0789,-0.0655,0.2546
77.5,10.1236,0.0079,0.2717
77.6,9.9278,-0.2683,0.1857
77.7,9.7871,-0.0147,0.1615
77.8,9.7796,-0.0831,0.0723
77.9,9.7295,-0.0603,0.1509
78.0,9.7979,-0.1037,0.0682
78.1,9.7894,-0.1312,0.1447
78.2,9.7807,0.0398,0.1336
78.3,9.7365,0.1135,0.0967
78.4,9.7404,0.1496,0.1013
78.5,9.702,0.2593,0.0889
78.6,9.7994,0.3635,0.0501
78.7,9.7033,0.2056,0.1154
78.8,9.7204,0.2315,0.0424
78.9,9.6684,0.0538,-0.0116
79.0,9.5838,-0.0324,-0.0237
79.1,9.5364,-0.2788,-0.0082
79.2,9.5996,-0.1966,-0.0178
79.3,9.5341,-0.2694,-0.0967
79.4,9.8354,-0.3304,-0.0998
79.5,9.7382,-0.3241,0.0432
79.6,9.6459,-0.3754,0.0716
79.7,9.6752,-0.5194,0.0902
79.8,9.7131,-0.3624,0.152
79.9,9.7999,-0.2688,0.2161
80.0,9.9384,-0.2995,0.256
80.1,10.0645,-0.4407,0.2188
80.2,10.0859,-0.259,0.1498
80.3,9.9718,-0.0817,0.118
80.4,9.9251,-0.1816,0.187
80.5,9.9952,-0.2248,0.1914
80.6,10.1387,-0.0679,0.2213
80.7,10.1851,0.0667,0.1519
80.8,10.2537,0.1135,0.0724
80.9,10.3045,0.2468,0.0817
81.0,10.243,0.5483,0.0344
81.1,10.1921,0.8017,0.0038
81.2,10.2427,0.8539,0.0197
81.3,10.2157,0.7364,0.0675
81.4,10.1868,0.8661,0.0443
81.5,10.2567,0.7287,0.1147
81.6,10.3101,0.6784,0.0667
81.7,10.1457,0.5842,0.0471
81.8,10.1419,0.5919,0.0285
81.9,10.0356,0.6089,0.1136
82.0,9.8873,0.7395,0.1456
82.1,9.8692,0.7463,0.141
82.2,9.81,0.7209,0.1684
82.3,9.8467,0.6626,0.1466
82.4,9.8681,0.5393,0.1534
82.5,9.8893,0.5139,0.2363
82.6,9.8278,0.6642,0.1869
82.7,9.7623,0.8446,0.1183
82.8,9.8601,0.924,0.1649
82.9,9.8843,0.9219,0.1617
83.0,9.8514,0.961,0.2232
83.1,9.8793,1.0017,0.2815
83.2,9.8668,0.9474,0.1905
83.3,9.7325,1.0326,0.2077
83.4,9.7465,0.9447,0.2363
83.5,9.5579,0.9278,0.2835
83.6,9.6149,0.9334,0.352
83.7,9.4832,0.9084,0.3686
83.8,9.5358,0.8641,0.4155
83.9,9.4694,0.8919,0.373
84.0,9.3947,1.0313,0.352
84.1,9.2142,1.1776,0.2876
84.2,9.3349,1.0972,0.3003
84.3,9.4606,1.1115,0.3756
84.4,9.3604,1.0205,0.3434
84.5,9.4743,0.8771,0.3371
84.6,9.4917,0.6204,0.25
84.7,9.4097,0.3442,0.3687
84.8,9.2383,0.5784,0.338
84.9,9.2345,0.4202,0.2291
85.0,9.2259,0.4485,0.2127
85.1,9.0975,0.5202,0.0813
85.2,9.1067,0.3141,-0.0096
85.3,9.2731,0.6533,-0.1834
85.4,9.3301,0.752,-0.1956
85.5,9.3787,0.6655,-0.233
85.6,9.3492,0.3909,-0.1708
85.7,9.2564,0.5318,-0.1479
85.8,9.2324,0.5223,-0.0882
85.9,9.3025,0.4544,-0.1745
86.0,9.293,0.2793,-0.0689
86.1,9.308,0.1534,-0.0657
86.2,9.1792,0.1277,-0.1603
86.3,9.289,0.2034,-0.1388
86.4,9.3875,0.1641,-0.2272
86.5,9.2969,0.0604,-0.2237
86.6,9.518,-0.0101,-0.3622
86.7,9.564,0.0067,-0.5047
86.8,9.5914,-0.0781,-0.5159
86.9,9.522,-0.0203,-0.5835
87.0,9.6566,-0.0333,-0.6595
87.1,9.6132,-0.1731,-0.6445
87.2,9.6678,-0.0274,-0.7181
87.3,9.6244,0.1996,-0.6457
87.4,9.6885,0.0503,-0.6469
87.5,9.8039,0.0559,-0.6898
87.6,9.8141,-0.0327,-0.6969
87.7,9.9204,-0.0993,-0.6263
87.8,9.9484,0.0328,-0.5866
87.9,9.7449,-0.1183,-0.6018
88.0,9.7721,-0.2587,-0.5014
88.1,9.7015,-0.1858,-0.4209
88.2,9.5972,-0.1396,-0.4822
88.3,9.6843,-0.2286,-0.5117
88.4,9.5851,-0.2227,-0.4568
88.5,9.5037,-0.1543,-0.4063
88.6,9.4679,-0.0936,-0.4109
88.7,9.5903,-0.0271,-0.3451
88.8,9.5741,-0.0757,-0.3747
88.9,9.5745,0.1867,-0.3397
89.0,9.5336,0.2272,-0.4131
89.1,9.4377,0.2599,-0.4233
89.2,9.3737,0.3181,-0.4815
89.3,9.3873,0.2076,-0.3594
89.4,9.4554,0.115,-0.4957
89.5,9.3068,0.2712,-0.513
89.6,9.4244,0.2731,-0.5428
89.7,9.4046,0.1469,-0.5559
89.8,9.3895,0.1748,-0.5937
89.9,9.4003,0.3432,-0.6045
90.0,9.3622,0.5488,-0.578
90.1,9.4024,0.4454,-0.5743
90.2,9.3514,0.5034,-0.6261
90.3,9.3092,0.53,-0.6415
90.4,9.1013,0.5957,-0.6603
90.5,9.0456,0.6528,-0.6855
90.6,9.101,0.6201,-0.6733
90.7,9.1261,0.4883,-0.6587
90.8,9.2087,0.6834,-0.5213
90.9,9.0815,0.7047,-0.4482
91.0,9.2158,0.6562,-0.3617
91.1,9.0599,0.7863,-0.4326
91.2,9.0306,0.7281,-0.3866
91.3,9.1001,0.7139,-0.2957
91.4,8.8966,0.7682,-0.2714
91.5,8.9918,0.7469,-0.3072
91.6,9.0593,0.6171,-0.4485
91.7,9.0265,0.7146,-0.5345
91.8,8.9597,0.7609,-0.5028
91.9,9.0548,0.5398,-0.6817
92.0,9.0753,0.5906,-0.6417
92.1,9.0838,0.6749,-0.5924
92.2,9.0484,0.637,-0.5636
92.3,9.1812,0.5607,-0.5522
92.4,9.0717,0.5206,-0.5935
92.5,8.935,0.3522,-0.5893
92.6,8.8617,0.2854,-0.609
92.7,8.9275,0.2937,-0.5995
92.8,9.043,0.3076,-0.7494
92.9,9.0408,0.2817,-0.692
93.0,8.9275,0.4301,-0.6825
93.1,8.8688,0.2552,-0.7437
93.2,8.8154,0.3834,-0.7222
93.3,8.7181,0.5719,-0.6896
93.4,8.5946,0.6803,-0.6439
93.5,8.5833,0.7837,-0.5871
93.6,8.3843,0.7942,-0.6816
93.7,8.475,0.8127,-0.6066
93.8,8.4465,0.7393,-0.5193
93.9,8.4674,0.9172,-0.5081
94.0,8.5714,0.7854,-0.5333
94.1,8.49,0.7482,-0.4398
94.2,8.6551,0.8387,-0.328
94.3,8.7187,0.733,-0.2677
94.4,8.7932,0.8763,-0.2408
94.5,8.8517,0.6833,-0.2379
94.6,9.0363,0.5863,-0.1282
94.7,8.9756,0.4254,-0.0605
94.8,9.0299,0.7017,0.0019
94.9,8.8349,0.7191,0.0293
95.0,8.8441,0.8631,0.0172
95.1,8.7715,0.8108,-0.0336
95.2,8.6931,0.8902,-0.0635
95.3,8.5915,0.7899,-0.0963
95.4,8.649,0.6738,-0.1823
95.5,8.6603,0.8924,-0.1338
95.6,8.7414,0.7418,-0.0311
95.7,8.7217,0.7707,-0.0557
95.8,8.7969,0.7625,-0.0607
95.9,8.7655,0.8512,-0.0669
96.0,8.5741,0.7378,-0.1393
96.1,8.569,0.9248,-0.1567
96.2,8.6894,1.0772,-0.0591
96.3,8.787,1.1563,-0.0888
96.4,8.974,0.9835,-0.0102
96.5,9.0475,0.9324,0.0419
96.6,9.1961,1.0229,-0.0065
96.7,9.1399,0.8352,-0.1224
96.8,8.9886,0.7194,-0.0578
96.9,9.0502,0.706,-0.1236
97.0,9.185,0.6747,-0.177
97.1,9.3262,0.713,-0.0545
97.2,9.4074,0.8502,0.064
97.3,9.4133,0.8145,0.0425
97.4,9.4502,0.8107,0.0047
97.5,9.4719,0.8629,-0.044
97.6,9.473,0.8254,-0.0975
97.7,9.4966,0.4857,-0.1091
97.8,9.4462,0.3101,-0.0023
97.9,9.4026,0.3972,-0.0008
98.0,9.467,0.4419,-0.1006
98.1,9.5538,0.4256,-0.1378
98.2,9.6629,0.1768,-0.0318
98.3,9.7038,0.2415,-0.0994
98.4,9.7517,0.276,-0.1056
98.5,9.669,0.5121,-0.1791
98.6,9.6752,0.5162,-0.2006
98.7,9.5946,0.599,-0.13
98.8,9.6455,0.6539,-0.0559
98.9,9.6298,0.4794,-0.1151
99.0,9.5021,0.3774,-0.1636
99.1,9.3455,0.395,-0.0674
99.2,9.3624,0.4085,-0.1001
99.3,9.3226,0.4751,-0.1052
99.4,9.2229,0.4105,-0.0585
99.5,9.2671,0.2438,-0.0694
99.6,9.348,0.1394,-0.0117
99.7,9.2691,0.0794,0.0301
99.8,9.3516,0.1541,0.1331
99.9,9.2252,-0.008,0.0499
100.0,9.1567,-0.0668,-0.0521
100.1,9.1656,-0.1755,0.0202
100.2,9.2323,-0.1728,-0.0152
100.3,9.1855,-0.1816,-0.0484
100.4,9.1052,0.005,0.024
100.5,9.1547,0.0621,0.0572
100.6,9.1094,0.0299,0.0889
100.7,9.3108,0.1301,-0.0198
100.8,9.2116,-0.0658,-0.107
100.9,9.1453,-0.0907,-0.2158
101.0,9.0613,-0.1879,-0.2308
101.1,9.1971,-0.1656,-0.222
101.2,9.0899,-0.2063,-0.0996
101.3,8.9827,-0.1725,-0.1499
101.4,8.9631,-0.1663,-0.083
101.5,8.985,-0.1905,-0.1174
101.6,9.1575,-0.2624,-0.1353
101.7,9.2659,-0.0614,-0.1577
101.8,9.1793,-0.0275,-0.0512
101.9,9.1495,0.0183,-0.0168
102.0,9.0575,0.0489,-0.0207
102.1,9.0903,0.0861,-0.0494
102.2,9.1126,0.1633,-0.1118
102.3,9.1379,0.0275,-0.0928
102.4,9.17,0.1613,-0.1642
102.5,9.0914,0.2207,-0.1397
102.6,9.0137,0.2267,-0.1073
102.7,9.0793,0.0701,-0.0622
102.8,9.0717,0.0583,0.0022
102.9,8.9258,0.0445,0.1465
103.0,8.8758,0.0747,0.0837
103.1,8.9898,0.1026,0.0806
103.2,8.9801,-0.0316,0.1089
103.3,8.9245,0.0977,0.1088
103.4,8.9125,0.0612,0.1318
103.5,8.7852,0.187,0.1555
103.6,8.9481,0.2101,0.1105
103.7,8.8345,0.1111,0.2246
103.8,8.7631,0.1496,0.2785
103.9,8.6845,0.0393,0.3284
104.0,8.6657,0.0467,0.3174
104.1,8.6286,0.2009,0.1563
104.2,8.6695,0.2558,0.2661
104.3,8.6355,0.3344,0.2989
104.4,8.5038,0.182,0.2722
104.5,8.5806,0.1582,0.2995
104.6,8.5413,0.2295,0.3424
104.7,8.5096,0.3128,0.3717
104.8,8.5769,0.3062,0.4557
104.9,8.6186,0.3947,0.4943
105.0,8.6359,0.3557,0.645
105.1,8.7594,0.3354,0.6457
105.2,8.7876,0.2877,0.6886
105.3,8.7665,0.3091,0.6742
105.4,8.8578,0.3072,0.7675
105.5,8.7933,0.3757,0.8245
105.6,8.8909,0.2907,0.8102
105.7,8.953,0.2515,0.8981
105.8,8.9522,0.0039,0.9129
105.9,8.844,-0.0175,0.9456
106.0,8.912,0.1259,0.9197
106.1,8.9476,0.2289,1.0928
106.2,9.0144,0.1871,1.0995
106.3,8.9961,0.2213,1.0244
106.4,8.9872,0.3004,1.0236
106.5,8.9161,0.1747,1.0308
106.6,8.8628,0.0831,1.0273
106.7,8.707,0.205,1.16
106.8,8.794,0.1829,1.1263
106.9,8.9539,0.0874,1.1113
107.0,8.7659,0.0282,1.1189
107.1,8.7247,0.159,1.1545
107.2,8.644,0.1271,1.1535
107.3,8.7653,0.114,1.1241
107.4,8.6754,-0.2163,1.1065
107.5,8.6214,-0.1246,1.0642
107.6,8.6602,-0.0985,1.1645
107.7,8.6033,-0.102,1.1796
107.8,8.387,-0.1544,1.2265
107.9,8.2637,0.086,1.221
108.0,8.1964,0.0463,1.1281
108.1,8.1696,-0.0427,1.0283
108.2,8.3566,-0.0354,1.0553
108.3,8.3006,-0.1989,0.9919
108.4,8.2365,-0.1385,0.9898
108.5,8.2476,-0.1261,0.9631
108.6,8.3354,-0.0016,0.8409
108.7,8.3513,-0.1253,0.8957
108.8,8.295,-0.2163,0.907
108.9,8.1597,-0.3314,0.8934
109.0,8.1516,-0.3103,0.8056
109.1,8.1558,-0.3938,0.7754
109.2,8.1893,-0.4471,0.7609
109.3,8.2438,-0.2792,0.6658
109.4,8.3022,-0.331,0.7856
109.5,8.3985,-0.2741,0.7404
109.6,8.4169,-0.5244,0.6558
109.7,8.2166,-0.7789,0.684
109.8,8.2076,-0.662,0.6526
109.9,8.1739,-0.4081,0.6364
110.0,8.1256,-0.3665,0.6059
110.1,8.1254,-0.3556,0.5371
110.2,8.0272,-0.3623,0.5656
110.3,8.137,-0.3505,0.4289
110.4,7.9353,-0.4163,0.4433
110.5,7.8284,-0.333,0.4368
110.6,7.765,-0.344,0.4104
110.7,7.7557,-0.4578,0.5079
110.8,7.8322,-0.488,0.491
110.9,7.7668,-0.5713,0.5628
111.0,7.6886,-0.6756,0.556
111.1,7.5088,-0.5248,0.5718
111.2,7.4544,-0.5571,0.6059
111.3,7.412,-0.507,0.5206
111.4,7.6063,-0.5813,0.5349
111.5,7.6965,-0.6652,0.53
111.6,7.7718,-0.6033,0.5219
111.7,7.7712,-0.5608,0.3948
111.8,7.6629,-0.3542,0.3223
111.9,7.6141,-0.4903,0.2874
112.0,7.5319,-0.4053,0.2148
112.1,7.6206,-0.4059,0.3288
112.2,7.5911,-0.413,0.2229
112.3,7.6067,-0.4931,0.32
112.4,7.6885,-0.3542,0.2327
112.5,7.6316,-0.3849,0.206
112.6,7.7197,-0.5037,0.1559
112.7,7.7583,-0.4873,0.088
112.8,7.6576,-0.4203,0.0318
112.9,7.6814,-0.3831,-0.0114
113.0,7.6157,-0.4436,-0.0131
113.1,7.685,-0.4564,0.0338
113.2,7.7845,-0.4588,0.0827
113.3,7.6915,-0.2589,-0.0213
113.4,7.672,-0.279,-0.0289
113.5,7.7627,-0.4049,0.0123
113.6,7.7881,-0.3124,0.0118
113.7,7.7567,-0.1292,0.0468
113.8,7.7878,0.0272,0.0255
113.9,7.7874,0.1563,-0.0285
114.0,7.8622,0.3042,-0.0775
114.1,7.7567,0.3039,-0.1068
114.2,7.7805,0.4592,-0.0921
114.3,7.5925,0.2566,0.0236
114.4,7.6717,0.4364,-0.0019
114.5,7.6898,0.3772,0.0772
114.6,7.7656,0.3213,0.0323
114.7,7.7695,0.3358,-0.0044
114.8,7.7375,0.0254,0.0504
114.9,7.5554,0.1433,0.0197
115.0,7.4666,0.097,0.0308
115.1,7.5969,0.1143,0.0316
115.2,7.3952,0.198,0.0867
115.3,7.3958,0.1906,0.1097
115.4,7.4905,0.0617,0.0726
115.5,7.4642,0.1622,0.0532
115.6,7.3887,-0.1091,0.1338
115.7,7.2406,-0.0254,0.2064
115.8,7.3683,-0.1884,0.2255
115.9,7.3927,-0.2462,0.1732
116.0,7.4385,-0.1757,0.2356
116.1,7.3687,-0.2428,0.209
116.2,7.3761,-0.3297,0.1887
116.3,7.3262,-0.3884,0.0759
116.4,7.3354,-0.3573,0.0292
116.5,7.4438,-0.4474,0.0002
116.6,7.4834,-0.4143,-0.0561
116.7,7.5597,-0.6597,-0.0176
116.8,7.5864,-0.655,0.0162
116.9,7.5659,-0.6047,0.0685
117.0,7.6173,-0.5664,-0.0288
117.1,7.7399,-0.3546,-0.0295
117.2,7.7961,-0.3185,-0.0863
117.3,7.8862,-0.3252,-0.1649
117.4,7.8393,-0.3171,-0.2419
117.5,7.8133,-0.4566,-0.2571
117.6,7.8168,-0.6435,-0.2781
117.7,7.6308,-0.7226,-0.378
117.8,7.5897,-0.7211,-0.3368
117.9,7.5137,-0.4966,-0.3434
118.0,7.5831,-0.5553,-0.2938
118.1,7.5362,-0.6769,-0.1979
118.2,7.5416,-0.7572,-0.2504
118.3,7.5627,-0.6867,-0.1576
118.4,7.4733,-0.6619,-0.1733
118.5,7.5253,-0.7755,-0.1643
118.6,7.4441,-0.6957,-0.2159
118.7,7.4247,-0.7166,-0.0751
118.8,7.2849,-0.7217,-0.0371
118.9,7.3658,-0.6677,-0.1219
119.0,7.2661,-0.7537,-0.1107
119.1,7.2047,-0.6248,-0.1046
119.2,7.2768,-0.5682,-0.0312
119.3,7.3392,-0.4887,-0.0185
119.4,7.3186,-0.4624,-0.0296
119.5,7.2175,-0.4436,0.0357
119.6,7.3116,-0.5754,0.0837
119.7,7.3881,-0.7207,0.0193
119.8,7.4949,-0.7291,0.168
119.9,7.5481,-0.8823,0.31
120.0,7.6449,-0.9055,0.3065
120.1,7.6594,-0.8562,0.2259
120.2,7.5866,-1.0462,0.2406
120.3,7.4868,-1.0747,0.2168
120.4,7.5336,-1.0538,0.3307
120.5,7.47,-0.9337,0.3291
120.6,7.5547,-1.0036,0.2644
120.7,7.441,-0.9607,0.2898
120.8,7.4609,-0.9822,0.1866
120.9,7.6282,-0.9736,0.2471
121.0,7.5602,-1.1648,0.2743
121.1,7.5142,-1.2157,0.221
121.2,7.5772,-1.3176,0.1564
121.3,7.6118,-1.2607,0.2191
121.4,7.554,-1.1746,0.3002
121.5,7.7468,-1.2225,0.1674
121.6,7.5741,-1.2287,0.0819
121.7,7.5735,-1.1906,0.1325
121.8,7.5515,-1.095,0.2027
121.9,7.4698,-1.0194,0.1852
122.0,7.2804,-0.9557,0.1644
122.1,7.3206,-0.8161,0.1547
122.2,7.2659,-0.7683,0.1959
122.3,7.3713,-0.8151,0.1899
122.4,7.3956,-0.681,0.1309
122.5,7.3619,-0.6317,0.3066
122.6,7.3757,-0.4413,0.2822
122.7,7.4353,-0.2428,0.2304
122.8,7.5106,-0.1239,0.3185
122.9,7.4791,-0.1275,0.2283
123.0,7.3442,-0.1678,0.2372
123.1,7.4005,-0.0757,0.2026
123.2,7.4433,0.0111,0.2124
123.3,7.3781,-0.0053,0.1992
123.4,7.5139,-0.0277,0.2185
123.5,7.648,-0.0229,0.105
123.6,7.6863,-0.0818,0.1583
123.7,7.8462,-0.2104,0.169
123.8,7.7902,-0.0989,0.1508
123.9,7.7675,-0.1227,0.1867
124.0,7.8616,-0.1422,0.1423
124.1,7.8474,-0.1586,0.1856
124.2,7.8961,-0.2226,0.0888
124.3,7.7733,-0.0111,0.02
124.4,7.8006,-0.2129,0.2002
124.5,7.7656,-0.4357,0.1885
124.6,7.7085,-0.3705,0.2667
124.7,7.5781,-0.2437,0.2098
124.8,7.5382,-0.1929,0.075
124.9,7.4374,-0.197,0.0943
125.0,7.4447,-0.2315,0.1845
125.1,7.4422,-0.2481,0.1774
125.2,7.5044,-0.2395,0.1955
125.3,7.5636,-0.3911,0.1775
125.4,7.5293,-0.537,0.1457
125.5,7.6744,-0.7473,0.1548
125.6,7.6443,-0.7574,0.1695
125.7,7.7228,-0.5079,0.1103
125.8,7.6383,-0.3353,0.0986
125.9,7.6445,-0.4409,0.0857
126.0,7.6498,-0.5282,0.0415
126.1,7.6002,-0.3786,0.0154
126.2,7.6596,-0.4819,-0.0677
126.3,7.6825,-0.5576,-0.0023
126.4,7.6978,-0.4321,0.045
126.5,7.7623,-0.451,-0.0653
126.6,7.7306,-0.4695,-0.0873
126.7,7.634,-0.4991,-0.1974
126.8,7.57,-0.4374,-0.3623
126.9,7.7036,-0.4744,-0.3518
127.0,7.7405,-0.5558,-0.4892
127.1,7.5808,-0.5259,-0.5591
127.2,7.7196,-0.6552,-0.6254
127.3,7.6774,-0.6596,-0.5356
127.4,7.6667,-0.6039,-0.6736
127.5,7.6962,-0.5302,-0.5873
127.6,7.8252,-0.8009,-0.5394
127.7,7.8717,-0.8273,-0.5579
127.8,7.9381,-0.8034,-0.512
127.9,7.8299,-0.7706,-0.537
128.0,7.9152,-0.6898,-0.4518
128.1,7.6451,-0.6241,-0.502
128.2,7.6163,-0.758,-0.5487
128.3,7.4765,-0.8592,-0.6588
128.4,7.5022,-0.9544,-0.6163
128.5,7.6024,-1.0306,-0.8354
128.6,7.5515,-0.9671,-0.9402
128.7,7.6263,-0.9132,-1.0064
128.8,7.4262,-0.9341,-0.8978
128.9,7.4141,-0.6861,-0.9679
129.0,7.5431,-0.6593,-0.8658
129.1,7.5972,-0.521,-0.8943
129.2,7.632,-0.4202,-0.9189
129.3,7.6392,-0.4261,-1.0107
129.4,7.5528,-0.4434,-1.0583
129.5,7.5621,-0.4014,-1.0623
129.6,7.5408,-0.3714,-1.0009
129.7,7.566,-0.5361,-0.9722
129.8,7.5031,-0.5971,-1.0016
129.9,7.5887,-0.4772,-0.9696
130.0,7.6534,-0.4753,-1.02
130.1,7.7474,-0.1816,-1.0445
130.2,7.7625,0.0659,-1.0869
130.3,7.6439,0.0438,-1.1585
130.4,7.5105,0.0633,-1.2311
130.5,7.628,-0.0069,-1.112
130.6,7.7657,-0.1987,-0.9832
130.7,7.7429,-0.0644,-1.073
130.8,7.7241,0.1164,-1.0367
130.9,7.7796,0.0277,-1.048
131.0,7.7359,0.1677,-1.0942
131.1,7.6864,0.2988,-1.1301
131.2,7.7536,0.3599,-1.148
131.3,7.6282,0.2962,-1.1708
131.4,7.6067,0.4166,-1.1637
131.5,7.6581,0.4011,-1.2043
131.6,7.6959,0.499,-1.2332
131.7,7.7321,0.3404,-1.0794
131.8,7.725,0.3453,-1.0957
131.9,7.732,0.4499,-1.1338
132.0,7.811,0.3874,-1.1325
132.1,7.9303,0.3656,-1.1398
132.2,7.85,0.3205,-1.1248
132.3,7.7071,0.3947,-1.1663
132.4,7.7068,0.2874,-1.1902
132.5,7.7139,0.2192,-1.2187
132.6,7.7256,0.2139,-1.1723
132.7,7.8206,0.1562,-1.1735
132.8,7.7207,0.1111,-1.121
132.9,7.753,0.2115,-1.12
133.0,7.7896,0.1492,-0.9942
133.1,7.746,0.1215,-0.9669
133.2,7.7107,0.0853,-1.0241
133.3,7.6091,-0.0821,-1.0028
133.4,7.745,0.0177,-0.9904
133.5,7.6898,0.1408,-0.9587
133.6,7.8562,0.2343,-0.9665
133.7,7.7275,0.3624,-0.9275
133.8,7.6738,0.3873,-0.798
133.9,7.9331,0.3956,-0.8121
134.0,7.8522,0.5277,-0.7071
134.1,7.8751,0.4366,-0.7011
134.2,7.9617,0.5211,-0.5694
134.3,7.97,0.4289,-0.6264
134.4,7.9078,0.4873,-0.6443
134.5,7.8752,0.5532,-0.5448
134.6,7.7128,0.5294,-0.5956
134.7,7.7317,0.4754,-0.5511
134.8,7.8433,0.6174,-0.6048
134.9,7.7897,0.5924,-0.5981
135.0,7.7347,0.5909,-0.6021
135.1,7.7791,0.5786,-0.6916
135.2,7.726,0.7197,-0.7634
135.3,7.6917,0.6136,-0.7277
135.4,7.6115,0.6861,-0.6974
135.5,7.6182,0.7942,-0.8149
135.6,7.6018,0.7337,-0.843
135.7,7.5616,0.8295,-0.805
135.8,7.5137,0.706,-0.7836
135.9,7.5007,0.8426,-0.7327
136.0,7.4446,0.8424,-0.7653
136.1,7.3803,1.002,-0.7886
136.2,7.4619,1.1686,-0.8638
136.3,7.3336,1.0856,-0.8952
136.4,7.3221,1.0243,-0.8522
136.5,7.4462,1.1028,-0.953
136.6,7.4493,1.0752,-0.9252
136.7,7.4694,1.2498,-0.9245
136.8,7.3941,1.1501,-0.882
136.9,7.4025,1.1187,-0.8296
137.0,7.4279,1.0526,-0.786
137.1,7.3704,1.2068,-0.766
137.2,7.3598,1.2109,-0.7717
137.3,7.4227,1.3204,-0.8105
137.4,7.4324,1.428,-0.7358
137.5,7.3813,1.5588,-0.7596
137.6,7.4486,1.502,-0.7668
137.7,7.3903,1.487,-0.7556
137.8,7.4182,1.6911,-0.7684
137.9,7.4215,1.7892,-0.794
138.0,7.4928,1.7153,-0.7757
138.1,7.602,1.5963,-0.7498
138.2,7.6907,1.6196,-0.7097
138.3,7.7773,1.6658,-0.6726
138.4,7.8584,1.7261,-0.7779
138.5,7.8003,1.8645,-0.7607
138.6,7.91,1.8328,-0.7033
138.7,7.8911,1.6653,-0.6387
138.8,7.9233,1.4193,-0.5882
138.9,7.9065,1.3984,-0.4942
139.0,8.0304,1.5088,-0.4555
139.1,8.0555,1.4059,-0.4107
139.2,8.05,1.2916,-0.4464
139.3,7.9078,1.2171,-0.4933
139.4,7.8586,1.2202,-0.5102
139.5,7.903,1.2347,-0.5156
139.6,7.7654,1.1266,-0.5265
139.7,7.5877,1.2642,-0.5524
139.8,7.6197,1.216,-0.5119
139.9,7.667,1.3083,-0.5697
140.0,7.5942,1.2079,-0.5696
140.1,7.5042,1.2831,-0.5189
140.2,7.5425,1.2616,-0.5186
140.3,7.4369,1.3691,-0.44
140.4,7.4081,1.1093,-0.5016
140.5,7.3889,1.2083,-0.4931
140.6,7.3549,1.4671,-0.4166
140.7,7.2732,1.3418,-0.3867
140.8,7.2362,1.2405,-0.3915
140.9,7.1583,1.1677,-0.4348
141.0,7.0735,1.1468,-0.3991
141.1,7.1627,1.2461,-0.5012
141.2,7.2704,1.2572,-0.363
141.3,7.2466,1.2276,-0.3569
141.4,7.2191,1.2565,-0.4242
141.5,7.2454,1.101,-0.4872
141.6,7.1774,1.0579,-0.4531
141.7,7.1261,1.1658,-0.3801
141.8,7.1582,1.1247,-0.3125
141.9,7.0325,1.1187,-0.3819
142.0,7.0486,1.1454,-0.4513
142.1,7.2731,0.9904,-0.4771
142.2,7.314,1.1048,-0.348
142.3,7.4314,1.0159,-0.249
142.4,7.4392,0.9639,-0.1946
142.5,7.3292,0.6611,-0.2429
142.6,7.4371,0.5572,-0.2463
142.7,7.3232,0.3962,-0.1463
142.8,7.3114,0.5591,-0.2171
142.9,7.4007,0.432,-0.0819
143.0,7.4626,0.3567,-0.1171
143.1,7.5159,0.3645,-0.1521
143.2,7.4074,0.3323,-0.2145
143.3,7.5046,0.4454,-0.16
143.4,7.4176,0.6676,-0.151
143.5,7.5215,0.7361,-0.153
143.6,7.5045,0.7791,-0.2461
143.7,7.5766,0.822,-0.1941
143.8,7.6244,0.736,-0.1233
143.9,7.6307,0.9422,-0.0506
144.0,7.4563,0.8978,-0.1108
144.1,7.3861,0.7598,-0.0532
144.2,7.456,0.7818,0.0128
144.3,7.4867,0.8286,-0.015
144.4,7.5075,0.7079,-0.1132
144.5,7.5757,0.741,0.0025
144.6,7.635,0.9648,0.1156
144.7,7.4712,0.9756,0.2427
144.8,7.6325,0.9036,0.168
144.9,7.6292,0.6731,0.0189
145.0,7.6656,0.4975,0.008
145.1,7.7495,0.5665,0.0662
145.2,7.832,0.5806,0.1068
145.3,7.746,0.6495,0.1323
145.4,7.7144,0.5825,0.2467
145.5,7.7606,0.5726,0.3948
145.6,7.6757,0.5968,0.4406
145.7,7.6128,0.6485,0.4679
145.8,7.445,0.7552,0.4115
145.9,7.339,0.8201,0.3291
146.0,7.4016,0.9741,0.3869
146.1,7.4157,0.8941,0.4174
146.2,7.3703,0.9157,0.3907
146.3,7.232,0.8898,0.4331
146.4,7.2475,0.8909,0.3275
146.5,7.3087,0.8842,0.2554
146.6,7.2683,0.8919,0.2732
146.7,7.3237,0.7495,0.305
146.8,7.3992,0.5271,0.2637
146.9,7.4197,0.5024,0.1955
147.0,7.4163,0.2967,0.1947
147.1,7.4624,0.3974,0.2373
147.2,7.3457,0.3188,0.2858
147.3,7.3979,0.2534,0.3338
147.4,7.3354,0.415,0.3301
147.5,7.3885,0.4124,0.2674
147.6,7.362,0.5408,0.1837
147.7,7.3136,0.4742,0.1641
147.8,7.2295,0.2738,0.1955
147.9,7.3321,0.3363,0.1259
148.0,7.1944,0.3218,0.1401
148.1,7.0817,0.3775,0.1495
148.2,7.0263,0.5322,0.091
148.3,7.1309,0.4049,0.1127
148.4,7.2688,0.2846,0.0829
148.5,7.2285,0.254,0.0859
148.6,7.2588,0.2958,0.1483
148.7,7.3145,0.1898,0.1004
148.8,7.4023,0.1735,0.1106
148.9,7.4269,0.0661,-0.0673
149.0,7.494,-0.0205,-0.0332
149.1,7.3435,0.0834,-0.0722
149.2,7.423,0.0833,-0.0045
149.3,7.3255,0.0903,0.1115
149.4,7.2643,0.1236,0.02
149.5,7.2648,0.058,-0.0148
149.6,7.2017,-0.0589,-0.1046
149.7,7.1935,-0.2513,-0.0722
149.8,7.0851,-0.1823,0.0191
149.9,7.1256,-0.2218,0.0108
150.0,7.1524,-0.2232,0.1382
150.1,7.277,-0.0734,0.015
150.2,7.1786,-0.0406,-0.0512
150.3,7.1505,-0.0041,-0.0845
150.4,7.0771,0.1933,0.0181
150.5,7.2088,0.0644,0.0599
150.6,7.2841,0.3549,-0.1109
150.7,7.2777,0.2684,-0.2205
150.8,7.1438,0.276,-0.2354
150.9,7.3086,0.1988,-0.3093
151.0,7.2541,0.226,-0.3704
151.1,7.2954,0.4147,-0.3915
151.2,7.2505,0.4663,-0.3384
151.3,7.2787,0.2715,-0.3881
151.4,7.254,0.1536,-0.2911
151.5,7.0689,0.126,-0.3952
151.6,7.1509,0.1789,-0.3178
151.7,7.0391,0.3699,-0.2896
151.8,7.129,0.4461,-0.2335
151.9,7.093,0.3783,-0.1693
152.0,7.1252,0.5065,-0.2173
152.1,7.1898,0.3024,-0.1444
152.2,7.148,0.2858,-0.0633
152.3,7.2045,0.2927,-0.028
152.4,7.0041,0.2945,-0.0758
152.5,6.973,0.3384,-0.0322
152.6,7.0968,0.2852,0.0497
152.7,7.0216,0.0466,0.0052
152.8,7.1022,0.1926,0.1427
152.9,7.0975,0.1865,0.1193
153.0,7.136,0.3559,0.1814
153.1,7.1568,0.4208,0.0773
153.2,7.174,0.3966,0.0751
153.3,7.1336,0.1795,0.0843
153.4,7.1734,0.1637,0.0913
153.5,7.0481,0.2041,0.0581
153.6,7.1635,0.244,0.0013
153.7,7.1351,0.1922,-0.0378
153.8,7.2323,0.242,-0.029
153.9,7.3241,0.1895,-0.0293
154.0,7.3337,0.3903,-0.0637
154.1,7.2932,0.2653,-0.1219
154.2,7.2189,0.5091,-0.1535
154.3,7.305,0.4871,-0.1284
154.4,7.1821,0.4804,-0.1177
154.5,7.1741,0.6424,-0.0126
154.6,7.1374,0.7217,-0.0755
154.7,7.0704,0.5463,-0.0972
154.8,7.0695,0.5719,-0.1799
154.9,7.1209,0.7316,-0.2306
155.0,7.1549,0.8426,-0.2273
155.1,7.2616,0.9024,-0.1338
155.2,7.2505,1.0653,-0.074
155.3,7.371,0.7965,0.0563
155.4,7.4582,0.7197,-0.1023
155.5,7.4895,0.6978,-0.1014
155.6,7.4361,0.6854,-0.1622
155.7,7.2494,0.4974,-0.2051
155.8,7.125,0.3747,-0.1816
155.9,7.1698,0.2351,-0.1925
156.0,7.1286,0.2996,-0.2796
156.1,7.1603,0.305,-0.2505
156.2,7.0368,0.2954,-0.3448
156.3,7.1108,0.1949,-0.2299
156.4,7.032,0.0905,-0.3133
156.5,7.1019,0.1752,-0.3075
156.6,7.1044,0.1001,-0.32
156.7,7.0625,0.1818,-0.2804
156.8,7.0991,0.2062,-0.167
156.9,7.1342,0.2737,-0.1289
157.0,7.0859,0.1418,-0.1484
157.1,7.0927,0.0649,-0.1351
157.2,7.2252,0.1002,-0.1385
157.3,7.3122,0.0571,-0.1955
157.4,7.1242,-0.0502,-0.303
157.5,7.1658,-0.1464,-0.3677
157.6,7.1306,0.0393,-0.4162
157.7,7.1807,0.0029,-0.2096
157.8,7.1059,-0.0657,-0.2944
157.9,7.4086,-0.1184,-0.3129
158.0,7.4443,-0.1488,-0.3366
158.1,7.4411,-0.1908,-0.4705
158.2,7.3957,-0.106,-0.496
158.3,7.46,-0.0768,-0.505
158.4,7.4641,-0.2113,-0.6085
158.5,7.6014,-0.1408,-0.4955
158.6,7.5838,0.1186,-0.528
158.7,7.3979,0.1786,-0.5739
158.8,7.4825,0.1615,-0.5799
158.9,7.5692,0.1669,-0.6718
159.0,7.6245,0.377,-0.6812
159.1,7.8048,0.3865,-0.7257
159.2,7.9738,0.1638,-0.718
159.3,7.9934,0.2589,-0.7883
159.4,7.941,0.2417,-0.6979
159.5,8.0957,0.0351,-0.7467
159.6,7.9355,0.0438,-0.6502
159.7,7.8571,0.3246,-0.6089
159.8,7.8013,0.2753,-0.5496
159.9,7.6992,0.3658,-0.6202
160.0,7.6852,0.3186,-0.6202
160.1,7.628,0.2956,-0.5738
160.2,7.7409,0.2916,-0.4859
160.3,7.838,0.3208,-0.5524
160.4,7.8842,0.2962,-0.532
160.5,7.9465,0.2462,-0.54
160.6,7.9018,0.3056,-0.5566
160.7,7.81,0.0951,-0.509
160.8,7.9101,0.0876,-0.6041
160.9,7.8708,0.0302,-0.6776
161.0,7.8907,0.1053,-0.765
161.1,7.7989,0.2296,-0.7771
161.2,7.787,0.1649,-0.7845
161.3,7.8793,-0.0079,-0.7692
161.4,7.9978,-0.1333,-0.8176
161.5,8.0903,0.0261,-0.8031
161.6,8.0327,0.0639,-0.6911
161.7,8.0122,-0.0514,-0.6049
161.8,8.0299,0.0259,-0.6412
161.9,7.9601,-0.09,-0.5908
162.0,8.0266,-0.0286,-0.5778
162.1,7.9529,-0.0513,-0.6087
162.2,7.986,-0.0294,-0.6065
162.3,8.0516,-0.2063,-0.6541
162.4,7.9854,-0.1686,-0.7227
162.5,7.9955,-0.0557,-0.6614
162.6,8.0488,-0.1451,-0.6507
162.7,7.9577,-0.2357,-0.6892
162.8,8.0459,-0.27,-0.7548
162.9,8.057,-0.1995,-0.7413
163.0,8.0129,-0.115,-0.6984
163.1,8.0127,-0.1146,-0.7979
163.2,8.0334,-0.0253,-0.7543
163.3,8.0088,-0.074,-0.7361
163.4,7.9618,-0.0701,-0.6786
163.5,7.8828,0.0313,-0.6621
163.6,7.7037,0.1334,-0.6183
163.7,7.6176,0.2309,-0.5435
163.8,7.5692,0.3507,-0.5995
163.9,7.5487,0.3119,-0.6231
164.0,7.5629,0.2935,-0.6908
164.1,7.6323,0.2452,-0.7379
164.2,7.5211,0.2038,-0.7898
164.3,7.5625,0.3166,-0.6089
164.4,7.5827,0.3803,-0.5951
164.5,7.6485,0.4656,-0.6449
164.6,7.5209,0.6659,-0.6194
164.7,7.5047,0.4786,-0.6011
164.8,7.6162,0.6169,-0.5301
164.9,7.4686,0.6366,-0.5816
165.0,7.4995,0.6792,-0.5476
165.1,7.4291,0.931,-0.5494
165.2,7.4265,0.9452,-0.4627
165.3,7.4119,0.9747,-0.5776
165.4,7.3883,0.9979,-0.6035
165.5,7.4435,1.0786,-0.6528
165.6,7.3897,0.7686,-0.6398
165.7,7.6661,0.7066,-0.7176
165.8,7.6454,0.6875,-0.6232
165.9,7.5559,0.3613,-0.6504
166.0,7.6148,0.4407,-0.5565
166.1,7.5834,0.4971,-0.5509
166.2,7.6929,0.3806,-0.5531
166.3,7.7496,0.4784,-0.4659
166.4,7.6967,0.6205,-0.6524
166.5,7.6085,0.5633,-0.6431
166.6,7.5517,0.5712,-0.5974
166.7,7.6379,0.487,-0.5609
166.8,7.6224,0.4231,-0.5856
166.9,7.634,0.3852,-0.4703
167.0,7.5712,0.2456,-0.4965
167.1,7.7528,0.4238,-0.4875
167.2,7.6609,0.4426,-0.4844
167.3,7.716,0.433,-0.4075
167.4,7.7552,0.6316,-0.3927
167.5,7.7165,0.7184,-0.3033
167.6,7.6917,0.877,-0.2271
167.7,7.6216,0.5964,-0.1596
167.8,7.5798,0.3743,-0.1273
167.9,7.659,0.43,-0.0238
168.0,7.8371,0.3633,0.0377
168.1,7.7835,0.3739,0.0164
168.2,7.8358,0.5266,0.0407
168.3,7.8428,0.4451,-0.0202
168.4,7.914,0.3959,0.0187
168.5,8.0734,0.3653,0.0006
168.6,8.1091,0.1836,0.0159
168.7,8.2819,0.3448,0.0481
168.8,8.3507,0.4163,-0.0076
168.9,8.2443,0.5021,-0.1768
169.0,8.2799,0.6942,-0.1537
169.1,8.2859,0.5757,-0.1196
169.2,8.3323,0.629,-0.1528
169.3,8.4387,0.54,-0.0581
169.4,8.638,0.6333,-0.1087
169.5,8.6371,0.7772,-0.1153
169.6,8.5399,0.8324,-0.1414
169.7,8.5308,0.8165,-0.1078
169.8,8.6106,0.5814,0.061
169.9,8.659,0.5546,-0.0477
170.0,8.6326,0.5284,-0.0382
170.1,8.7048,0.4111,-0.1516
170.2,8.6857,0.3167,-0.1161
170.3,8.6845,0.1738,-0.1088
170.4,8.7028,0.1245,-0.0653
170.5,8.7225,0.1253,-0.0623
170.6,8.6528,0.028,0.015
170.7,8.8778,-0.1152,0.0384
170.8,8.776,0.0549,0.0031
170.9,8.723,0.09,0.1189
171.0,8.6043,-0.0331,0.1046
171.1,8.6754,0.0498,0.1152
171.2,8.7148,0.1125,0.1497
171.3,8.8012,0.1319,0.1747
171.4,8.8195,0.1888,0.2576
171.5,8.7775,-0.0106,0.1435
171.6,8.7154,-0.0168,0.2039
171.7,8.7987,0.0164,0.1713
171.8,8.7491,0.1344,0.2273
171.9,8.7444,-0.0017,0.1881
172.0,8.9178,0.0058,0.1149
172.1,9.0441,-0.0192,0.1577
172.2,8.9905,0.0946,0.2285
172.3,8.8809,0.021,0.1475
172.4,8.8258,0.1496,0.0591
172.5,8.702,0.2013,0.0582
172.6,8.8762,-0.0276,0.09
172.7,8.8091,-0.0393,0.1379
172.8,8.8211,0.0172,0.148
172.9,8.7419,0.0395,0.1693
173.0,8.8254,0.2352,0.2589
173.1,8.7829,0.1312,0.3426
173.2,8.8814,-0.0878,0.287
173.3,8.8571,0.0744,0.3423
173.4,8.9274,-0.1107,0.4232
173.5,8.9824,-0.1705,0.4719
173.6,9.0651,-0.1517,0.4288
173.7,9.1201,-0.0092,0.439
173.8,8.9913,-0.0616,0.3772
173.9,8.8911,-0.3494,0.3835
174.0,8.862,-0.3408,0.3945
174.1,8.8629,-0.3353,0.4465
174.2,8.769,-0.3301,0.4405
174.3,8.6356,-0.2512,0.4161
174.4,8.691,-0.2597,0.4478
174.5,8.5322,-0.3636,0.5591
174.6,8.4964,-0.3534,0.5475
174.7,8.4385,-0.377,0.5216
174.8,8.426,-0.5186,0.4092
174.9,8.4077,-0.4968,0.4385
175.0,8.3988,-0.5489,0.3893
175.1,8.3502,-0.3867,0.3344
175.2,8.309,-0.3428,0.3107
175.3,8.2761,-0.5292,0.2818
175.4,8.2601,-0.5044,0.3348
175.5,8.1577,-0.4553,0.3578
175.6,8.2591,-0.4294,0.3792
175.7,8.2225,-0.3871,0.3435
175.8,8.1943,-0.463,0.3936
175.9,8.2268,-0.4298,0.3175
176.0,8.2294,-0.523,0.2988
176.1,8.2292,-0.6948,0.2208
176.2,8.2947,-0.4297,0.3522
176.3,8.1717,-0.3799,0.3957
176.4,8.1708,-0.4981,0.4281
176.5,8.1437,-0.536,0.3249
176.6,8.3411,-0.3023,0.3383
176.7,8.2036,-0.3484,0.1614
176.8,8.2307,-0.1586,0.182
176.9,8.2915,-0.0441,0.1569
177.0,8.2955,-0.0374,0.1178
177.1,8.2373,-0.1321,0.202
177.2,8.4238,-0.2367,0.2573
177.3,8.4221,-0.0239,0.376
177.4,8.5124,0.1741,0.4426
177.5,8.4966,0.3185,0.3243
177.6,8.5656,0.3318,0.3551
177.7,8.5544,0.428,0.3878
177.8,8.6668,0.6046,0.3723
177.9,8.6204,0.6452,0.344
178.0,8.5921,0.6211,0.3791
178.1,8.5367,0.5854,0.281
178.2,8.5473,0.694,0.3776
178.3,8.5907,0.7631,0.2493
178.4,8.6324,0.8984,0.2125
178.5,8.4992,0.9963,0.2892
178.6,8.477,1.1321,0.3331
178.7,8.454,1.1187,0.3655
178.8,8.5073,1.1286,0.3018
178.9,8.5863,1.2797,0.184
179.0,8.5488,1.3034,0.187
179.1,8.4875,1.257,0.2458
179.2,8.4399,1.1869,0.3159
179.3,8.3111,1.3493,0.2229
179.4,8.2132,1.26,0.202
179.5,8.1329,1.331,0.1821
179.6,8.0194,1.2648,0.2507
179.7,8.0085,1.2944,0.191
179.8,7.8746,1.2794,0.1311
179.9,7.9918,1.1657,0.1448
180.0,7.9558,1.0769,0.0481
180.1,8.1053,1.0189,0.0747
180.2,8.1177,1.1104,0.1269
180.3,8.1465,1.2774,0.1487
180.4,8.1155,1.1288,0.1235
180.5,8.1247,1.1954,0.094
180.6,8.2445,1.1967,0.2631
180.7,8.2152,1.2457,0.2439
180.8,8.1582,1.2033,0.2623
180.9,8.2243,1.0562,0.1721
181.0,8.3366,0.789,0.0756
181.1,8.1542,0.7479,0.2197
181.2,8.2627,0.7061,0.2589
181.3,8.3239,0.6451,0.3107
181.4,8.2958,0.6771,0.3083
181.5,8.2528,0.7569,0.3064
181.6,8.077,0.4962,0.2876
181.7,8.0898,0.4653,0.2343
181.8,8.1096,0.4887,0.2243
181.9,8.1371,0.7985,0.2966
182.0,8.1196,0.8129,0.2993
182.1,8.1437,0.6228,0.3042
182.2,8.1415,0.703,0.3458
182.3,8.0869,0.6874,0.2653
182.4,8.2359,0.7723,0.2206
182.5,8.3029,0.6712,0.209
182.6,8.385,0.6623,0.2546
182.7,8.3656,0.8065,0.3262
182.8,8.3115,0.724,0.2942
182.9,8.5371,0.6817,0.3593
183.0,8.6523,0.7964,0.3187
183.1,8.7918,0.634,0.2608
183.2,8.6756,0.4715,0.2054
183.3,8.7036,0.5097,0.241
183.4,8.6295,0.4896,0.1995
183.5,8.6495,0.6325,0.1644
183.6,8.4459,0.7443,0.1216
183.7,8.3741,0.5813,0.2016
183.8,8.4633,0.6012,0.289
183.9,8.4993,0.5269,0.2288
184.0,8.5416,0.5385,0.226
184.1,8.5862,0.4539,0.2575
184.2,8.5464,0.4752,0.3182
184.3,8.7004,0.5786,0.3857
184.4,8.6193,0.3707,0.374
184.5,8.4996,0.4332,0.3316
184.6,8.4785,0.5636,0.2721
184.7,8.5168,0.5246,0.3557
184.8,8.455,0.6384,0.3429
184.9,8.5374,0.4863,0.3564
185.0,8.5226,0.6256,0.2755
185.1,8.5017,0.6736,0.2826
185.2,8.4203,0.5862,0.2735
185.3,8.5392,0.504,0.253
185.4,8.4296,0.579,0.2276
185.5,8.3759,0.7669,0.2626
185.6,8.3705,0.8147,0.2469
185.7,8.31,0.695,0.1777
185.8,8.4125,0.5965,0.2093
185.9,8.4236,0.7178,0.1571
186.0,8.1828,0.6997,0.1133
186.1,8.2149,0.6109,-0.051
186.2,7.9903,0.57,-0.1747
186.3,7.8575,0.616,-0.2037
186.4,7.9268,0.5413,-0.2093
186.5,7.9017,0.5156,-0.1784
186.6,7.9249,0.583,-0.2053
186.7,7.7612,0.781,-0.1911
186.8,7.7048,0.7809,-0.2475
186.9,7.8039,0.7274,-0.212
187.0,7.9082,0.7379,-0.2893
187.1,8.0191,0.5535,-0.2046
187.2,8.0586,0.5632,-0.2171
187.3,8.2457,0.632,-0.1889
187.4,8.2787,0.4704,-0.2111
187.5,8.1908,0.3697,-0.2456
187.6,8.2332,0.2249,-0.2774
187.7,8.4219,0.1883,-0.273
187.8,8.4457,0.1017,-0.2686
187.9,8.5506,0.1434,-0.3086
188.0,8.5067,0.1325,-0.2877
188.1,8.6093,0.1256,-0.3356
188.2,8.5508,0.23,-0.4107
188.3,8.3597,0.2166,-0.4214
188.4,8.2618,0.3491,-0.3467
188.5,8.2396,0.2241,-0.391
188.6,8.2036,0.2628,-0.4617
188.7,8.1613,0.2087,-0.4645
188.8,8.218,0.2438,-0.4016
188.9,8.2681,0.0656,-0.2825
189.0,8.4273,-0.0562,-0.3107
189.1,8.2695,0.0772,-0.3648
189.2,8.3207,0.1724,-0.5704
189.3,8.5153,0.321,-0.5048
189.4,8.6091,0.3041,-0.4772
189.5,8.5776,0.2153,-0.4641
189.6,8.5812,0.2563,-0.4989
189.7,8.6514,0.105,-0.5486
189.8,8.6205,0.2812,-0.4843
189.9,8.4914,0.2554,-0.4178
190.0,8.3982,0.2819,-0.4292
190.1,8.4551,0.3687,-0.4315
190.2,8.3868,0.3626,-0.3402
190.3,8.4239,0.4864,-0.2286
190.4,8.2949,0.6192,-0.1821
190.5,8.2661,0.6174,-0.0315
190.6,8.3503,0.6306,0.0009
190.7,8.4383,0.9375,-0.0064
190.8,8.3871,0.8429,-0.072
190.9,8.5735,0.7964,-0.0683
191.0,8.5366,0.9113,-0.1925
191.1,8.4037,0.6993,-0.1084
191.2,8.2386,0.69,-0.1538
191.3,8.3746,0.8424,-0.1323
191.4,8.4199,0.8162,-0.178
191.5,8.4829,0.6301,-0.2818
191.6,8.5523,0.7945,-0.2154
191.7,8.3234,0.9957,-0.2036
191.8,8.3603,1.0285,-0.1576
191.9,8.3122,1.0219,-0.0061
192.0,8.2474,1.1047,-0.1816
192.1,8.1481,1.1242,-0.3143
192.2,8.0605,1.0169,-0.2902
192.3,8.0601,0.9179,-0.3127
192.4,8.002,0.8891,-0.2654
192.5,8.0671,0.825,-0.2692
192.6,7.9278,0.9482,-0.3419
192.7,8.0133,0.7739,-0.3036
192.8,8.2268,0.803,-0.424
192.9,8.1492,0.97,-0.487
193.0,8.2459,0.9282,-0.4434
193.1,8.3188,0.9641,-0.4811
193.2,8.3483,1.0336,-0.4426
193.3,8.3865,0.9147,-0.4804
193.4,8.4022,0.8211,-0.4772
193.5,8.4477,0.7954,-0.3854
193.6,8.5656,0.8406,-0.4575
193.7,8.5201,0.8868,-0.4715
193.8,8.4921,0.7695,-0.4945
193.9,8.4271,0.6763,-0.5937
194.0,8.3143,0.6175,-0.5786
194.1,8.3642,0.6148,-0.4988
194.2,8.3175,0.4919,-0.4537
194.3,8.3071,0.6391,-0.5819
194.4,8.3446,0.6213,-0.6388
194.5,8.5131,0.5326,-0.6205
194.6,8.5331,0.5108,-0.6474
194.7,8.455,0.6266,-0.6089
194.8,8.5023,0.5128,-0.5279
194.9,8.5952,0.6643,-0.4546
195.0,8.4433,0.698,-0.4872
195.1,8.4383,0.6331,-0.4855
195.2,8.589,0.7238,-0.4246
195.3,8.5497,0.7558,-0.4713
195.4,8.4946,0.669,-0.5027
195.5,8.5959,0.617,-0.3279
195.6,8.6264,0.6634,-0.3712
195.7,8.609,0.7335,-0.3095
195.8,8.6706,0.6236,-0.3822
195.9,8.4218,0.5046,-0.5113
196.0,8.2844,0.5337,-0.4531
196.1,8.2361,0.6943,-0.4519
196.2,8.2321,0.7329,-0.3676
196.3,8.2959,0.889,-0.3809
196.4,8.2938,0.7393,-0.304
196.5,8.3628,0.7204,-0.2983
196.6,8.4239,0.5654,-0.4223
196.7,8.4232,0.6791,-0.3761
196.8,8.4493,0.9052,-0.5276
196.9,8.2421,1.034,-0.5457
197.0,8.1909,0.9812,-0.5783
197.1,8.2191,1.1241,-0.4907
197.2,8.2221,1.0472,-0.4994
197.3,8.0637,1.0648,-0.4999
197.4,8.0763,1.0296,-0.593
197.5,7.985,1.1055,-0.6087
197.6,8.1209,1.3142,-0.5248
197.7,8.0586,1.157,-0.5218
197.8,8.0653,1.2902,-0.5214
197.9,7.9694,1.362,-0.5457
198.0,7.9596,1.3911,-0.3979
198.1,7.972,1.2904,-0.409
198.2,7.9122,1.2008,-0.3427
198.3,8.0201,1.3354,-0.4199
198.4,8.1282,1.4461,-0.3525
198.5,8.2184,1.5366,-0.2513
198.6,8.0667,1.74,-0.1781
198.7,8.1207,1.7254,-0.1812
198.8,8.0898,1.7908,-0.2713
198.9,8.0088,1.6944,-0.2732
199.0,8.0663,1.6461,-0.3024
199.1,7.958,1.7227,-0.3049
199.2,8.0865,1.6872,-0.312
199.3,8.1739,1.6847,-0.2544
199.4,8.0751,1.4363,-0.2926
199.5,8.1414,1.449,-0.2853
199.6,8.1562,1.4578,-0.1409
199.7,8.0746,1.3577,-0.0539
199.8,8.2878,1.2809,-0.0444
199.9,8.3873,1.3437,-0.1199
200.0,8.4113,1.4419,-0.1922
200.1,8.3532,1.2408,-0.2111
200.2,8.2621,1.189,-0.3035
200.3,8.1506,1.2699,-0.2683
200.4,8.2546,1.1864,-0.2153
200.5,8.1988,1.2098,-0.2394
200.6,8.1285,1.2802,-0.2026
200.7,8.0478,1.0097,-0.242
200.8,8.0813,1.0103,-0.2444
200.9,8.1362,0.9761,-0.2626
201.0,8.0015,0.7755,-0.1968
201.1,8.0493,0.8506,-0.0982
201.2,8.0447,0.8672,0.0089
201.3,7.9124,0.9288,-0.0203
201.4,7.8204,0.9154,-0.1462
201.5,7.8896,0.8808,-0.2288
201.6,7.8425,1.0488,-0.2556
201.7,7.8315,1.0859,-0.243
201.8,7.7439,1.1013,-0.2878
201.9,7.874,0.9935,-0.3592
202.0,7.9297,0.9044,-0.3631
202.1,8.0494,0.7874,-0.3303
202.2,7.9375,0.5928,-0.4027
202.3,7.9625,0.452,-0.4309
202.4,8.0364,0.3742,-0.3985
202.5,8.0143,0.484,-0.4229
202.6,7.9775,0.5172,-0.3567
202.7,7.8334,0.2915,-0.3848
202.8,7.8433,0.153,-0.2636
202.9,7.9149,0.0703,-0.23
203.0,7.9264,0.2303,-0.3064
203.1,8.0104,0.1019,-0.2728
203.2,7.9221,-0.068,-0.228
203.3,8.0209,-0.1757,-0.1224
203.4,7.9336,-0.1687,-0.2159
203.5,8.0384,-0.1788,-0.1774
203.6,8.1765,-0.205,-0.1542
203.7,8.1837,-0.0751,-0.128
203.8,8.3578,-0.2489,-0.0726
203.9,8.4347,-0.2883,-0.0683
204.0,8.4705,-0.2974,-0.0376
204.1,8.6831,-0.1754,-0.0535
204.2,8.6561,-0.1644,-0.0871
204.3,8.7309,-0.169,-0.0795
204.4,8.6356,-0.3167,-0.0567
204.5,8.6108,-0.2688,0.0236
204.6,8.5476,-0.3103,0.0482
204.7,8.6527,-0.272,-0.0184
204.8,8.6908,-0.3009,-0.0247
204.9,8.6771,-0.1082,-0.0381
205.0,8.632,-0.0605,-0.0151
205.1,8.6192,-0.0396,0.0103
205.2,8.5646,-0.0971,-0.0181
205.3,8.6404,-0.0235,0.0069
205.4,8.5599,-0.094,0.0401
205.5,8.4984,-0.2165,0.1256
205.6,8.5559,-0.0139,0.0961
205.7,8.5922,-0.0831,0.101
205.8,8.4615,0.071,0.1721
205.9,8.607,0.1267,0.2534
206.0,8.5989,0.1772,0.2812
206.1,8.621,0.3514,0.1677
206.2,8.7308,0.4635,0.1967
206.3,8.8326,0.4722,0.1997
206.4,8.8015,0.4504,0.1519
206.5,8.9196,0.6901,0.0756
206.6,8.9236,0.7793,0.0637
206.7,8.8681,0.842,0.0894
206.8,8.8877,0.9586,0.1182
206.9,9.0197,0.8319,0.1519
207.0,9.012,0.7982,0.0689
207.1,8.9227,0.7393,0.099
207.2,8.9749,0.9619,0.0229
207.3,8.9224,1.1522,0.1076
207.4,9.0943,1.0748,0.1796
207.5,9.199,1.135,0.1898
207.6,9.0614,1.2172,0.2356
207.7,9.11,1.2827,0.2475
207.8,9.176,1.1278,0.309
207.9,9.0502,1.0429,0.3788
208.0,8.7654,0.987,0.4508
208.1,8.8948,1.088,0.4794
208.2,8.9559,1.0616,0.5011
208.3,9.1507,1.108,0.5088
208.4,9.1031,0.9651,0.5162
208.5,9.1526,0.9065,0.5923
208.6,9.005,0.8965,0.6251
208.7,8.9185,0.7755,0.631
208.8,9.0039,0.7867,0.6265
208.9,9.0319,0.8464,0.546
209.0,8.9623,0.7268,0.4647
209.1,8.7075,0.9527,0.433
209.2,8.8428,0.9397,0.546
209.3,8.8639,0.9646,0.5217
209.4,8.9792,0.8666,0.5603
209.5,9.1452,0.9379,0.5471
209.6,9.1094,0.8991,0.4558
209.7,9.1743,0.7336,0.2856
209.8,9.0766,0.7962,0.2832
209.9,9.1595,0.7141,0.1554
210.0,9.2142,0.8745,0.1392
210.1,9.282,0.8481,0.3066
210.2,9.2636,0.8434,0.2544
210.3,9.1786,0.9251,0.4468
210.4,9.1182,0.9609,0.5691
210.5,9.06,0.6371,0.6788
210.6,9.0517,0.6768,0.6475
210.7,9.0678,0.8903,0.5943
210.8,9.0341,0.6983,0.6242
210.9,9.0807,0.4732,0.5783
211.0,9.1295,0.4103,0.6136
211.1,9.1693,0.3974,0.5723
211.2,9.1924,0.2369,0.5484
211.3,9.2638,0.056,0.3661
211.4,9.1914,0.2634,0.4301
211.5,9.2116,0.3677,0.4316
211.6,9.0127,0.2676,0.3449
211.7,8.9966,0.0852,0.4305
211.8,9.0254,0.0254,0.4237
211.9,8.9594,-0.1117,0.2934
212.0,9.0499,-0.1584,0.2548
212.1,8.9457,-0.0196,0.2341
212.2,9.069,0.0564,0.1695
212.3,9.1923,-0.1164,0.1252
212.4,9.3874,-0.0531,0.0492
212.5,9.3933,0.1774,0.0997
212.6,9.2336,0.1605,0.1068
212.7,9.1396,0.2746,0.0092
212.8,8.96,0.2096,0.1053
212.9,8.9172,0.1376,0.0619
213.0,8.7655,0.1436,-0.0155
213.1,8.636,0.2044,-0.0099
213.2,8.7599,0.2591,0.0414
213.3,8.8948,0.1978,-0.0113
213.4,8.8897,0.2415,0.1103
213.5,8.8351,0.1912,0.0722
213.6,8.8036,-0.0202,0.039
213.7,8.8476,-0.0992,0.0226
213.8,8.6619,0.0006,0.0034
213.9,8.6383,-0.0333,0.0652
214.0,8.5028,-0.1947,0.0467
214.1,8.5426,-0.2897,-0.0764
214.2,8.4661,-0.1674,-0.05
214.3,8.4054,-0.1614,-0.198
214.4,8.4985,-0.0377,-0.1682
214.5,8.5885,-0.0222,-0.2141
214.6,8.3756,-0.0366,-0.3132
214.7,8.4692,-0.086,-0.4595
214.8,8.5509,-0.0739,-0.4095
214.9,8.4845,-0.0475,-0.5025
215.0,8.4298,-0.0025,-0.5569
215.1,8.3639,-0.0944,-0.4106
215.2,8.3874,-0.0517,-0.3401
215.3,8.4207,0.0001,-0.3328
215.4,8.4221,-0.2637,-0.4087
215.5,8.5682,-0.2052,-0.3477
215.6,8.7077,-0.2717,-0.2905
215.7,8.7084,-0.0602,-0.2876
215.8,8.7318,0.0643,-0.3591
215.9,8.5931,0.1101,-0.2922
216.0,8.6516,0.0589,-0.2133
216.1,8.5787,0.0497,-0.212
216.2,8.5604,-0.0031,-0.2116
216.3,8.6294,0.0137,-0.2513
216.4,8.6384,-0.1786,-0.2744
216.5,8.513,-0.1944,-0.304
216.6,8.3242,-0.0829,-0.3252
216.7,8.439,0.0565,-0.2674
216.8,8.4205,0.0635,-0.2284
216.9,8.4823,0.051,-0.2263
217.0,8.4512,-0.0785,-0.2421
217.1,8.3219,-0.0956,-0.1568
217.2,8.3573,-0.2403,-0.2991
217.3,8.3778,-0.3255,-0.197
217.4,8.4671,-0.3245,-0.1699
217.5,8.2705,-0.322,-0.1061
217.6,8.3059,-0.3971,-0.0952
217.7,8.3689,-0.368,-0.0581
217.8,8.4068,-0.3026,-0.0208
217.9,8.3989,-0.2079,0.0526
218.0,8.1557,-0.108,0.0414
218.1,8.0893,-0.2765,0.0508
218.2,8.0745,-0.3081,0.0844
218.3,7.9845,-0.352,0.0944
218.4,8.1046,-0.459,0.0875
218.5,8.2611,-0.3566,0.2046
218.6,8.1739,-0.2483,0.1966
218.7,8.1791,-0.2738,0.0766
218.8,7.9193,-0.203,0.0601
218.9,8.0944,-0.3601,0.0547
219.0,8.1845,-0.2985,-0.0684
219.1,8.2226,-0.2957,0.0493
219.2,8.1506,-0.1349,0.0549
219.3,8.1927,-0.1766,-0.0157
219.4,8.1787,-0.2582,0.0106
219.5,8.1137,-0.2864,-0.0365
219.6,8.1072,-0.3229,-0.06
219.7,8.1291,-0.3647,-0.0963
219.8,8.1934,-0.1539,-0.0797
219.9,8.0618,-0.2035,-0.0441
220.0,8.1104,-0.1587,-0.0976
220.1,8.1528,-0.1399,-0.157
220.2,8.0733,-0.2255,-0.1951
220.3,8.0526,-0.2431,-0.238
220.4,8.0345,-0.0512,-0.1813
220.5,8.1201,0.0472,-0.139
220.6,8.1931,0.1149,-0.105
220.7,8.318,0.1303,-0.0511
220.8,8.3307,0.0986,0.0317
220.9,8.3514,0.0302,0.1345
221.0,8.3812,0.0325,0.1607
221.1,8.2005,0.0679,0.1538
221.2,8.2105,0.0157,0.226
221.3,8.2076,-0.2494,0.2536
221.4,8.3474,-0.2838,0.2787
221.5,8.2924,-0.0495,0.1985
221.6,8.3165,-0.2321,0.1717
221.7,8.2258,-0.0888,0.1575
221.8,8.3361,-0.0329,0.1736
221.9,8.2884,0.1562,0.199
222.0,8.3088,0.1844,0.1433
222.1,8.2115,0.219,0.0336
222.2,8.1011,0.1382,0.0193
222.3,7.9871,0.2427,-0.1174
222.4,7.9947,0.3404,-0.1475
222.5,7.9826,0.3535,0.0344
222.6,8.07,0.1907,0.0909
222.7,7.9651,0.1694,-0.0095
222.8,7.9515,0.2314,-0.0121
222.9,8.0909,0.2254,-0.0856
223.0,7.9581,0.1106,-0.1595
223.1,7.8395,-0.02,-0.2162
223.2,7.8515,-0.1654,-0.2976
223.3,7.9017,-0.2429,-0.3384
223.4,8.0096,-0.346,-0.3929
223.5,7.9868,-0.3216,-0.3282
223.6,7.9908,-0.2579,-0.3202
223.7,7.9619,-0.2538,-0.3477
223.8,7.911,-0.3414,-0.4151
223.9,7.8462,-0.308,-0.388
224.0,8.0016,-0.1921,-0.3717
224.1,7.9513,-0.2402,-0.4793
224.2,7.9228,-0.4062,-0.4498
224.3,7.8275,-0.4402,-0.3514
224.4,7.8674,-0.3114,-0.3028
224.5,7.7532,-0.4574,-0.3451
224.6,7.7773,-0.3497,-0.37
224.7,7.7531,-0.349,-0.2046
224.8,7.6824,-0.4656,-0.1729
224.9,7.6461,-0.5514,-0.1721
225.0,7.7487,-0.3829,-0.2082
225.1,7.7215,-0.2194,-0.3086
225.2,7.73,-0.1557,-0.2785
225.3,7.7071,0.041,-0.2856
225.4,7.7705,0.0616,-0.1862
225.5,8.0206,0.2025,-0.0083
225.6,8.0683,0.1884,-0.0392
225.7,8.0232,0.217,-0.033
225.8,8.033,0.2083,-0.1699
225.9,8.1349,0.1609,-0.1248
226.0,8.0545,0.1624,-0.2545
226.1,8.0559,-0.0165,-0.2351
226.2,8.139,-0.0588,-0.2869
226.3,7.9728,-0.0401,-0.2219
226.4,7.9126,0.1049,-0.2807
226.5,7.9986,0.2576,-0.2365
226.6,8.1305,0.1615,-0.2653
226.7,8.15,0.1512,-0.3203
226.8,8.2688,0.0347,-0.3383
226.9,8.2574,0.0965,-0.3614
227.0,8.1576,0.1496,-0.3746
227.1,8.1853,0.2865,-0.33
227.2,8.0928,0.207,-0.3767
227.3,8.0207,0.4531,-0.3874
227.4,7.9753,0.3833,-0.2858
227.5,7.9772,0.5348,-0.229
227.6,7.9489,0.3454,-0.1616
227.7,7.9689,0.3538,-0.2093
227.8,8.021,0.4788,-0.3143
227.9,8.0238,0.4337,-0.3304
228.0,7.8914,0.6792,-0.4177
228.1,7.8468,0.4924,-0.4359
228.2,7.7645,0.5469,-0.4276
228.3,7.6486,0.5483,-0.4765
228.4,7.8265,0.3799,-0.4742
228.5,7.7923,0.3424,-0.2814
228.6,7.822,0.3695,-0.2987
228.7,7.8318,0.2903,-0.3258
228.8,8.0972,0.267,-0.3581
228.9,8.051,0.4847,-0.3664
229.0,7.9261,0.3717,-0.529
229.1,7.9936,0.316,-0.4712
229.2,8.1099,0.2373,-0.5245
229.3,8.1665,0.1185,-0.4506
229.4,8.2271,0.2623,-0.4444
229.5,8.2499,0.3177,-0.455
229.6,8.2043,0.3786,-0.3965
229.7,8.1627,0.2075,-0.4366
229.8,8.1579,0.3075,-0.5905
229.9,8.0864,0.4545,-0.6818
230.0,8.0907,0.3979,-0.647
230.1,8.1467,0.4706,-0.5528
230.2,8.1757,0.5824,-0.6275
230.3,8.2912,0.5205,-0.6238
230.4,8.2902,0.6731,-0.6353
230.5,8.3204,0.7298,-0.5035
230.6,8.3536,0.7154,-0.4801
230.7,8.2721,0.5481,-0.6055
230.8,8.25,0.3977,-0.6193
230.9,8.2561,0.6018,-0.6275
231.0,8.242,0.7324,-0.6675
231.1,8.1217,0.7666,-0.7324
231.2,8.0873,0.7983,-0.7407
231.3,8.062,0.6854,-0.7341
231.4,8.1625,0.6945,-0.6632
231.5,8.1232,0.6641,-0.5972
231.6,8.164,0.5884,-0.5617
231.7,8.2851,0.7088,-0.4286
231.8,8.2475,0.8401,-0.436
231.9,8.2414,0.7001,-0.4
232.0,8.2289,0.8277,-0.4725
232.1,8.1909,0.821,-0.4837
232.2,8.2497,0.692,-0.5999
232.3,8.0793,0.5609,-0.6322
232.4,8.306,0.3224,-0.5474
232.5,8.3119,0.2169,-0.5799
232.6,8.4493,0.1331,-0.5712
232.7,8.5957,0.3341,-0.5188
232.8,8.5502,0.1419,-0.7126
232.9,8.5888,0.0377,-0.6003
233.0,8.6555,0.231,-0.6646
233.1,8.5189,0.2805,-0.6304
233.2,8.619,0.2477,-0.5229
233.3,8.5768,0.0914,-0.6408
233.4,8.5433,-0.1341,-0.5847
233.5,8.6158,-0.0996,-0.6728
233.6,8.4824,-0.1017,-0.6522
233.7,8.5569,-0.1803,-0.6744
233.8,8.5326,-0.2358,-0.7485
233.9,8.4874,-0.2449,-0.8317
234.0,8.5549,-0.3035,-0.8553
234.1,8.4518,-0.3072,-0.841
234.2,8.5282,-0.3586,-0.8929
234.3,8.6629,-0.3978,-0.9981
234.4,8.6213,-0.3705,-0.9118
234.5,8.6475,-0.5138,-0.7825
234.6,8.5551,-0.4804,-0.6498
234.7,8.4595,-0.6411,-0.6713
234.8,8.555,-0.7643,-0.7217
234.9,8.5725,-0.9052,-0.7282
235.0,8.5946,-0.8818,-0.6808
235.1,8.5632,-0.7451,-0.5914
235.2,8.6503,-0.7293,-0.6251
235.3,8.5732,-0.8144,-0.6143
235.4,8.5767,-0.9012,-0.6549
235.5,8.5625,-0.8663,-0.6417
235.6,8.5752,-1.1115,-0.7792
235.7,8.7803,-0.9425,-0.8387
235.8,8.791,-1.023,-0.6967
235.9,8.6658,-1.0096,-0.6831
236.0,8.6106,-0.9166,-0.7845
236.1,8.3926,-1.0187,-0.7117
236.2,8.5551,-0.9919,-0.7038
236.3,8.6566,-1.014,-0.6536
236.4,8.6812,-1.1563,-0.6178
236.5,8.5963,-1.07,-0.5689
236.6,8.6153,-1.2601,-0.5296
236.7,8.6053,-1.3083,-0.4528
236.8,8.66,-1.0527,-0.586
236.9,8.8134,-1.1447,-0.5994
237.0,8.8971,-1.1647,-0.4706
237.1,8.9274,-1.1741,-0.5407
237.2,8.8279,-1.3334,-0.5445
237.3,8.8755,-1.4587,-0.4278
237.4,8.9478,-1.5217,-0.3611
237.5,8.909,-1.5635,-0.2864
237.6,8.9772,-1.394,-0.3309
237.7,9.0503,-1.3817,-0.3909
237.8,9.0687,-1.457,-0.4687
237.9,9.0789,-1.4918,-0.5253
238.0,9.1612,-1.5626,-0.4553
238.1,9.2764,-1.7288,-0.3849
238.2,9.4233,-1.8022,-0.4615
238.3,9.3374,-1.6285,-0.485
238.4,9.3576,-1.7454,-0.3884
238.5,9.3486,-1.7831,-0.2847
238.6,9.2827,-1.9984,-0.2771
238.7,9.2273,-1.943,-0.3292
238.8,9.1893,-1.8161,-0.3094
238.9,9.1657,-1.9892,-0.3701
239.0,9.1453,-1.9695,-0.4223
239.1,9.0883,-1.9939,-0.4278
239.2,9.0778,-1.9113,-0.2549
239.3,8.9885,-1.8035,-0.1681
239.4,8.8088,-1.9644,-0.1792
239.5,8.7638,-2.0139,-0.1475
239.6,8.664,-1.872,-0.1248
239.7,8.5773,-1.699,-0.1005
239.8,8.6339,-1.6248,-0.1042
239.9,8.6778,-1.4554,-0.2053
240.0,8.6177,-1.4942,-0.2729
240.1,8.4286,-1.6502,-0.3344
240.2,8.3696,-1.6124,-0.3835
240.3,8.2196,-1.5093,-0.4028
240.4,8.1404,-1.581,-0.3812
240.5,8.3409,-1.5715,-0.2996
240.6,8.4095,-1.5211,-0.2311
240.7,8.4182,-1.3523,-0.2376
240.8,8.4959,-1.2472,-0.2077
240.9,8.5307,-1.0265,-0.3252
241.0,8.622,-1.0041,-0.3131
241.1,8.5806,-0.8829,-0.2749
241.2,8.4562,-0.9327,-0.2782
241.3,8.3989,-0.8986,-0.2574
241.4,8.3151,-1.0243,-0.3214
241.5,8.2466,-0.8621,-0.2576
241.6,8.3417,-0.5168,-0.3137
241.7,8.3735,-0.766,-0.2824
241.8,8.3886,-0.736,-0.3226
241.9,8.4305,-0.8283,-0.2103
242.0,8.359,-0.8127,-0.0958
242.1,8.5095,-0.778,-0.0729
242.2,8.5697,-0.5074,-0.1427
242.3,8.5018,-0.4196,0.0054
242.4,8.5817,-0.3833,0.0649
242.5,8.5435,-0.4082,-0.0009
242.6,8.572,-0.54,0.0275
242.7,8.6247,-0.4202,-0.0991
242.8,8.5148,-0.4075,-0.0001
242.9,8.5666,-0.221,-0.014
243.0,8.4402,-0.2445,0.0335
243.1,8.312,-0.1613,0.043
243.2,8.4401,-0.0762,0.0076
243.3,8.5065,0.0582,0.1345
243.4,8.4522,0.0867,0.0943
243.5,8.5371,-0.019,0.1803
243.6,8.6114,-0.0766,0.1137
243.7,8.6613,-0.1961,0.1822
243.8,8.4301,-0.2942,0.3007
243.9,8.4772,-0.5224,0.2408
244.0,8.4687,-0.4927,0.1039
244.1,8.4628,-0.6925,0.078
244.2,8.5819,-0.8196,0.1051
244.3,8.5507,-0.6667,0.1424
244.4,8.3797,-0.6098,0.2054
244.5,8.3561,-0.7367,0.2289
244.6,8.2595,-0.7611,0.2472
244.7,8.2641,-0.6819,0.3009
244.8,8.3761,-0.6925,0.2417
244.9,8.3972,-0.6866,0.2536
245.0,8.299,-0.7642,0.2019
245.1,8.2785,-0.7093,0.1499
245.2,8.3216,-0.7783,0.0712
245.3,8.1972,-0.6563,0.1315
245.4,8.1338,-0.749,0.086
245.5,8.1842,-0.8297,0.1283
245.6,8.2114,-0.7406,0.1269
245.7,8.2714,-0.7378,0.1419
245.8,8.2509,-0.7513,0.0292
245.9,8.0965,-0.801,-0.0202
246.0,7.9932,-0.9018,-0.0117
246.1,7.9464,-0.9465,-0.0387
246.2,7.9953,-0.6357,-0.12
246.3,8.0432,-0.6111,-0.0943
246.4,7.9911,-0.6074,-0.108
246.5,8.0718,-0.7905,-0.2523
246.6,7.8136,-0.6649,-0.1713
246.7,7.7742,-0.6304,-0.1327
246.8,7.758,-0.6034,-0.1063
246.9,7.6297,-0.4892,-0.0417
247.0,7.5382,-0.437,-0.1285
247.1,7.4769,-0.1461,-0.1618
247.2,7.4758,-0.0458,-0.2268
247.3,7.574,-0.0901,-0.1495
247.4,7.6643,0.0463,-0.1662
247.5,7.5951,-0.0083,-0.1926
247.6,7.5132,0.0172,-0.1671
247.7,7.3707,0.0747,-0.1634
247.8,7.2942,0.1963,-0.0135
247.9,7.3875,0.0398,0.137
248.0,7.5405,0.0649,0.022
248.1,7.5561,0.0309,0.0113
248.2,7.6216,0.1305,-0.0047
248.3,7.6615,0.1181,0.1037
248.4,7.7738,0.1169,0.136
248.5,7.7228,-0.0756,0.1692
248.6,7.8008,-0.1438,0.1801
248.7,7.8309,-0.0387,0.144
248.8,7.8423,0.1127,0.1631
248.9,7.8396,0.2126,0.2281
249.0,7.7899,0.19,0.1845
249.1,7.6441,0.099,0.2489
249.2,7.767,0.0227,0.2508
249.3,7.8845,-0.042,0.1495
249.4,7.911,-0.0823,0.2119
249.5,7.8551,-0.2084,0.0518
249.6,7.8309,-0.267,-0.0231
249.7,7.7427,-0.3835,0.059
249.8,7.6758,-0.349,0.0705
249.9,7.6434,-0.3524,0.0963
250.0,7.7046,-0.3295,0.0788
250.1,7.7288,-0.4779,0.0173
250.2,7.6493,-0.2402,0.0002
250.3,7.5268,-0.1665,-0.0501
250.4,7.5548,-0.3498,0.0192
250.5,7.52,-0.4584,0.0295
250.6,7.5213,-0.348,-0.0473
250.7,7.5694,-0.1419,-0.0538
250.8,7.3711,-0.0647,0.0058
250.9,7.4269,-0.1023,-0.0058
251.0,7.544,0.0059,-0.0968
251.1,7.4636,-0.0212,-0.106
251.2,7.5246,0.1697,-0.0518
251.3,7.4527,0.2183,-0.1133
251.4,7.5098,0.355,-0.2248
251.5,7.5438,0.3457,-0.2278
251.6,7.6381,0.3622,-0.2526
251.7,7.6242,0.332,-0.1887
251.8,7.7402,0.2759,-0.1525
251.9,7.6004,0.2068,-0.3085
252.0,7.4877,0.2144,-0.3805
252.1,7.3277,0.072,-0.4508
252.2,7.2634,0.1776,-0.3113
252.3,7.2228,0.1086,-0.3203
252.4,7.2009,0.179,-0.2147
252.5,7.2744,0.0849,-0.2051
252.6,7.1413,0.157,-0.138
252.7,7.2837,0.2653,-0.1486
252.8,7.2329,0.3385,-0.1698
252.9,7.1312,0.4189,-0.1729
253.0,7.1041,0.4111,-0.2071
253.1,6.9896,0.3314,-0.3241
253.2,7.0056,0.3318,-0.2788
253.3,6.8472,0.4362,-0.3379
253.4,6.8448,0.4829,-0.3698
253.5,6.8591,0.3437,-0.327
253.6,6.7612,0.3195,-0.3704
253.7,6.705,0.1831,-0.3212
253.8,6.7087,0.2715,-0.2144
253.9,6.767,0.2831,-0.1974
254.0,6.84,0.1096,-0.095
254.1,6.77,0.2372,-0.0246
254.2,6.7862,0.0957,-0.0238
254.3,6.6888,0.0736,-0.0775
254.4,6.6543,0.0712,-0.028
254.5,6.6342,-0.0013,-0.0842
254.6,6.7967,-0.1386,-0.1045
254.7,6.8776,-0.1254,-0.0812
254.8,6.9715,-0.1276,-0.0557
254.9,6.9228,-0.0399,-0.0578
255.0,6.8712,-0.123,-0.0472
255.1,7.0117,0.0566,0.0323
255.2,6.9894,0.1483,-0.0275
255.3,6.9556,0.2479,-0.0732
255.4,7.0008,0.4651,-0.0424
255.5,7.0443,0.601,-0.1609
255.6,6.9651,0.5406,-0.1497
255.7,7.1443,0.8153,-0.0801
255.8,7.0414,0.6559,0.0448
255.9,7.1195,0.5273,0.0304
256.0,7.2111,0.5504,0.0501
256.1,7.3274,0.4453,0.1051
256.2,7.3788,0.2991,0.2032
256.3,7.3856,0.485,0.0639
256.4,7.3922,0.5757,0.1958
256.5,7.4413,0.501,0.2072
256.6,7.2267,0.6415,0.1071
256.7,7.2085,0.7252,0.1636
256.8,7.1202,0.7303,0.0898
256.9,7.114,0.6221,0.0843
257.0,6.9683,0.7062,0.0664
257.1,7.1195,0.5099,0.1424
257.2,7.2169,0.5691,0.1957
257.3,7.2333,0.4786,0.1287
257.4,7.2029,0.592,0.1043
257.5,7.2394,0.4994,0.1022
257.6,7.1884,0.244,0.2571
257.7,7.2796,0.2196,0.3374
257.8,7.4268,0.3171,0.3638
257.9,7.5345,0.2025,0.4272
258.0,7.4545,0.3212,0.4237
258.1,7.5734,0.3211,0.2942
258.2,7.5862,0.3223,0.3126
258.3,7.6095,0.1222,0.2283
258.4,7.532,0.0967,0.1995
258.5,7.4137,0.3128,0.2724
258.6,7.4954,0.3707,0.1832
258.7,7.3743,0.2846,0.1446
258.8,7.3035,0.2994,0.1682
258.9,7.2629,0.1907,0.1017
259.0,7.1469,0.1887,0.035
259.1,7.0923,0.2117,0.1234
259.2,7.0422,0.2609,0.0836
259.3,7.0169,0.0656,-0.0083
259.4,7.0024,0.0985,0.11
259.5,7.0469,0.1622,0.1192
259.6,7.0849,0.2039,0.0372
259.7,6.8777,0.1924,-0.0089
259.8,7.0238,0.2341,-0.0318
259.9,7.181,0.1294,0.0779
260.0,7.2414,-0.0855,0.0024
260.1,7.2588,0.1302,-0.0662
260.2,7.2451,0.2262,-0.1489
260.3,7.3052,0.2698,-0.2857
260.4,7.3474,0.0931,-0.2773
260.5,7.3189,0.2027,-0.2243
260.6,7.38,0.2952,-0.2159
260.7,7.3783,0.5082,-0.1936
260.8,7.4328,0.3045,-0.1265
260.9,7.4364,0.5342,-0.0884
261.0,7.4322,0.4394,-0.0351
261.1,7.3766,0.4267,-0.0419
261.2,7.2988,0.2416,0.0522
261.3,7.2343,0.2111,0.1352
261.4,7.2019,0.1875,0.0827
261.5,7.1249,0.1527,0.0308
261.6,7.1291,0.3644,0.0604
261.7,7.0913,0.472,0.1032
261.8,7.0369,0.3268,0.02
261.9,6.9214,0.6397,0.0073
262.0,6.7989,0.8642,0.0419
262.1,6.7433,0.8792,0.1141
262.2,6.7484,1.0183,0.1349
262.3,6.7708,1.0648,0.1936
262.4,6.8017,1.0684,0.3149
262.5,6.7885,1.1818,0.2911
262.6,6.7408,1.3067,0.3044
262.7,6.7794,1.3443,0.3308
262.8,6.7324,1.483,0.4051
262.9,6.804,1.648,0.4354
263.0,6.8581,1.5737,0.4327
263.1,6.8119,1.7044,0.4876
263.2,6.7845,1.7414,0.5479
263.3,6.7867,1.7422,0.4886
263.4,6.7544,1.6171,0.4787
263.5,6.7729,1.6609,0.5282
263.6,6.8691,1.7327,0.6031
263.7,6.9084,1.7504,0.6721
263.8,6.8975,1.4682,0.6763
263.9,6.8431,1.7087,0.6688
264.0,6.8424,1.7829,0.7604
264.1,6.7779,1.7239,0.8125
264.2,6.8654,1.6839,0.8221
264.3,6.8733,1.6491,0.9401
264.4,7.0088,1.608,0.8459
264.5,7.043,1.4859,0.7338
264.6,6.9956,1.4661,0.6781
264.7,7.017,1.3427,0.708
264.8,6.9694,1.2417,0.6843
264.9,6.9592,1.162,0.7296
265.0,7.1981,1.1684,0.6214
265.1,7.2149,1.1414,0.5005
265.2,7.0671,1.1717,0.5134
265.3,7.0573,1.0641,0.5153
265.4,7.0988,0.9666,0.5426
265.5,7.1024,1.1075,0.7006
265.6,7.0417,1.2356,0.6952
265.7,7.165,1.4446,0.7128
265.8,7.0473,1.2948,0.7382
265.9,7.098,1.3531,0.747
266.0,7.2915,1.3466,0.6081
266.1,7.4523,1.3671,0.5243
266.2,7.4501,1.41,0.5625
266.3,7.3764,1.2974,0.5437
266.4,7.4075,1.1948,0.5439
266.5,7.3909,1.1641,0.4278
266.6,7.3837,1.2397,0.5622
266.7,7.5234,1.1993,0.4979
266.8,7.4788,1.1856,0.4908
266.9,7.5759,1.1623,0.4725
267.0,7.5791,1.2652,0.6424
267.1,7.544,1.2467,0.6165
267.2,7.5221,1.2405,0.4844
267.3,7.4595,1.0573,0.5159
267.4,7.395,1.0676,0.477
267.5,7.3103,1.1795,0.5023
267.6,7.2496,1.4561,0.4156
267.7,7.27,1.3236,0.4546
267.8,7.4085,1.2863,0.4364
267.9,7.354,1.0799,0.4862
268.0,7.472,0.8793,0.5002
268.1,7.5623,0.9556,0.5223
268.2,7.6108,0.9003,0.4325
268.3,7.5596,0.8208,0.3563
268.4,7.5306,0.6335,0.3327
268.5,7.6126,0.6986,0.1557
268.6,7.6512,0.5642,0.1194
268.7,7.6825,0.5233,0.2231
268.8,7.6207,0.608,0.2169
268.9,7.513,0.558,0.233
269.0,7.3978,0.43,0.3491
269.1,7.3431,0.4448,0.5135
269.2,7.2131,0.6026,0.4867
269.3,7.2728,0.6209,0.5145
269.4,7.1722,0.5887,0.5446
269.5,7.2587,0.4321,0.4141
269.6,7.1102,0.6911,0.4551
269.7,7.1133,0.5347,0.4162
269.8,7.0956,0.5479,0.3619
269.9,7.1702,0.599,0.4315
270.0,7.2433,0.831,0.4531
270.1,7.2425,0.6629,0.4646
270.2,7.2823,0.4715,0.4756
270.3,7.3342,0.3877,0.4683
270.4,7.1624,0.3106,0.5284
270.5,7.0747,0.324,0.5245
270.6,7.0974,0.2001,0.517
270.7,7.0575,0.2712,0.4645
270.8,7.0511,0.2892,0.3856
270.9,7.0426,0.3374,0.3467
271.0,7.1068,0.3366,0.3937
271.1,7.1346,0.4019,0.4504
271.2,7.2341,0.4144,0.607
271.3,7.3386,0.4759,0.665
271.4,7.4743,0.5695,0.6288
271.5,7.4483,0.7296,0.555
271.6,7.4452,0.7364,0.737
271.7,7.3698,0.7922,0.7435
271.8,7.3821,0.8978,0.6851
271.9,7.4133,0.9284,0.5563
272.0,7.3565,0.8746,0.5242
272.1,7.2777,0.8966,0.6194
272.2,7.4354,0.9134,0.5723
272.3,7.4762,0.9305,0.5971
272.4,7.4073,0.8838,0.5466
272.5,7.4465,0.825,0.5513
272.6,7.4134,0.949,0.382
272.7,7.5079,1.0371,0.4374
272.8,7.4567,1.1611,0.4878
272.9,7.5069,1.184,0.4923
273.0,7.3056,1.1656,0.5066
273.1,7.1986,1.2071,0.4482
273.2,7.2067,1.1419,0.411
273.3,7.2282,0.9579,0.3651
273.4,7.318,0.8384,0.3748
273.5,7.2875,0.7201,0.3243
273.6,7.263,0.6188,0.2786
273.7,7.2889,0.701,0.3706
273.8,7.4326,0.6839,0.3848
273.9,7.4253,0.8464,0.3323
274.0,7.6033,0.8393,0.33
274.1,7.5891,0.6689,0.3275
274.2,7.6628,0.6765,0.4042
274.3,7.6339,0.6362,0.2717
274.4,7.5535,0.8367,0.3079
274.5,7.4373,0.8751,0.1335
274.6,7.3625,0.7406,0.3286
274.7,7.2229,0.8644,0.3857
274.8,7.1735,0.929,0.3854
274.9,7.1107,0.9327,0.4923
275.0,6.9912,0.7688,0.4257
275.1,6.8875,0.8041,0.3752
275.2,6.9194,0.6324,0.4119
275.3,6.8045,0.6147,0.3351
275.4,6.7932,0.6711,0.3113
275.5,6.8719,0.6395,0.2626
275.6,6.7899,0.5332,0.2389
275.7,6.6138,0.5662,0.167
275.8,6.6342,0.4801,0.3201
275.9,6.7374,0.3532,0.3329
276.0,6.5575,0.4459,0.3096
276.1,6.5652,0.1287,0.3372
276.2,6.7216,0.1401,0.4447
276.3,6.5978,-0.0254,0.4624
276.4,6.5606,0.1267,0.5492
276.5,6.5887,0.1394,0.5803
276.6,6.7238,0.1626,0.5766
276.7,6.7017,0.2499,0.4392
276.8,6.6539,0.2005,0.3697
276.9,6.5144,0.0451,0.3271
277.0,6.4277,0.1698,0.2302
277.1,6.2991,0.381,0.2321
277.2,6.4183,0.2219,0.1853
277.3,6.4991,0.1393,0.0368
277.4,6.4366,-0.0136,0.1183
277.5,6.691,0.009,0.2232
277.6,6.553,0.1282,0.2546
277.7,6.5254,0.2218,0.1711
277.8,6.5692,0.1662,0.1098
277.9,6.6501,-0.0214,0.0406
278.0,6.7624,-0.0683,0.0264
278.1,6.6906,-0.0513,-0.0008
278.2,6.5777,0.0807,0.0288
278.3,6.6642,0.0758,0.1179
278.4,6.6064,-0.1205,0.203
278.5,6.634,-0.2583,0.2628
278.6,6.7242,-0.3001,0.1329
278.7,6.787,-0.2975,0.1377
278.8,6.7751,-0.5163,0.0074
278.9,6.7089,-0.4628,0.0673
279.0,6.6764,-0.4358,0.0517
279.1,6.6821,-0.4311,0.0942
279.2,6.6602,-0.4041,0.1179
279.3,6.7099,-0.5166,0.1954
279.4,6.8227,-0.6626,0.269
279.5,6.8672,-0.4612,0.285
279.6,7.0207,-0.3787,0.2729
279.7,6.9205,-0.3524,0.3586
279.8,6.9276,-0.5496,0.2498
279.9,7.1438,-0.4501,0.1404
280.0,7.1049,-0.4313,0.1671
280.1,7.2258,-0.5918,0.072
280.2,7.2298,-0.5249,0.0318
280.3,7.1762,-0.6253,0.1371
280.4,7.2105,-0.8201,0.0169
280.5,7.1941,-0.7646,0.159
280.6,7.1202,-0.821,0.1559
280.7,7.2184,-0.9056,0.159
280.8,7.2462,-0.828,0.0514
280.9,7.3436,-0.8969,0.0265
281.0,7.3229,-0.7888,0.0505
281.1,7.264,-0.7323,0.1749
281.2,7.2425,-0.6934,0.1089
281.3,7.228,-0.8337,0.1026
281.4,7.3775,-1.0885,0.1782
281.5,7.4713,-1.42,0.2808
281.6,7.6186,-1.177,0.2571
281.7,7.6163,-1.1071,0.2385
281.8,7.6812,-1.037,0.1031
281.9,7.662,-1.0755,0.0882
282.0,7.7146,-1.1509,0.1096
282.1,7.6853,-1.0762,0.1492
282.2,7.6195,-0.9442,0.2375
282.3,7.5594,-1.0141,0.1575
282.4,7.5996,-0.773,0.2022
282.5,7.8308,-0.9423,0.0864
282.6,7.8444,-1.0699,0.0925
282.7,7.7578,-1.2111,0.0033
282.8,7.7376,-1.0976,-0.0198
282.9,7.6472,-1.0974,-0.0259
283.0,7.5775,-1.0749,-0.0577
283.1,7.5249,-1.3552,-0.0406
283.2,7.6238,-1.4783,0.0354
283.3,7.5705,-1.5026,0.0122
283.4,7.5883,-1.6401,-0.009
283.5,7.5934,-1.5677,-0.0622
283.6,7.545,-1.7958,-0.135
283.7,7.466,-1.937,-0.192
283.8,7.4304,-1.9357,-0.2175
283.9,7.5831,-1.7113,-0.2283
284.0,7.4854,-1.8383,-0.2205
284.1,7.4797,-1.7951,-0.15
284.2,7.5832,-1.8374,-0.1804
284.3,7.6187,-1.6788,-0.1221
284.4,7.5084,-1.5113,-0.0936
284.5,7.5212,-1.7173,-0.1165
284.6,7.4981,-1.8391,-0.1066
284.7,7.5891,-2.0454,-0.1164
284.8,7.6233,-2.1133,-0.0051
284.9,7.7959,-2.3203,0.0088
285.0,7.9144,-2.1766,0.0812
285.1,7.8911,-2.1234,0.16
285.2,7.965,-2.0673,0.1663
285.3,7.9216,-1.9499,0.1456
285.4,8.0121,-1.9344,0.2515
285.5,8.1532,-1.8345,0.2037
285.6,8.3148,-1.8296,0.215
285.7,8.2255,-1.7745,0.3172
285.8,8.2699,-1.631,0.372
285.9,8.3271,-1.4989,0.4064
286.0,8.3662,-1.5686,0.4694
286.1,8.3315,-1.5833,0.6209
286.2,8.3365,-1.5537,0.5088
286.3,8.3616,-1.6788,0.4096
286.4,8.4104,-1.6484,0.4393
286.5,8.318,-1.6615,0.3989
286.6,8.4325,-1.3386,0.2993
286.7,8.3598,-1.2019,0.3202
286.8,8.3427,-1.3449,0.2543
286.9,8.2653,-1.4146,0.3272
287.0,8.159,-1.4062,0.4082
287.1,8.0374,-1.1785,0.4169
287.2,7.8808,-1.2412,0.2662
287.3,7.8601,-1.3136,0.1317
287.4,7.6407,-1.2303,0.0232
287.5,7.601,-1.1928,0.0894
287.6,7.4828,-1.4147,0.0908
287.7,7.3571,-1.4993,0.1524
287.8,7.1876,-1.3742,-0.038
287.9,7.1763,-1.1539,0.0194
288.0,7.1787,-1.1412,0.1077
288.1,7.2048,-1.0892,0.0869
288.2,7.1108,-1.2498,0.0706
288.3,7.1332,-1.287,0.2149
288.4,7.1526,-1.3351,0.2346
288.5,7.2221,-1.3645,0.2571
288.6,7.3331,-1.3838,0.3938
288.7,7.4009,-1.307,0.4674
288.8,7.4245,-1.3464,0.2551
288.9,7.3545,-1.3601,0.2742
289.0,7.4609,-1.3854,0.2037
289.1,7.5071,-1.4699,0.0769
289.2,7.4915,-1.523,0.0887
289.3,7.4784,-1.5488,0.1323
289.4,7.4879,-1.5194,0.1671
289.5,7.6508,-1.7021,0.0983
289.6,7.6044,-1.775,0.0312
289.7,7.5837,-1.65,0.0814
289.8,7.533,-1.968,0.2036
289.9,7.5844,-1.9959,0.2874
290.0,7.6003,-2.1013,0.2248
290.1,7.634,-2.0613,0.2258
290.2,7.4074,-1.9803,0.3201
290.3,7.4773,-1.8243,0.344
290.4,7.5395,-1.7711,0.2918
290.5,7.5921,-1.744,0.308
290.6,7.5035,-1.8065,0.3918
290.7,7.5453,-1.8972,0.2921
290.8,7.4932,-1.9105,0.2597
290.9,7.5675,-1.8535,0.2792
291.0,7.5172,-1.9097,0.4013
291.1,7.5748,-1.8812,0.471
291.2,7.5061,-1.8842,0.4402
291.3,7.4655,-2.0485,0.313
291.4,7.5875,-1.8434,0.246
291.5,7.6946,-1.8441,0.2081
291.6,7.6266,-1.7267,0.1389
291.7,7.5656,-1.5922,0.0858
291.8,7.5573,-1.5451,0.1612
291.9,7.5057,-1.6431,0.1381
292.0,7.3957,-1.4844,0.1658
292.1,7.48,-1.539,0.1224
292.2,7.418,-1.5585,0.0624
292.3,7.4921,-1.5783,-0.0292
292.4,7.4898,-1.5428,-0.1231
292.5,7.4598,-1.6576,-0.1162
292.6,7.4476,-1.6209,-0.1273
292.7,7.4938,-1.726,-0.1729
292.8,7.4991,-1.6329,-0.1574
292.9,7.4997,-1.4483,-0.1563
293.0,7.5545,-1.5776,-0.1322
293.1,7.7014,-1.3852,-0.0448
293.2,7.6775,-1.2432,-0.0555
293.3,7.694,-1.4354,-0.1089
293.4,7.7278,-1.3552,-0.2053
293.5,7.6248,-1.4606,-0.2426
293.6,7.6278,-1.4636,-0.3202
293.7,7.4955,-1.2524,-0.2711
293.8,7.4544,-1.033,-0.3264
293.9,7.4604,-0.9166,-0.3498
294.0,7.4667,-0.9522,-0.3025
294.1,7.4848,-1.085,-0.3564
294.2,7.5188,-1.0243,-0.3917
294.3,7.5563,-1.1726,-0.3889
294.4,7.6017,-1.3964,-0.392
294.5,7.6244,-1.3245,-0.2776
294.6,7.6467,-1.0775,-0.3127
294.7,7.5629,-1.0648,-0.3512
294.8,7.5513,-0.7819,-0.3327
294.9,7.4988,-0.7171,-0.147
295.0,7.5217,-0.6174,-0.0298
295.1,7.5568,-0.5279,0.0784
295.2,7.5616,-0.5429,0.0639
295.3,7.4365,-0.6018,0.0852
295.4,7.3554,-0.4505,0.1468
295.5,7.3718,-0.3762,0.1354
295.6,7.3627,-0.3459,0.0434
295.7,7.4526,-0.1089,0.0873
295.8,7.5212,-0.1898,0.2518
295.9,7.6233,-0.3069,0.373
296.0,7.6474,-0.2938,0.353
296.1,7.6459,-0.2178,0.316
296.2,7.6653,-0.4027,0.1797
296.3,7.4944,-0.1959,0.2395
296.4,7.4191,-0.1232,0.2248
296.5,7.5063,-0.183,0.2512
296.6,7.4792,-0.098,0.1684
296.7,7.4988,0.0179,0.1686
296.8,7.5158,0.0574,0.1357
296.9,7.4064,0.0882,-0.0001
297.0,7.5214,0.0416,0.0205
297.1,7.6019,0.1782,0.015
297.2,7.5852,0.3668,-0.0288
297.3,7.5682,0.4127,-0.1272
297.4,7.5758,0.5052,-0.2485
297.5,7.4829,0.5199,-0.3508
297.6,7.6026,0.5774,-0.2918
297.7,7.5209,0.5333,-0.3501
297.8,7.6635,0.3769,-0.3669
297.9,7.8165,0.1787,-0.3463
298.0,7.8472,0.3789,-0.3354
298.1,8.0235,0.2428,-0.2974
298.2,7.9586,-0.0261,-0.3278
298.3,8.0766,0.0052,-0.2902
298.4,7.9225,0.0897,-0.2822
298.5,7.8724,0.081,-0.2691
298.6,7.8868,-0.203,-0.1655
298.7,7.8827,-0.2948,-0.0964
298.8,7.9817,-0.2393,-0.1639
298.9,8.0966,-0.2587,-0.0877
299.0,7.8766,-0.1952,-0.2609
299.1,7.9372,-0.2137,-0.1831
299.2,8.0752,-0.1777,-0.2075
299.3,7.9481,-0.2842,-0.2012
299.4,8.015,-0.4095,-0.3279
299.5,8.0913,-0.4946,-0.2573
299.6,8.0664,-0.542,-0.2951
299.7,8.1693,-0.4951,-0.2187
299.8,8.1249,-0.4765,-0.2493
299.9,8.1336,-0.3289,-0.2721
300.0,8.2475,-0.293,-0.2609
300.1,8.1757,-0.3825,-0.3239
300.2,8.2648,-0.4106,-0.2979
300.3,8.2631,-0.5108,-0.4358
300.4,8.3981,-0.569,-0.4093
300.5,8.3945,-0.5924,-0.3506
300.6,8.4245,-0.4768,-0.3953
300.7,8.3723,-0.4854,-0.3454
300.8,8.4162,-0.5319,-0.3571
300.9,8.2472,-0.421,-0.4322
301.0,8.2038,-0.2156,-0.3939
301.1,8.1628,-0.0405,-0.488
301.2,8.0931,0.0998,-0.415
301.3,8.1824,-0.0272,-0.4697
301.4,7.9931,0.2194,-0.3024
301.5,8.0493,0.0464,-0.3233
301.6,8.0625,-0.0871,-0.3894
301.7,8.007,-0.0645,-0.452
301.8,8.1004,0.1354,-0.5174
301.9,8.0764,0.0299,-0.4723
302.0,8.1797,0.1238,-0.5116
302.1,8.2464,0.0493,-0.4926
302.2,8.4467,0.007,-0.5606
302.3,8.4869,0.0333,-0.666
302.4,8.4985,0.0644,-0.7327
302.5,8.427,0.0341,-0.7351
302.6,8.3864,-0.0903,-0.6555
302.7,8.2861,0.0885,-0.6307
302.8,8.4759,0.0604,-0.6159
302.9,8.431,-0.1038,-0.5866
303.0,8.3516,-0.0633,-0.6357
303.1,8.3168,-0.1026,-0.5712
303.2,8.3978,-0.0353,-0.4963
303.3,8.457,-0.1868,-0.4814
303.4,8.5226,-0.2879,-0.4425
303.5,8.3591,-0.409,-0.5006
303.6,8.3707,-0.2962,-0.5922
303.7,8.3946,-0.3387,-0.6098
303.8,8.4371,-0.3033,-0.6479
303.9,8.2117,-0.2412,-0.7029
304.0,8.1687,-0.4611,-0.825
304.1,8.0867,-0.5369,-0.8606
304.2,8.2026,-0.6038,-0.865
304.3,7.9601,-0.7251,-0.7797
304.4,7.8246,-0.7418,-0.8106
304.5,7.9489,-0.7513,-0.7417
304.6,7.9934,-0.7092,-0.693
304.7,7.9549,-1.0091,-0.7227
304.8,7.7494,-1.0777,-0.655
304.9,7.771,-0.9864,-0.6773
305.0,7.8725,-0.837,-0.7233
305.1,7.978,-0.61,-0.5993
305.2,7.9281,-0.6515,-0.5919
305.3,7.9488,-0.7021,-0.5902
305.4,7.8922,-0.5738,-0.5111
305.5,7.9277,-0.5555,-0.501
305.6,7.8753,-0.6507,-0.5649
305.7,7.8743,-0.7544,-0.4214
305.8,7.8932,-0.8058,-0.3921
305.9,8.0017,-0.964,-0.4039
306.0,8.1135,-1.0388,-0.3977
306.1,7.9497,-1.1669,-0.4811
306.2,7.8532,-1.2342,-0.398
306.3,7.8222,-1.36,-0.3824
306.4,7.8435,-1.483,-0.2559
306.5,7.6922,-1.5253,-0.0721
306.6,7.7503,-1.484,-0.144
306.7,7.8427,-1.5171,-0.2184
306.8,7.8712,-1.4649,-0.083
306.9,7.8404,-1.5048,-0.1164
307.0,7.7515,-1.5816,-0.1593
307.1,7.7717,-1.6082,-0.2282
307.2,7.8713,-1.6585,-0.0729
307.3,8.04,-1.5774,-0.1049
307.4,8.0585,-1.5787,-0.1247
307.5,8.2804,-1.3748,-0.214
307.6,8.3701,-1.3587,-0.0679
307.7,8.3639,-1.3804,-0.0404
307.8,8.3785,-1.4446,-0.0871
307.9,8.4971,-1.5277,-0.0825
308.0,8.5633,-1.754,-0.1558
308.1,8.6917,-1.9116,-0.0924
308.2,8.5707,-1.8905,-0.0586
308.3,8.4838,-1.7805,-0.3036
308.4,8.487,-1.8133,-0.2779
308.5,8.3197,-1.9122,-0.3505
308.6,8.3044,-1.9941,-0.3964
308.7,8.2488,-2.0112,-0.4313
308.8,8.1833,-2.0153,-0.4021
308.9,8.0928,-1.9192,-0.4215
309.0,7.9991,-1.8605,-0.5002
309.1,7.9172,-2.078,-0.4663
309.2,7.916,-2.0918,-0.4976
309.3,7.9676,-2.0502,-0.4592
309.4,7.8842,-2.1,-0.4689
309.5,7.8551,-2.1587,-0.5503
309.6,7.8676,-2.0316,-0.5029
309.7,7.9115,-1.8452,-0.4035
309.8,7.9056,-1.604,-0.3255
309.9,7.8363,-1.4468,-0.4817
310.0,7.9207,-1.3985,-0.4321
310.1,7.8731,-1.4245,-0.2476
310.2,8.0074,-1.3924,-0.2999
310.3,7.96,-1.4364,-0.3667
310.4,7.8289,-1.283,-0.4215
310.5,7.7038,-1.2042,-0.4006
310.6,7.8976,-1.2135,-0.3691
310.7,7.9336,-0.9946,-0.2211
310.8,7.8717,-1.0021,-0.1995
310.9,7.8566,-0.9991,-0.2831
311.0,7.9807,-0.7444,-0.4019
311.1,7.9351,-0.767,-0.4249
311.2,7.9544,-0.789,-0.4224
311.3,8.0751,-0.8376,-0.3825
311.4,8.0539,-0.7473,-0.4805
311.5,8.0098,-0.6136,-0.4541
311.6,8.0011,-0.5948,-0.4465
311.7,7.9662,-0.4752,-0.3556
311.8,8.0895,-0.5114,-0.3668
311.9,8.1854,-0.335,-0.3275
312.0,8.1579,-0.2922,-0.2748
312.1,8.1908,-0.5217,-0.2627
312.2,8.2261,-0.3831,-0.2177
312.3,8.2587,-0.4083,-0.2012
312.4,8.2629,-0.5655,-0.1824
312.5,8.3232,-0.4381,-0.1439
312.6,8.2216,-0.2495,-0.0432
312.7,8.0973,-0.2443,-0.1111
312.8,7.9824,-0.1363,-0.1703
312.9,8.081,-0.0555,-0.2475
313.0,8.1915,-0.0271,-0.2459
313.1,8.1851,-0.0579,-0.2705
313.2,8.2419,-0.2292,-0.3537
313.3,8.2813,-0.4008,-0.2867
313.4,8.2291,-0.4518,-0.2424
313.5,8.1741,-0.4753,-0.1262
313.6,8.0977,-0.6014,-0.1605
313.7,8.1374,-0.4823,-0.1753
313.8,8.1013,-0.4343,-0.1791
313.9,8.2799,-0.6079,-0.156
314.0,8.2961,-0.5183,-0.1111
314.1,8.2339,-0.5068,-0.1941
314.2,8.1101,-0.7094,-0.202
314.3,8.0593,-0.7568,-0.3043
314.4,8.0879,-0.8526,-0.3828
314.5,8.0971,-0.8406,-0.4538
314.6,8.0919,-0.9411,-0.5767
314.7,8.1169,-1.0054,-0.444
314.8,8.1765,-0.8915,-0.4218
314.9,8.1078,-0.9991,-0.3643
315.0,8.0941,-1.0959,-0.4261
315.1,8.2219,-1.0636,-0.4129
315.2,8.4196,-0.9652,-0.4372
315.3,8.4235,-0.9965,-0.5843
315.4,8.4035,-1.1907,-0.6925
315.5,8.393,-1.1136,-0.6184
315.6,8.3463,-1.1843,-0.6336
315.7,8.3138,-1.2275,-0.5359
315.8,8.3274,-0.9278,-0.6925
315.9,8.3492,-0.954,-0.6895
316.0,8.2128,-0.9805,-0.6755
316.1,8.1894,-0.8584,-0.6241
316.2,8.1763,-0.7659,-0.5615
316.3,8.0994,-0.8362,-0.6001
316.4,8.1105,-0.8359,-0.4833
316.5,8.0877,-0.7408,-0.4282
316.6,7.982,-0.6375,-0.3997
316.7,7.9816,-0.8803,-0.3956
316.8,7.9964,-0.6499,-0.4385
316.9,7.9681,-0.4489,-0.4501
317.0,7.9166,-0.3746,-0.5032
317.1,7.7755,-0.587,-0.4624
317.2,7.8129,-0.5806,-0.3649
317.3,7.832,-0.5284,-0.389
317.4,7.8796,-0.607,-0.5325
317.5,7.741,-0.5687,-0.5085
317.6,7.7536,-0.5025,-0.5309
317.7,7.7507,-0.4734,-0.4327
317.8,7.5982,-0.3232,-0.4318
317.9,7.4945,-0.333,-0.445
318.0,7.5139,-0.4287,-0.4833
318.1,7.5875,-0.5061,-0.4595
318.2,7.6845,-0.6033,-0.4651
318.3,7.7382,-0.4722,-0.4644
318.4,7.7717,-0.4322,-0.335
318.5,7.87,-0.3143,-0.4673
318.6,7.9017,-0.2889,-0.6298
318.7,7.8962,-0.3045,-0.6257
318.8,7.8763,-0.1771,-0.5071
318.9,7.905,-0.1158,-0.6216
319.0,7.8821,-0.1636,-0.6029
319.1,7.8148,-0.216,-0.5185
319.2,7.845,-0.3588,-0.3988
319.3,7.8814,-0.3773,-0.4499
319.4,7.8631,-0.3461,-0.4183
319.5,7.8018,-0.2966,-0.3981
319.6,7.9234,-0.4057,-0.3866
319.7,7.9795,-0.3351,-0.3267
319.8,7.8927,-0.2923,-0.2649
319.9,7.8946,-0.3364,-0.1359
320.0,7.814,-0.1582,-0.2199
320.1,7.6972,-0.0505,-0.0025
320.2,7.7611,-0.0554,-0.1646
320.3,7.77,-0.0034,-0.2027
320.4,7.8929,0.0359,-0.1607
320.5,7.7535,0.2229,0.0518
320.6,7.8522,0.2958,-0.0386
320.7,7.8688,0.478,-0.0327
320.8,7.933,0.5517,0.0685
320.9,7.9655,0.6215,-0.0095
321.0,7.8884,0.6415,-0.1404
321.1,7.9137,0.4629,-0.227
321.2,8.0345,0.5156,-0.1279
321.3,7.9025,0.5826,-0.0321
321.4,7.8702,0.4918,0.1002
321.5,7.8404,0.4198,0.151
321.6,7.9213,0.238,0.1889
321.7,7.981,0.3434,0.1814
321.8,7.8738,0.2298,0.2644
321.9,7.9068,0.1438,0.2394
322.0,7.8993,0.1537,0.1737
322.1,7.8407,0.2098,0.1706
322.2,7.8744,0.2092,0.2322
322.3,7.7484,-0.0765,0.2543
322.4,7.6901,-0.1212,0.2829
322.5,7.7839,-0.1632,0.2734
322.6,7.8224,-0.2251,0.2637
322.7,7.7821,-0.0615,0.2901
322.8,7.7243,-0.1697,0.3335
322.9,7.7837,-0.3608,0.3482
323.0,7.7138,-0.3908,0.3433
323.1,7.7278,-0.6486,0.3974
323.2,7.7436,-0.824,0.3165
323.3,7.8168,-0.832,0.4309
323.4,7.924,-0.803,0.4161
323.5,7.7705,-0.742,0.318
323.6,7.8522,-0.7285,0.3222
323.7,7.9432,-0.6754,0.2223
323.8,7.9139,-0.7105,0.1652
323.9,8.0445,-0.6307,0.1613
324.0,8.0997,-0.6403,0.1232
324.1,8.2501,-0.7795,0.1567
324.2,8.0803,-0.6387,0.1423
324.3,8.1343,-0.9516,0.2094
324.4,7.9818,-1.0569,0.0793
324.5,8.0322,-0.9578,0.0903
324.6,8.0478,-1.0411,0.0212
324.7,7.7857,-1.1105,0.103
324.8,7.8735,-1.1164,0.2526
324.9,7.7268,-1.224,0.146
325.0,7.7391,-1.2558,0.0909
325.1,7.8302,-1.2869,0.0197
325.2,7.8832,-1.3202,0.1062
325.3,7.8697,-1.3112,0.2029
325.4,7.9816,-1.1405,0.1159
325.5,8.0103,-1.3347,0.1308
325.6,7.9855,-1.2047,0.1109
325.7,8.0716,-1.1821,0.0275
325.8,8.0509,-0.954,0.0638
325.9,8.0393,-1.014,0.1215
326.0,8.1307,-1.0112,0.1325
326.1,8.1036,-1.1048,0.1133
326.2,8.1524,-0.9276,0.0573
326.3,8.1819,-0.8896,0.1312
326.4,8.2682,-0.9278,0.0337
326.5,8.1816,-1.0855,0.0132
326.6,8.0592,-1.0718,-0.0052
326.7,7.9661,-1.0368,0.0287
326.8,7.8423,-1.2419,0.1538
326.9,7.8078,-1.2426,0.1439
327.0,7.8926,-1.1785,0.0831
327.1,7.9198,-1.2713,0.0357
327.2,7.7615,-1.4669,0.0293
327.3,7.7352,-1.3831,-0.0334
327.4,7.5957,-1.3317,0.0643
327.5,7.6543,-1.2654,0.0869
327.6,7.6651,-1.1698,0.0715
327.7,7.7243,-1.0312,0.0785
327.8,7.5791,-1.1038,0.2301
327.9,7.6579,-1.0451,0.2688
328.0,7.7253,-1.0042,0.3847
328.1,7.5883,-1.0049,0.301
328.2,7.5168,-1.0942,0.3679
328.3,7.5624,-1.3469,0.3652
328.4,7.6357,-1.2537,0.3672
328.5,7.6605,-1.3219,0.3751
328.6,7.6011,-1.4341,0.3458
328.7,7.5744,-1.5162,0.4491
328.8,7.4921,-1.5905,0.3814
328.9,7.4424,-1.5617,0.2963
329.0,7.4527,-1.4482,0.2525
329.1,7.4967,-1.6505,0.3514
329.2,7.4287,-1.5345,0.2772
329.3,7.3642,-1.4009,0.2828
329.4,7.334,-1.4061,0.32
329.5,7.3813,-1.2341,0.322
329.6,7.5093,-1.1587,0.3056
329.7,7.3145,-1.1653,0.3379
329.8,7.3118,-1.3095,0.3645
329.9,7.2291,-1.2462,0.4096
330.0,7.2606,-1.21,0.4457
330.1,7.3486,-1.4277,0.5275
330.2,7.4048,-1.4235,0.6497
330.3,7.3811,-1.3011,0.6526
330.4,7.4486,-1.4074,0.5708
330.5,7.3711,-1.395,0.5188
330.6,7.2605,-1.5703,0.5153
330.7,7.3082,-1.5811,0.4915
330.8,7.344,-1.4844,0.4428
330.9,7.411,-1.536,0.4569
331.0,7.3057,-1.5654,0.3999
331.1,7.2515,-1.6029,0.4541
331.2,7.2588,-1.5257,0.3464
331.3,7.263,-1.5832,0.3965
331.4,7.3688,-1.7169,0.427
331.5,7.4611,-1.51,0.3927
331.6,7.5598,-1.5256,0.2674
331.7,7.5064,-1.5908,0.1224
331.8,7.5383,-1.5301,0.027
331.9,7.481,-1.5332,-0.0017
332.0,7.4652,-1.3921,0.0076
332.1,7.5387,-1.3413,0.0239
332.2,7.5073,-1.1448,0.0411
332.3,7.4761,-1.0428,0.1273
332.4,7.5157,-0.9235,0.2232
332.5,7.4368,-0.7735,0.2321
332.6,7.388,-0.6671,0.2615
332.7,7.3304,-0.7388,0.2301
332.8,7.3157,-0.7038,0.1279
332.9,7.3162,-0.5065,0.0944
333.0,7.3838,-0.4712,0.042
333.1,7.4377,-0.5137,0.1084
333.2,7.4235,-0.6916,0.1903
333.3,7.4503,-0.4587,0.2572
333.4,7.4101,-0.5272,0.3231
333.5,7.3539,-0.4794,0.4178
333.6,7.3134,-0.323,0.5497
333.7,7.2813,-0.3505,0.6177
333.8,7.2011,-0.6061,0.5843
333.9,7.1552,-0.589,0.5113
334.0,7.0771,-0.4564,0.6945
334.1,6.9568,-0.5257,0.684
334.2,6.8182,-0.3702,0.8192
334.3,6.8871,-0.4483,0.8223
334.4,6.9366,-0.2964,0.7624
334.5,6.9202,-0.533,0.6905
334.6,6.7693,-0.4416,0.7334
334.7,6.7292,-0.5026,0.6438
334.8,6.6493,-0.4556,0.747
334.9,6.5491,-0.1683,0.7533
335.0,6.6334,-0.34,0.7302
335.1,6.7138,-0.3478,0.7068
335.2,6.7223,-0.4959,0.7637
335.3,6.7497,-0.451,0.658
335.4,6.6523,-0.4337,0.6009
335.5,6.6238,-0.4329,0.5963
335.6,6.551,-0.475,0.6128
335.7,6.5566,-0.5054,0.554
335.8,6.5266,-0.4964,0.5607
335.9,6.6277,-0.5277,0.4865
336.0,6.5899,-0.4756,0.4499
336.1,6.6088,-0.5237,0.3382
336.2,6.7223,-0.5544,0.3187
336.3,6.6648,-0.5306,0.3856
336.4,6.6216,-0.5613,0.3954
336.5,6.6397,-0.5022,0.4061
336.6,6.5796,-0.3281,0.4866
336.7,6.641,-0.21,0.5553
336.8,6.6476,-0.3061,0.6789
336.9,6.7044,-0.3364,0.5721
337.0,6.7623,-0.2636,0.5068
337.1,6.6827,-0.2646,0.5498
337.2,6.6667,-0.3443,0.5551
337.3,6.5981,-0.1639,0.6422
337.4,6.5302,-0.2309,0.5447
337.5,6.5496,-0.2339,0.6053
337.6,6.6545,-0.2919,0.5361
337.7,6.6712,-0.2349,0.5885
337.8,6.6829,-0.1752,0.6765
337.9,6.6879,-0.2996,0.7637
338.0,6.6569,-0.3149,0.7345
338.1,6.6515,-0.262,0.6362
338.2,6.6841,-0.3076,0.6989
338.3,6.8256,-0.2538,0.8169
338.4,6.8069,-0.2342,0.8029
338.5,6.9513,-0.2193,0.9215
338.6,6.8294,-0.3897,0.8702
338.7,6.7539,-0.3614,0.8049
338.8,6.8205,-0.5044,0.8199
338.9,6.6664,-0.5591,0.8006
339.0,6.6405,-0.715,0.8621
339.1,6.6532,-0.6988,0.876
339.2,6.6628,-0.8222,0.9278
339.3,6.5996,-0.8157,0.919
339.4,6.5447,-0.7915,0.9225
339.5,6.4551,-0.7672,0.8574
339.6,6.4557,-0.8939,0.9348
339.7,6.6512,-0.8917,0.9427
339.8,6.6473,-0.8546,0.9223
339.9,6.5642,-0.6784,0.9095
340.0,6.5275,-0.7997,0.8606
340.1,6.4874,-0.6871,0.8039
340.2,6.5462,-0.6051,0.8396
340.3,6.5236,-0.6661,0.7395
340.4,6.4306,-0.5143,0.8078
340.5,6.4601,-0.6249,0.8055
340.6,6.3379,-0.7075,0.7683
340.7,6.2401,-0.7201,0.7937
340.8,6.2018,-0.7397,0.77
340.9,6.2263,-0.7726,0.8463
341.0,6.035,-0.6807,0.8138
341.1,6.0701,-0.6839,0.8912
341.2,5.9852,-0.7433,0.8267
341.3,6.0085,-0.7267,0.7986
341.4,6.0348,-0.8393,0.7964
341.5,5.9072,-0.7933,0.7978
341.6,5.8172,-0.7693,0.8445
341.7,5.8943,-0.8449,0.8321
341.8,5.8449,-0.9156,0.875
341.9,5.8338,-0.9269,0.8667
342.0,5.9372,-1.1822,0.7806
342.1,5.955,-1.0268,0.7014
342.2,6.0046,-1.0323,0.7044
342.3,5.9207,-0.8829,0.8756
342.4,5.9355,-0.9047,0.8326
342.5,5.9772,-0.7949,0.7806
342.6,6.0085,-0.6989,0.8039
342.7,6.0513,-0.6101,0.7347
342.8,6.0703,-0.5581,0.7024
342.9,6.053,-0.5199,0.7453
343.0,5.8877,-0.3038,0.8061
343.1,5.8578,-0.2924,0.8705
343.2,5.7281,-0.3158,0.9406
343.3,5.62,-0.144,1.0095
343.4,5.5474,-0.2297,0.9638
343.5,5.6446,-0.1099,1.0114
343.6,5.6594,-0.1506,0.9851
343.7,5.7373,-0.1449,1.0296
343.8,5.8667,-0.2865,1.0523
343.9,5.7732,-0.3772,1.0896
344.0,5.828,-0.5121,1.1264
344.1,5.9827,-0.4753,1.1275
344.2,5.9339,-0.4333,1.029
344.3,5.9669,-0.3337,0.8831
344.4,5.986,-0.1722,0.7625
344.5,5.9428,-0.3112,0.7626
344.6,6.0032,-0.2592,0.7586
344.7,6.126,-0.3745,0.7551
344.8,6.1987,-0.3732,0.6888
344.9,6.3022,-0.3879,0.8608
345.0,6.3193,-0.5035,0.7866
345.1,6.5111,-0.5901,0.7556
345.2,6.6171,-0.5998,0.8576
345.3,6.629,-0.6855,0.7857
345.4,6.6071,-0.6665,0.8664
345.5,6.5742,-0.5753,0.8201
345.6,6.6433,-0.4358,0.8991
345.7,6.6907,-0.4203,0.8489
345.8,6.7365,-0.463,0.9177
345.9,6.7704,-0.5425,0.8017
346.0,6.8545,-0.5345,0.8484
346.1,6.7761,-0.4309,0.9081
346.2,6.8324,-0.4646,0.9655
346.3,6.7554,-0.611,0.9935
346.4,6.6812,-0.5906,0.9433
346.5,6.7239,-0.6534,0.9351
346.6,6.6618,-0.6194,0.9704
346.7,6.5736,-0.7601,0.9765
346.8,6.73,-0.932,0.9974
346.9,6.7268,-1.0514,0.9485
347.0,6.7711,-0.9611,1.0162
347.1,7.0001,-0.863,1.0253
347.2,6.9651,-0.7244,1.0575
347.3,6.9376,-0.6759,1.0403
347.4,7.0686,-0.6832,0.9105
347.5,6.9274,-0.7042,0.9174
347.6,6.9275,-0.8692,0.8401
347.7,6.8973,-0.9712,0.8452
347.8,6.8232,-0.8508,0.801
347.9,6.7563,-0.9282,0.7008
348.0,6.6842,-0.8928,0.7164
348.1,6.6339,-0.7816,0.8721
348.2,6.6594,-0.6234,0.8952
348.3,6.6364,-0.7127,1.0335
348.4,6.6919,-0.5223,1.0757
348.5,6.676,-0.6053,1.1473
348.6,6.6205,-0.618,0.9983
348.7,6.64,-0.5091,0.8745
348.8,6.6091,-0.6942,0.8675
348.9,6.5126,-0.8078,0.7993
349.0,6.4676,-0.6436,0.7282
349.1,6.4351,-0.7142,0.6774
349.2,6.269,-0.7662,0.5332
349.3,6.4567,-0.7511,0.6282
349.4,6.3937,-0.6257,0.5785
349.5,6.2781,-0.6183,0.43
349.6,6.3762,-0.6396,0.4819
349.7,6.4838,-0.3893,0.5128
349.8,6.4103,-0.6008,0.6517
349.9,6.3115,-0.7237,0.6239
350.0,6.2718,-0.9048,0.5479
350.1,6.2896,-0.7699,0.517
350.2,6.2071,-0.6144,0.5617
350.3,6.1781,-0.6245,0.5137
350.4,6.3264,-0.6633,0.4809
350.5,6.4495,-0.5203,0.4278
350.6,6.5505,-0.4479,0.4302
350.7,6.5425,-0.2062,0.385
350.8,6.5237,-0.1703,0.3083
350.9,6.5673,-0.1205,0.2693
351.0,6.5126,0.1052,0.3203
351.1,6.43,0.0745,0.3168
351.2,6.5445,0.0347,0.2979
351.3,6.8121,-0.0138,0.3099
351.4,6.7297,-0.0265,0.3276
351.5,6.685,0.178,0.3863
351.6,6.6222,-0.0327,0.3207
351.7,6.6547,-0.0842,0.2126
351.8,6.7742,0.1209,0.1133
351.9,6.6911,0.0862,0.0889
352.0,6.7255,0.1713,0.2454
352.1,6.6474,0.2912,0.2818
352.2,6.7264,0.194,0.3029
352.3,6.9461,0.4383,0.2399
352.4,7.0042,0.4391,0.2161
352.5,7.0183,0.3508,0.1514
352.6,6.8373,0.3605,0.1631
352.7,6.8016,0.2537,0.0899
352.8,6.6529,0.3027,0.1725
352.9,6.7182,0.2419,0.1194
353.0,6.5765,0.3487,0.149
353.1,6.5089,0.5186,0.1869
353.2,6.4966,0.4909,0.2007
353.3,6.5143,0.8667,0.2631
353.4,6.425,1.1022,0.3859
353.5,6.4192,1.1593,0.3852
353.6,6.5111,1.0444,0.4154
353.7,6.6198,0.9748,0.4368
353.8,6.4772,0.8778,0.4591
353.9,6.6637,0.8428,0.4142
354.0,6.6058,0.919,0.3118
354.1,6.6049,0.7816,0.1778
354.2,6.722,0.8746,0.1922
354.3,6.7884,0.9389,0.2678
354.4,6.7971,0.9863,0.0735
354.5,6.8178,1.0151,-0.02
354.6,6.6743,1.2271,-0.0346
354.7,6.64,1.3473,0.1008
354.8,6.7109,1.492,0.1929
354.9,6.7284,1.2733,0.1949
355.0,6.6889,1.2333,0.2983
355.1,6.7624,1.3116,0.2693
355.2,6.6666,1.3897,0.1807
355.3,6.6967,1.4438,0.134
355.4,6.7821,1.4454,0.0742
355.5,6.7683,1.3885,-0.0094
355.6,6.8464,1.2913,-0.0355
355.7,6.9049,1.1447,-0.0869
355.8,6.8847,1.049,-0.1199
355.9,6.8548,1.0825,-0.0783
356.0,6.8052,0.8726,-0.0678
356.1,6.854,0.6956,-0.0052
356.2,6.8628,0.6833,0.017
356.3,6.8638,0.8879,-0.022
356.4,6.9063,0.8842,0.0307
356.5,6.8453,0.758,0.0681
356.6,6.7948,0.8879,0.16
356.7,6.9748,1.099,0.1785
356.8,7.0959,1.1739,0.2415
356.9,7.1231,1.1029,0.2391
357.0,7.1177,1.1409,0.2544
357.1,7.1743,1.1347,0.2847
357.2,7.1777,1.1235,0.1611
357.3,7.2562,1.1537,0.1485
357.4,7.1402,1.3526,0.1649
357.5,7.0818,1.1244,0.252
357.6,7.0253,1.195,0.3977
357.7,7.0992,1.532,0.1661
357.8,7.162,1.4661,0.1213
357.9,7.0982,1.3314,0.0328
358.0,7.0917,1.3832,0.049
358.1,7.0372,1.4523,-0.0275
358.2,6.9919,1.6048,-0.0214
358.3,7.0441,1.3523,-0.1544
358.4,7.0474,1.4796,-0.0689
358.5,6.9705,1.4438,-0.204
358.6,7.029,1.3103,-0.2134
358.7,7.074,1.3237,-0.1699
358.8,7.1797,1.2169,-0.1008
358.9,7.0846,1.2131,-0.1036
359.0,6.9264,1.4596,0.0215
359.1,6.9823,1.4311,0.1097
359.2,6.8885,1.3795,0.2814
359.3,6.6493,1.3992,0.1742
359.4,6.6354,1.4783,0.1948
359.5,6.6414,1.4106,0.1718
359.6,6.7138,1.5461,0.1505
359.7,6.7716,1.5926,0.0938
359.8,6.7721,1.4458,0.0248
359.9,6.8093,1.496,-0.0329
